direct_adc,abdomen1_adc,abdomen2_adc,abdomen3_adc,abdomen4_adc
287,-89,133,220,325
266,-140,126,217,353
247,-188,120,212,375
237,-235,114,202,389
235,-280,104,185,394
236,-329,86,159,392
236,-382,60,126,387
236,-439,28,89,381
237,-494,-4,53,374
243,-541,-33,22,365
253,-576,-54,-1,352
264,-596,-65,-17,334
273,-605,-68,-26,315
278,-606,-63,-30,299
282,-604,-56,-28,290
285,-598,-48,-20,290
288,-590,-43,-8,295
288,-577,-41,6,300
284,-558,-39,15,296
277,-531,-37,14,277
275,-495,-34,1,240
283,-450,-31,-22,187
303,-397,-32,-48,125
328,-338,-39,-70,61
346,-279,-51,-85,0
349,-223,-65,-94,-50
338,-173,-78,-100,-88
321,-130,-85,-107,-113
314,-95,-89,-114,-128
327,-67,-89,-120,-135
358,-46,-87,-123,-137
398,-28,-86,-120,-136
432,-12,-85,-114,-136
450,6,-84,-107,-140
453,26,-84,-104,-149
449,45,-87,-106,-164
447,59,-97,-115,-186
452,63,-115,-129,-210
461,56,-137,-144,-234
465,42,-159,-156,-251
459,26,-175,-161,-260
447,17,-181,-156,-259
438,19,-179,-142,-251
441,28,-171,-123,-243
461,40,-163,-104,-237
488,46,-159,-90,-234
506,44,-158,-84,-233
500,34,-158,-84,-229
468,22,-158,-87,-220
422,13,-156,-89,-207
384,9,-152,-87,-191
370,10,-147,-81,-174
383,12,-143,-72,-159
413,12,-138,-60,-144
441,9,-130,-48,-128
452,6,-119,-34,-111
442,4,-105,-22,-96
418,5,-92,-11,-86
393,6,-84,-3,-83
376,6,-83,2,-83
370,3,-88,4,-84
372,-2,-95,5,-79
379,-8,-99,6,-70
388,-10,-97,9,-60
399,-6,-89,13,-54
406,0,-81,19,-56
403,7,-76,26,-66
385,10,-77,31,-77
355,9,-83,34,-84
322,5,-88,33,-82
300,3,-88,29,-74
300,7,-81,21,-64
319,17,-69,13,-59
346,29,-56,5,-62
363,38,-45,0,-71
361,41,-39,-4,-80
340,35,-35,-6,-85
313,25,-33,-6,-84
295,14,-30,-5,-80
298,6,-29,-2,-75
322,2,-31,2,-71
358,1,-38,8,-69
392,2,-47,13,-67
413,3,-56,15,-64
414,3,-59,13,-62
397,2,-57,9,-62
370,-2,-50,4,-65
343,-10,-43,1,-70
325,-19,-38,2,-72
322,-26,-36,6,-69
334,-26,-36,12,-63
354,-17,-37,16,-56
371,-1,-39,17,-53
379,14,-42,13,-54
374,22,-46,7,-59
362,22,-51,2,-63
351,13,-53,-2,-63
347,2,-49,-3,-60
352,-5,-40,-1,-55
360,-8,-29,1,-52
363,-7,-22,4,-52
355,-5,-22,8,-54
338,-4,-30,13,-54
320,-6,-41,19,-51
313,-8,-51,26,-44
321,-9,-55,31,-38
341,-9,-55,34,-36
359,-7,-53,32,-39
366,-4,-55,27,-47
354,-3,-62,21,-57
330,-2,-71,14,-63
303,-2,-80,10,-64
287,-1,-85,7,-59
287,0,-84,7,-49
306,2,-78,7,-38
337,4,-70,7,-30
372,7,-61,7,-25
403,12,-54,7,-24
420,16,-48,9,-25
417,19,-43,11,-24
392,21,-38,15,-19
352,21,-32,20,-9
310,21,-25,25,2
281,23,-17,29,12
273,27,-8,31,15
283,34,0,31,12
301,41,5,29,4
313,44,3,26,-3
315,44,-4,23,-7
310,42,-13,24,-4
311,41,-21,27,2
327,45,-24,33,9
357,53,-22,39,14
390,62,-18,41,15
412,65,-16,38,12
416,58,-19,33,7
406,41,-28,28,1
392,22,-41,27,-2
387,6,-53,31,-4
392,-1,-63,39,-2
400,1,-70,48,0
399,6,-74,52,3
379,5,-77,49,5
345,-3,-80,39,6
308,-18,-82,28,6
287,-32,-84,17,4
293,-41,-85,12,3
325,-41,-85,10,2
369,-37,-85,11,2
404,-33,-84,12,3
416,-34,-83,12,7
402,-40,-80,11,10
373,-47,-76,12,11
347,-52,-74,13,10
339,-55,-73,15,4
353,-57,-74,14,-4
380,-60,-77,10,-11
409,-65,-79,4,-15
426,-72,-80,-1,-14
427,-77,-81,-3,-12
415,-80,-84,-2,-11
395,-82,-92,0,-14
374,-87,-105,1,-20
357,-94,-121,2,-26
348,-102,-134,4,-24
347,-107,-140,10,-13
357,-106,-135,23,7
377,-97,-123,39,29
403,-86,-107,55,48
434,-75,-91,67,61
465,-68,-78,74,71
497,-64,-66,78,81
535,-60,-51,82,98
582,-51,-31,90,124
643,-36,-3,104,162
719,-15,31,125,210
807,11,68,151,265
904,39,105,181,322
1002,68,137,211,375
1094,95,160,236,412
1168,117,171,249,428
1213,128,166,247,417
1221,125,149,229,383
1190,107,122,199,336
1124,80,94,165,285
1034,50,67,133,237
931,20,44,106,192
821,-6,19,82,148
705,-32,-13,57,100
576,-60,-55,29,46
434,-92,-106,-2,-8
281,-124,-155,-31,-56
131,-152,-193,-52,-88
2,-171,-212,-61,-102
-86,-178,-211,-59,-99
-127,-175,-194,-49,-85
-122,-166,-171,-37,-67
-88,-157,-150,-27,-52
-45,-150,-136,-21,-40
-10,-149,-127,-17,-29
14,-149,-121,-13,-15
32,-148,-112,-4,4
59,-142,-101,11,26
105,-130,-87,31,46
170,-114,-74,51,62
242,-100,-65,67,71
305,-92,-60,74,75
343,-93,-58,73,76
354,-101,-55,64,79
348,-112,-49,52,81
341,-121,-39,39,82
347,-128,-27,30,79
365,-134,-20,27,72
387,-141,-19,28,66
398,-151,-26,34,64
389,-163,-38,41,69
366,-173,-49,47,80
343,-179,-55,50,92
337,-180,-55,50,101
356,-178,-50,47,105
392,-176,-44,45,105
428,-175,-43,46,107
449,-175,-45,52,114
446,-174,-48,62,124
425,-169,-48,71,135
398,-161,-43,78,144
378,-152,-32,80,148
369,-144,-19,80,148
369,-138,-7,79,147
374,-132,2,79,148
378,-125,7,78,152
384,-116,8,78,155
394,-106,6,76,155
408,-99,3,73,153
422,-100,-1,68,148
433,-110,-7,63,144
434,-126,-13,59,143
426,-143,-19,58,144
411,-157,-27,60,146
396,-164,-35,63,147
385,-168,-42,65,145
382,-171,-48,65,139
387,-177,-51,62,130
397,-187,-52,54,120
410,-199,-51,45,111
420,-207,-49,37,106
425,-211,-46,32,104
423,-209,-43,32,106
414,-203,-39,36,109
403,-196,-36,42,111
396,-192,-32,48,111
394,-191,-31,52,109
397,-192,-31,53,105
399,-194,-30,52,102
394,-197,-28,50,101
381,-199,-24,47,102
363,-200,-18,43,104
352,-200,-13,39,107
357,-199,-12,38,110
379,-196,-15,42,113
411,-190,-21,50,117
438,-180,-24,63,121
446,-169,-22,76,126
432,-157,-14,86,131
404,-147,-3,90,133
379,-139,9,89,132
372,-134,16,84,127
386,-130,18,81,120
414,-123,15,82,114
438,-114,11,87,112
445,-102,7,93,113
429,-90,5,97,117
400,-83,3,98,118
371,-81,1,94,115
356,-83,-3,90,108
359,-84,-8,87,100
376,-79,-11,89,93
400,-66,-10,95,91
418,-46,-5,103,94
426,-24,3,113,98
423,-6,9,121,101
411,4,10,127,101
393,7,5,129,98
374,8,-4,127,94
356,9,-13,122,90
343,14,-19,114,87
339,21,-20,106,84
342,26,-18,97,81
353,27,-15,89,78
366,23,-16,81,75
376,18,-20,74,72
380,14,-24,69,70
378,14,-26,68,66
378,20,-27,72,61
383,30,-26,80,53
398,42,-28,90,45
418,54,-32,100,37
435,65,-38,107,32
439,73,-43,109,29
428,77,-45,107,30
406,78,-44,102,33
385,77,-40,95,34
375,74,-37,87,31
381,70,-36,78,24
394,65,-35,71,13
406,59,-34,66,3
407,52,-31,64,-3
398,46,-26,65,-5
389,40,-22,67,-5
390,38,-22,70,-7
402,39,-25,72,-13
420,42,-31,72,-23
431,45,-37,71,-32
428,47,-37,70,-34
413,47,-31,67,-29
400,48,-20,63,-19
404,52,-10,58,-11
430,56,-4,51,-10
469,60,-4,45,-15
503,61,-10,41,-22
516,59,-17,39,-25
501,57,-21,39,-22
471,55,-21,39,-12
445,57,-17,38,-1
438,62,-12,36,8
453,66,-8,33,12
478,69,-7,30,12
496,70,-7,28,12
492,69,-7,28,12
468,71,-7,31,14
434,76,-6,34,17
411,85,-5,40,19
408,97,-4,45,18
428,109,0,50,16
458,118,5,51,12
483,123,14,50,7
494,123,23,45,3
490,119,31,39,2
479,112,36,34,3
471,104,37,32,4
474,96,34,31,1
488,90,27,30,-8
507,84,15,27,-22
523,77,-4,22,-38
528,68,-28,17,-50
519,59,-53,14,-51
500,53,-74,14,-43
474,52,-85,16,-29
453,57,-85,18,-18
444,65,-76,16,-15
452,72,-65,9,-21
476,75,-60,-3,-33
503,72,-64,-15,-44
522,65,-76,-22,-49
521,59,-92,-23,-48
502,56,-108,-17,-43
474,57,-119,-8,-40
452,60,-126,-1,-42
446,59,-129,3,-48
458,52,-131,1,-56
476,40,-130,-3,-61
490,27,-129,-6,-62
489,18,-125,-6,-59
473,16,-119,-2,-56
453,19,-112,3,-55
438,24,-106,9,-56
438,27,-100,12,-58
455,29,-95,14,-58
483,29,-89,16,-56
509,31,-83,17,-52
522,35,-79,17,-48
516,39,-80,16,-46
495,40,-85,14,-46
472,37,-95,11,-49
460,32,-105,9,-55
464,28,-114,7,-63
479,29,-118,7,-72
491,34,-118,7,-80
488,43,-115,8,-83
471,51,-109,11,-83
456,58,-99,17,-80
457,64,-87,24,-77
479,69,-72,30,-78
509,74,-58,30,-82
525,78,-50,24,-87
514,79,-51,12,-89
481,76,-59,-2,-87
449,71,-71,-13,-81
443,66,-82,-17,-74
465,62,-88,-13,-71
497,61,-89,-5,-73
511,62,-86,5,-78
492,63,-83,13,-82
449,63,-78,17,-84
412,61,-71,16,-81
404,59,-63,11,-76
426,57,-53,4,-71
457,55,-45,-5,-67
469,56,-41,-13,-64
449,58,-42,-15,-61
411,62,-45,-10,-56
383,66,-45,-1,-51
386,67,-42,11,-46
419,64,-36,19,-44
460,55,-30,19,-47
484,44,-28,14,-54
483,34,-35,7,-62
465,30,-48,2,-68
447,32,-67,3,-69
442,40,-85,8,-66
447,49,-97,14,-59
455,56,-101,17,-53
459,57,-98,15,-52
460,55,-91,10,-56
462,51,-85,7,-65
469,47,-84,8,-76
477,45,-91,12,-82
478,42,-101,17,-83
470,39,-110,19,-78
461,37,-114,18,-69
459,38,-109,13,-59
472,44,-97,7,-52
492,55,-83,4,-45
506,68,-75,5,-40
503,79,-76,9,-35
485,84,-86,15,-30
467,82,-101,20,-29
465,76,-114,22,-33
486,70,-118,21,-41
519,68,-111,17,-52
545,69,-98,10,-61
549,71,-82,2,-66
527,70,-72,-6,-65
492,63,-69,-12,-62
459,52,-72,-18,-59
442,40,-75,-20,-58
440,32,-76,-20,-58
445,31,-71,-17,-59
449,36,-62,-10,-56
447,45,-52,0,-48
441,55,-45,11,-37
436,62,-42,22,-27
436,66,-44,30,-20
441,66,-47,34,-19
448,66,-50,33,-22
452,67,-50,30,-29
450,70,-46,25,-34
442,77,-39,20,-38
430,85,-31,17,-37
419,94,-26,16,-34
414,101,-23,17,-27
419,106,-25,20,-19
432,110,-28,25,-10
446,115,-31,32,-2
454,121,-31,41,3
450,128,-28,49,4
438,132,-25,54,1
423,129,-23,52,-6
412,121,-24,43,-12
406,107,-28,30,-16
403,95,-29,17,-15
396,88,-25,10,-12
385,86,-13,9,-9
375,90,3,12,-8
371,93,17,14,-14
376,92,22,11,-24
387,85,16,2,-37
396,75,-1,-9,-47
400,66,-23,-18,-52
402,61,-44,-21,-51
408,61,-61,-20,-47
424,63,-72,-16,-44
445,64,-79,-14,-46
461,62,-86,-16,-52
457,56,-93,-22,-60
430,48,-100,-31,-65
388,40,-104,-40,-65
346,34,-106,-48,-61
320,31,-103,-54,-56
317,31,-97,-56,-53
334,33,-89,-55,-51
363,35,-79,-49,-49
390,37,-70,-40,-46
406,37,-61,-31,-41
405,37,-56,-22,-35
385,36,-52,-15,-32
352,35,-50,-11,-34
318,34,-49,-10,-40
298,33,-47,-12,-48
302,30,-46,-17,-56
332,26,-45,-27,-62
378,22,-46,-38,-65
422,20,-48,-48,-65
447,25,-50,-51,-64
449,35,-50,-47,-59
435,47,-47,-36,-52
420,58,-41,-25,-42
414,63,-33,-17,-32
420,60,-25,-16,-23
432,53,-19,-20,-20
441,46,-15,-24,-23
445,42,-13,-27,-31
448,41,-11,-28,-39
455,43,-11,-29,-45
466,42,-11,-33,-47
476,38,-13,-38,-44
474,33,-18,-43,-40
458,28,-23,-43,-37
434,28,-27,-38,-36
416,33,-27,-28,-37
415,41,-24,-20,-39
434,49,-19,-17,-39
456,55,-15,-19,-37
464,59,-15,-25,-32
446,60,-19,-29,-27
406,60,-23,-28,-23
364,60,-23,-22,-21
342,61,-18,-15,-19
348,63,-7,-11,-17
373,63,5,-13,-14
396,62,10,-21,-13
400,56,7,-33,-13
378,44,-7,-48,-18
340,29,-24,-62,-26
304,13,-38,-74,-38
287,2,-43,-83,-49
294,0,-40,-85,-56
320,5,-31,-81,-59
351,15,-25,-74,-57
374,25,-26,-65,-53
380,31,-34,-59,-49
368,33,-45,-57,-46
343,33,-53,-56,-45
317,34,-56,-55,-44
299,36,-54,-52,-45
297,37,-52,-46,-45
305,34,-56,-41,-47
313,27,-64,-40,-48
308,18,-75,-42,-49
286,11,-80,-46,-47
253,10,-75,-48,-41
228,15,-59,-45,-31
226,25,-37,-38,-20
251,35,-14,-30,-11
289,44,4,-23,-4
319,50,13,-19,0
324,56,14,-16,3
302,63,11,-12,8
265,72,8,-6,16
235,84,9,-1,24
225,95,12,0,28
239,101,16,-5,23
264,100,17,-16,10
284,90,14,-28,-9
285,74,9,-35,-26
266,58,3,-36,-35
239,45,0,-32,-34
215,39,0,-27,-26
207,38,2,-25,-16
214,40,1,-28,-8
231,39,-5,-32,-7
247,34,-15,-35,-12
257,25,-29,-33,-21
258,16,-43,-29,-30
255,10,-55,-26,-37
252,7,-67,-27,-42
249,5,-77,-33,-44
243,2,-85,-42,-45
230,-5,-91,-51,-44
211,-12,-91,-56,-42
194,-19,-87,-58,-40
190,-20,-81,-57,-38
203,-17,-75,-56,-38
229,-11,-72,-57,-38
252,-5,-75,-59,-40
257,-2,-82,-64,-42
239,-4,-91,-70,-44
205,-10,-100,-78,-44
174,-18,-106,-85,-44
161,-25,-109,-91,-42
170,-29,-108,-93,-38
192,-30,-102,-89,-32
212,-27,-94,-81,-27
220,-21,-86,-70,-23
213,-13,-81,-62,-24
202,-8,-80,-58,-30
194,-8,-82,-60,-39
195,-11,-83,-65,-49
198,-16,-83,-72,-56
197,-20,-80,-76,-58
185,-19,-75,-75,-54
164,-15,-71,-71,-47
142,-8,-70,-64,-39
129,-3,-70,-57,-33
127,-1,-71,-53,-30
134,-2,-70,-52,-28
142,-3,-67,-55,-28
145,-3,-63,-59,-27
143,0,-59,-61,-26
137,3,-57,-60,-23
131,7,-55,-54,-20
128,9,-53,-47,-18
128,10,-52,-40,-16
131,12,-52,-36,-15
135,15,-54,-36,-15
138,19,-59,-39,-16
139,21,-65,-43,-16
139,23,-69,-46,-16
140,24,-69,-47,-16
145,24,-65,-45,-16
151,25,-62,-44,-18
154,27,-61,-42,-20
148,28,-66,-42,-22
132,29,-73,-41,-21
110,29,-78,-40,-16
93,30,-79,-37,-10
88,33,-74,-34,-5
101,36,-67,-30,-4
124,39,-62,-24,-8
144,40,-62,-18,-15
149,36,-63,-13,-21
137,29,-64,-10,-23
115,21,-62,-11,-21
98,16,-56,-17,-16
95,15,-49,-24,-12
106,19,-42,-31,-10
122,27,-37,-33,-13
134,35,-34,-30,-19
137,40,-32,-27,-29
132,40,-32,-28,-41
125,34,-38,-35,-54
118,23,-50,-50,-67
112,10,-67,-68,-78
105,-1,-85,-83,-85
95,-6,-96,-88,-85
90,-4,-97,-84,-79
95,4,-87,-71,-69
117,14,-69,-56,-58
155,23,-51,-45,-48
207,29,-37,-38,-39
264,34,-26,-35,-28
324,40,-16,-28,-9
385,51,0,-10,24
449,70,28,23,74
518,99,68,68,138
595,134,116,118,207
677,172,162,161,265
762,204,195,188,300
840,224,206,192,306
902,225,196,177,285
934,208,169,150,248
929,179,135,119,207
885,146,104,91,167
810,118,80,68,131
713,101,62,47,94
602,92,45,25,52
482,84,26,-1,5
354,71,3,-29,-45
217,50,-22,-59,-92
75,22,-45,-86,-131
-63,-6,-64,-108,-159
-189,-27,-76,-121,-174
-292,-37,-81,-123,-177
-366,-34,-79,-115,-166
-406,-23,-69,-97,-144
-409,-6,-53,-72,-114
-381,12,-32,-45,-84
-329,32,-11,-20,-58
-267,52,8,0,-38
-207,71,22,15,-24
-157,88,30,26,-12
-116,99,34,34,-1
-77,103,34,37,8
-34,100,30,37,12
13,91,22,33,9
56,83,12,27,1
85,81,3,24,-7
94,89,0,29,-8
90,107,6,45,1
84,132,21,69,19
89,158,41,98,40
105,178,59,124,58
125,189,74,145,72
137,192,85,160,86
136,191,95,171,103
123,189,106,180,126
106,186,117,189,151
91,180,127,197,176
81,166,130,203,197
71,140,126,206,216
57,102,116,207,235
40,55,105,208,260
25,7,98,210,291
22,-40,96,214,323
36,-84,96,218,352
60,-125,95,218,375
85,-167,88,214,392
98,-211,76,203,407
92,-257,61,189,424
72,-305,44,171,440
47,-353,26,152,453
29,-402,5,131,457
24,-449,-23,108,448
34,-496,-56,79,430
51,-539,-92,47,405
68,-576,-124,14,381
79,-604,-147,-17,363
81,-621,-157,-39,351
73,-627,-157,-49,346
59,-623,-150,-47,342
44,-612,-143,-36,337
33,-598,-141,-22,325
31,-581,-145,-13,303
37,-562,-154,-14,270
48,-539,-165,-27,228
58,-511,-173,-48,180
61,-474,-177,-73,131
55,-428,-178,-97,80
46,-374,-176,-119,28
39,-316,-174,-138,-28
41,-257,-173,-156,-85
51,-203,-174,-173,-139
66,-157,-176,-188,-183
82,-122,-176,-198,-209
96,-98,-175,-201,-218
109,-81,-172,-199,-215
124,-69,-167,-193,-207
141,-59,-163,-188,-206
152,-49,-161,-187,-213
151,-39,-162,-191,-228
134,-31,-168,-199,-246
109,-24,-177,-208,-261
90,-21,-186,-215,-271
89,-20,-193,-220,-275
111,-23,-197,-220,-276
145,-25,-196,-218,-275
174,-27,-192,-214,-273
182,-27,-189,-208,-272
168,-24,-187,-202,-269
140,-19,-187,-193,-264
112,-12,-187,-182,-254
97,-7,-183,-166,-240
93,-2,-175,-147,-221
96,1,-163,-127,-202
99,3,-149,-109,-186
99,6,-136,-95,-175
98,10,-124,-86,-167
99,13,-114,-79,-160
98,16,-105,-72,-151
93,18,-95,-63,-138
78,18,-88,-53,-122
55,18,-84,-44,-104
34,20,-85,-37,-87
23,25,-89,-31,-71
24,33,-92,-24,-57
32,42,-91,-15,-45
36,50,-86,-3,-36
31,54,-78,8,-30
18,54,-72,12,-29
8,50,-71,6,-32
15,45,-76,-10,-38
41,40,-84,-31,-45
79,35,-92,-52,-51
112,30,-96,-67,-55
126,26,-96,-73,-56
115,23,-94,-72,-55
87,23,-91,-66,-52
56,25,-88,-57,-47
38,29,-87,-47,-43
39,33,-86,-38,-41
55,34,-87,-31,-41
76,32,-90,-28,-40
91,27,-95,-27,-38
92,22,-102,-28,-31
82,20,-106,-28,-21
69,24,-105,-25,-11
62,32,-96,-19,-2
67,45,-81,-8,3
82,59,-64,3,6
99,71,-50,13,9
110,81,-40,20,13
111,87,-35,25,20
102,89,-33,28,26
92,89,-30,28,30
85,86,-26,26,29
83,81,-21,20,22
81,75,-17,11,12
72,66,-18,-1,-1
54,56,-26,-11,-15
32,44,-38,-17,-27
17,31,-54,-18,-36
14,18,-70,-16,-41
25,7,-81,-13,-42
39,1,-87,-9,-38
48,1,-86,-7,-29
45,6,-80,-4,-20
39,13,-72,0,-13
41,18,-66,3,-11
59,18,-64,7,-14
88,14,-67,9,-21
116,8,-72,9,-28
124,4,-77,9,-33
108,3,-81,7,-36
73,6,-84,4,-37
38,9,-85,0,-37
23,8,-86,-5,-36
32,4,-86,-12,-35
61,-3,-84,-18,-30
95,-7,-79,-21,-22
118,-5,-71,-20,-10
123,4,-62,-15,2
115,17,-53,-8,10
100,30,-46,-2,11
86,37,-39,-1,7
77,38,-33,-5,-1
74,33,-28,-11,-7
75,26,-25,-17,-10
79,20,-25,-20,-7
86,18,-27,-19,-3
93,18,-30,-13,3
97,20,-34,-6,6
95,22,-36,0,7
83,22,-39,3,5
62,20,-43,4,3
37,16,-48,3,1
15,13,-55,3,1
1,13,-59,3,4
-1,15,-59,4,7
7,19,-55,5,9
21,19,-49,5,8
36,14,-45,4,5
49,2,-47,1,0
56,-12,-54,-4,-5
55,-25,-63,-12,-8
44,-29,-68,-20,-9
27,-25,-66,-25,-9
9,-14,-58,-26,-8
2,-2,-49,-21,-9
11,3,-45,-13,-12
35,-2,-51,-7,-19
61,-16,-64,-6,-26
73,-32,-78,-10,-31
62,-45,-87,-16,-32
30,-50,-85,-21,-27
-8,-49,-75,-21,-18
-34,-45,-64,-19,-10
-37,-42,-57,-19,-7
-23,-44,-58,-22,-9
-7,-50,-65,-28,-16
-5,-58,-71,-34,-21
-22,-64,-69,-33,-18
-50,-66,-57,-23,-6
-74,-62,-38,-9,10
-84,-55,-20,3,24
-78,-48,-10,8,30
-66,-44,-10,3,27
-56,-45,-19,-8,20
-50,-52,-29,-17,15
-44,-63,-34,-20,17
-32,-71,-30,-15,24
-13,-75,-20,-6,35
5,-72,-9,1,44
14,-65,-5,3,48
9,-58,-11,1,50
-7,-57,-25,-4,53
-24,-63,-42,-7,56
-35,-74,-55,-9,59
-36,-87,-59,-10,60
-35,-97,-54,-12,57
-40,-100,-44,-16,52
-56,-99,-32,-18,47
-80,-94,-24,-15,46
-101,-89,-21,-7,49
-110,-87,-22,7,54
-103,-89,-26,22,57
-86,-92,-31,33,59
-69,-94,-35,38,61
-63,-95,-37,38,65
-68,-92,-37,36,73
-79,-88,-35,35,81
-84,-85,-33,35,88
-79,-86,-31,34,88
-65,-93,-31,28,83
-53,-105,-34,19,76
-55,-118,-38,7,70
-74,-126,-40,0,70
-102,-126,-37,1,79
-125,-118,-27,13,93
-131,-105,-12,32,110
-118,-91,6,54,125
-93,-81,21,70,136
-69,-76,28,78,144
-57,-77,25,76,149
-57,-79,16,69,151
-64,-82,3,60,151
-69,-85,-9,50,147
-69,-91,-19,40,137
-65,-102,-28,27,123
-62,-117,-36,13,109
-64,-136,-44,-1,100
-70,-155,-52,-10,98
-74,-168,-55,-13,105
-72,-175,-53,-8,113
-64,-176,-47,0,120
-53,-174,-38,10,120
-48,-173,-31,18,116
-51,-172,-28,25,113
-56,-172,-30,32,113
-55,-173,-35,38,117
-42,-174,-40,41,121
-17,-177,-43,37,122
8,-184,-46,28,116
19,-193,-48,14,108
7,-203,-49,3,103
-21,-209,-50,0,105
-47,-209,-49,8,114
-55,-206,-47,23,125
-39,-204,-45,39,133
-10,-205,-45,51,135
12,-212,-48,56,132
11,-221,-55,54,130
-13,-226,-64,50,130
-42,-225,-71,47,134
-57,-218,-77,46,137
-44,-208,-81,44,135
-10,-201,-84,38,126
25,-201,-88,29,115
39,-206,-91,17,108
22,-213,-89,6,108
-19,-218,-79,2,118
-62,-218,-61,4,132
-88,-214,-37,12,143
-87,-210,-14,19,147
-66,-208,3,21,144
-42,-211,9,16,136
-32,-219,5,7,129
-44,-228,-4,-2,127
-70,-235,-11,-6,130
-90,-236,-14,-4,136
-90,-230,-13,2,140
-65,-222,-13,11,140
-27,-216,-16,16,137
5,-215,-23,18,133
14,-218,-31,18,132
-2,-224,-34,16,133
-30,-228,-32,17,136
-50,-227,-23,19,139
-47,-220,-14,22,139
-23,-210,-9,23,137
8,-200,-9,22,133
27,-191,-13,18,129
23,-183,-17,16,128
3,-176,-18,17,129
-18,-170,-14,24,131
-25,-165,-9,33,135
-10,-164,-6,42,137
18,-164,-6,47,136
45,-164,-9,48,131
60,-160,-12,46,124
61,-149,-12,45,115
54,-135,-11,44,106
45,-121,-9,45,100
39,-110,-8,45,97
33,-106,-9,43,97
20,-105,-8,40,99
0,-104,-5,37,101
-25,-98,1,36,100
-45,-88,10,36,97
-51,-75,16,38,92
-39,-65,18,39,88
-13,-60,14,39,86
17,-61,8,39,88
41,-65,3,40,93
50,-66,3,44,97
42,-62,10,49,99
23,-53,23,53,97
2,-41,39,54,94
-11,-27,56,54,93
-12,-13,72,54,95
-3,1,86,57,100
8,15,99,61,106
14,28,110,67,108
10,39,117,71,104
-2,47,117,70,94
-17,50,109,64,81
-27,48,94,54,69
-31,42,75,43,59
-31,33,56,36,53
-35,24,42,33,47
-45,17,33,37,39
-57,14,31,44,30
-64,17,31,51,23
-59,24,32,56,17
-41,35,29,54,15
-21,44,22,45,15
-12,49,10,31,15
-24,47,-4,17,14
-54,40,-16,9,12
-91,31,-26,10,11
-121,24,-30,18,11
-136,20,-29,32,12
-137,19,-27,43,10
-132,22,-23,49,6
-127,26,-20,49,2
-125,32,-17,46,-1
-122,40,-11,44,3
-115,49,-3,47,12
-106,61,7,54,23
-99,73,16,62,31
-100,84,22,68,32
-110,90,23,67,25
-125,91,18,59,14
-139,86,9,46,1
-148,73,-6,32,-10
-154,56,-23,19,-17
-159,37,-41,11,-23
-165,21,-56,8,-30
-170,11,-65,6,-37
-168,8,-63,5,-46
-156,11,-52,0,-54
-136,16,-35,-8,-62
-114,19,-17,-18,-67
-102,19,-4,-24,-69
-106,15,0,-25,-69
-125,11,-4,-20,-66
-151,9,-14,-10,-60
-170,10,-22,1,-51
-170,15,-24,9,-39
-150,22,-17,12,-27
-116,31,-5,10,-17
-83,40,9,5,-11
-67,44,18,-2,-12
-74,44,20,-10,-20
-103,39,17,-18,-32
-141,29,11,-26,-46
-172,18,4,-33,-58
-187,8,-3,-37,-66
-184,0,-13,-38,-67
-171,-4,-26,-36,-62
-158,-5,-39,-29,-53
-151,-4,-48,-20,-43
-151,2,-48,-11,-32
-152,10,-37,-3,-25
-151,20,-20,-1,-21
-144,30,-6,-4,-21
-136,35,0,-11,-22
-130,36,-5,-18,-22
-129,34,-15,-21,-17
-131,33,-21,-19,-9
-131,36,-19,-12,2
-124,43,-6,-4,14
-111,54,12,0,23
-98,63,28,0,26
-90,67,36,-3,25
-91,66,36,-6,18
-102,62,30,-8,9
-116,58,24,-6,1
-127,58,22,-5,-4
-132,62,26,-4,-4
-132,68,35,-6,0
-130,74,47,-9,6
-125,78,58,-10,10
-117,79,65,-7,11
-106,77,66,-1,6
-94,73,60,6,-1
-86,68,50,10,-8
-89,64,40,9,-13
-102,60,35,3,-13
-118,57,36,-3,-10
-127,56,42,-5,-5
-122,56,50,-2,1
-105,58,56,6,5
-89,60,58,16,9
-87,63,57,23,13
-103,67,56,23,16
-127,70,57,16,19
-143,73,60,6,19
-138,74,64,-4,17
-112,72,67,-10,12
-80,69,69,-12,6
-61,66,72,-10,2
-65,65,78,-8,2
-91,66,89,-6,8
-123,70,104,-6,17
-144,74,117,-4,27
-146,77,124,-1,32
-134,77,119,2,29
-121,75,105,1,18
-121,69,85,-4,4
-136,62,66,-13,-10
-159,54,53,-24,-18
-176,47,49,-32,-20
-175,41,51,-35,-18
-153,39,56,-34,-19
-121,39,59,-31,-25
-100,42,60,-31,-37
-102,43,60,-35,-51
-131,41,60,-40,-62
-172,36,61,-45,-65
-204,29,63,-46,-61
-205,23,65,-43,-52
-172,22,66,-38,-42
-118,26,66,-33,-33
-67,34,66,-29,-23
-35,44,68,-24,-12
-26,53,72,-17,3
-23,61,78,-6,25
-1,72,88,10,54
60,89,105,32,92
159,116,133,61,140
281,151,175,95,196
404,192,228,133,255
509,233,281,170,309
593,269,323,199,346
661,295,341,216,361
717,307,330,216,350
758,305,296,202,320
775,290,250,177,279
752,263,205,148,235
683,231,167,118,193
574,197,135,90,152
439,165,104,64,108
296,136,66,36,56
159,110,18,5,-4
31,83,-37,-29,-68
-93,56,-90,-66,-127
-216,29,-132,-100,-172
-336,5,-157,-126,-197
-445,-14,-164,-138,-202
-531,-25,-155,-134,-191
-583,-27,-138,-118,-174
-600,-21,-118,-94,-156
-582,-10,-101,-70,-143
-538,6,-88,-50,-131
-474,24,-78,-36,-120
-401,39,-71,-28,-107
-328,49,-63,-24,-92
-263,52,-55,-23,-80
-216,48,-46,-26,-72
-187,42,-41,-30,-68
-173,36,-38,-35,-67
-166,33,-38,-37,-65
-157,34,-38,-36,-61
-142,39,-37,-32,-56
-119,45,-34,-27,-53
-93,50,-28,-26,-53
-70,54,-21,-28,-56
-53,55,-14,-34,-62
-44,53,-9,-39,-67
-42,50,-7,-41,-69
-45,46,-9,-40,-70
-52,43,-14,-37,-69
-61,42,-21,-35,-67
-71,43,-28,-36,-64
-80,45,-32,-38,-59
-88,46,-32,-40,-54
-96,45,-26,-41,-49
-105,44,-15,-40,-46
-115,44,-1,-37,-45
-125,47,15,-32,-47
-131,54,29,-27,-49
-128,61,40,-22,-50
-117,67,46,-19,-50
-99,70,45,-17,-49
-83,69,38,-16,-50
-73,65,27,-16,-52
-73,61,16,-16,-55
-80,58,7,-19,-57
-90,55,3,-24,-57
-97,53,4,-31,-54
-98,50,6,-40,-51
-94,47,8,-48,-50
-88,44,8,-53,-54
-83,39,6,-55,-62
-80,33,3,-53,-70
-79,27,1,-50,-76
-79,23,2,-48,-76
-81,22,5,-47,-73
-87,22,8,-47,-71
-97,22,7,-49,-73
-105,19,1,-53,-80
-105,14,-9,-59,-90
-92,7,-20,-66,-98
-67,0,-27,-72,-99
-40,-1,-27,-74,-92
-23,3,-19,-69,-78
-26,13,-6,-58,-63
-48,26,7,-46,-52
-76,37,16,-35,-48
-95,44,19,-31,-52
-97,44,16,-33,-61
-84,40,10,-38,-70
-67,32,5,-42,-75
-56,25,3,-43,-75
-57,21,4,-38,-71
-63,19,7,-29,-66
-67,19,8,-19,-64
-64,19,4,-11,-66
-57,18,-6,-5,-71
-52,14,-22,-4,-78
-54,9,-41,-6,-82
-58,4,-60,-10,-81
-59,-1,-75,-16,-76
-51,-3,-83,-22,-68
-34,0,-83,-25,-61
-19,6,-77,-26,-56
-14,17,-67,-23,-53
-24,31,-54,-19,-50
-43,44,-42,-15,-47
-63,55,-35,-12,-44
-76,61,-36,-12,-41
-83,63,-45,-13,-40
-87,65,-58,-14,-40
-94,69,-69,-13,-41
-100,75,-71,-8,-40
-101,83,-61,-2,-37
-90,88,-45,2,-33
-67,87,-29,2,-32
-37,80,-22,-6,-38
-13,67,-27,-19,-51
-4,53,-42,-33,-68
-12,41,-60,-45,-83
-33,32,-73,-51,-91
-59,27,-77,-52,-89
-81,23,-72,-50,-78
-93,21,-63,-50,-63
-93,19,-53,-51,-50
-80,19,-44,-52,-42
-60,20,-39,-52,-42
-41,21,-36,-47,-45
-32,23,-35,-40,-48
-37,25,-36,-31,-49
-55,27,-39,-25,-46
-78,30,-41,-22,-41
-95,32,-43,-21,-38
-99,34,-44,-19,-38
-91,34,-45,-15,-40
-78,32,-46,-8,-42
-67,30,-49,-2,-41
-59,30,-54,0,-37
-53,33,-58,-3,-31
-46,37,-62,-10,-27
-38,39,-63,-19,-26
-37,39,-63,-25,-29
-46,34,-64,-30,-33
-66,28,-66,-32,-33
-86,23,-68,-35,-28
-96,22,-69,-38,-19
-88,26,-67,-40,-11
-66,33,-61,-41,-8
-43,38,-53,-39,-12
-32,39,-46,-36,-19
-38,36,-41,-33,-26
-53,32,-38,-31,-26
-66,30,-35,-28,-20
-66,32,-29,-23,-10
-52,39,-20,-14,-1
-31,46,-9,-2,1
-14,50,0,9,-4
-9,51,6,16,-12
-18,48,7,16,-18
-37,45,5,12,-19
-59,44,4,6,-15
-76,46,3,3,-9
-81,50,3,4,-4
-72,52,3,8,-3
-54,53,0,12,-5
-35,53,-5,14,-8
-28,52,-11,14,-9
-40,53,-15,14,-8
-66,54,-16,13,-6
-98,55,-14,12,-6
-120,54,-10,8,-10
-124,51,-8,2,-17
-112,47,-9,-4,-25
-94,43,-14,-6,-30
-82,42,-22,0,-28
-82,42,-30,12,-20
-92,43,-35,28,-6
-104,46,-36,41,10
-111,50,-32,46,22
-107,55,-27,43,27
-97,61,-23,35,24
-86,65,-23,27,17
-83,65,-26,21,11
-90,63,-31,19,8
-106,58,-34,22,11
-125,57,-34,27,17
-136,59,-31,34,22
-133,64,-28,39,22
-115,70,-26,43,18
-89,71,-27,44,11
-67,67,-28,41,6
-59,59,-28,36,6
-64,50,-27,30,9
-76,45,-24,27,12
-83,44,-21,26,14
-79,45,-20,27,13
-70,46,-20,29,10
-69,44,-20,31,11
-84,43,-20,32,17
-114,43,-19,33,27
-144,46,-18,33,38
-158,53,-20,30,45
-148,59,-25,25,43
-119,62,-30,17,32
-89,61,-33,8,17
-72,56,-33,0,4
-72,49,-31,-3,-3
-80,43,-30,-2,-3
-83,37,-32,2,1
-75,33,-38,7,4
-63,30,-47,10,0
-61,27,-55,10,-10
-80,25,-59,6,-24
-116,24,-56,2,-34
-157,25,-46,-1,-36
-185,28,-34,-1,-27
-191,35,-20,5,-9
-175,46,-8,15,13
-147,60,1,28,34
-120,76,9,41,50
-101,90,16,50,59
-93,101,22,50,58
-98,107,27,43,50
-112,108,28,27,35
-132,101,24,7,16
-151,87,15,-13,-4
-165,67,3,-31,-21
-171,45,-9,-43,-33
-171,26,-16,-47,-38
-166,15,-17,-44,-40
-162,13,-15,-37,-43
-157,18,-13,-29,-48
-147,22,-17,-26,-54
-128,22,-27,-27,-60
-101,16,-39,-31,-62
-71,8,-49,-34,-59
-49,2,-50,-32,-53
-42,3,-42,-25,-45
-49,9,-29,-14,-40
-64,16,-16,-6,-36
-75,20,-10,-5,-34
-79,18,-13,-14,-32
-77,11,-21,-30,-30
-73,4,-29,-48,-28
-75,-3,-35,-62,-27
-85,-6,-36,-65,-26
-97,-6,-35,-57,-25
-105,-2,-36,-41,-24
-103,5,-40,-23,-24
-89,13,-49,-8,-28
-69,20,-60,0,-37
-49,25,-69,1,-49
-35,25,-76,-1,-59
-33,20,-78,-3,-63
-43,14,-77,-1,-61
-62,8,-74,1,-53
-86,6,-69,1,-46
-110,6,-63,-5,-42
-130,6,-56,-16,-44
-139,5,-49,-30,-48
-135,2,-42,-42,-52
-120,0,-38,-48,-50
-98,1,-37,-48,-44
-77,6,-38,-48,-38
-66,12,-41,-50,-33
-67,18,-42,-58,-33
-79,21,-40,-68,-36
-92,21,-37,-75,-38
-98,21,-34,-74,-38
-94,21,-32,-65,-33
-81,25,-32,-50,-27
-67,32,-32,-37,-22
-58,38,-30,-31,-21
-58,43,-25,-33,-25
-64,44,-15,-42,-32
-74,42,-5,-53,-40
-87,39,2,-63,-48
-99,34,3,-69,-55
-109,28,-4,-73,-60
-113,23,-17,-74,-62
-107,17,-32,-73,-62
-92,13,-46,-69,-58
-69,12,-56,-62,-52
-46,12,-61,-51,-45
-27,13,-62,-41,-42
-15,12,-61,-33,-43
-8,10,-57,-29,-47
-5,7,-53,-29,-51
-8,5,-46,-30,-52
-19,6,-37,-30,-47
-38,10,-26,-29,-39
-61,14,-16,-27,-31
-78,17,-10,-25,-26
-80,17,-9,-23,-26
-65,17,-14,-20,-31
-44,17,-21,-15,-37
-29,20,-27,-8,-40
-31,25,-30,0,-40
-51,30,-30,6,-36
-79,32,-27,8,-30
-100,33,-22,7,-24
-104,34,-17,1,-20
-90,36,-11,-5,-17
-67,40,-4,-12,-17
-46,44,1,-16,-19
-34,45,4,-16,-23
-32,43,4,-10,-30
-38,40,2,0,-36
-46,40,0,13,-41
-49,45,0,27,-43
-45,55,2,38,-42
-33,69,5,48,-38
-19,84,10,57,-32
-5,98,16,70,-24
3,113,25,88,-13
4,133,39,111,4
0,158,57,137,26
-4,187,77,161,54
-5,215,98,181,84
-3,238,118,197,112
-1,250,135,208,136
-1,251,151,217,153
-5,241,166,224,167
-10,224,179,227,178
-12,203,185,227,190
-10,177,183,224,204
-4,147,173,218,219
1,112,157,214,234
1,70,140,212,251
-4,24,128,212,269
-14,-26,122,211,290
-23,-77,118,208,314
-29,-124,115,200,338
-30,-166,107,188,362
-28,-203,95,173,382
-26,-238,80,157,398
-27,-277,61,141,407
-28,-321,39,121,409
-30,-373,13,97,400
-31,-428,-18,66,382
-32,-482,-54,32,355
-33,-528,-90,-2,324
-37,-562,-122,-30,295
-44,-583,-145,-48,275
-52,-593,-157,-56,267
-59,-596,-159,-55,269
-62,-597,-156,-50,275
-62,-596,-152,-44,278
-61,-592,-152,-41,270
-60,-582,-155,-43,249
-60,-564,-162,-51,215
-60,-538,-170,-65,170
-56,-503,-178,-84,119
-46,-463,-186,-109,64
-33,-420,-195,-137,6
-23,-373,-205,-167,-54
-23,-326,-215,-198,-112
-39,-279,-223,-227,-166
-66,-233,-227,-250,-211
-97,-192,-226,-265,-245
-117,-158,-220,-271,-266
-118,-130,-210,-269,-275
-98,-108,-198,-262,-277
-67,-92,-186,-252,-274
-39,-79,-172,-242,-271
-25,-67,-158,-232,-268
-30,-55,-144,-225,-267
-46,-43,-131,-221,-268
-62,-33,-121,-221,-271
-69,-26,-118,-226,-276
-67,-23,-120,-234,-280
-62,-23,-127,-242,-283
-62,-25,-133,-245,-284
-67,-27,-134,-243,-282
-74,-27,-126,-235,-278
-74,-27,-111,-222,-270
-63,-26,-91,-207,-259
-47,-24,-72,-190,-244
-35,-21,-59,-170,-226
-36,-15,-51,-146,-208
-51,-6,-47,-122,-191
-69,6,-42,-100,-176
-79,17,-32,-84,-163
-75,25,-17,-75,-149
-61,29,2,-72,-132
-48,29,19,-70,-112
-48,28,33,-65,-91
-66,29,41,-58,-72
-95,32,43,-52,-61
-125,34,42,-48,-58
-146,33,39,-50,-60
-156,29,36,-54,-64
-155,22,33,-58,-66
-149,16,30,-58,-64
-140,14,27,-54,-60
-128,16,22,-48,-57
-113,19,17,-46,-55
-97,22,13,-49,-55
-86,22,12,-55,-54
-86,18,13,-62,-50
-96,14,18,-67,-44
-115,10,24,-68,-38
-133,7,30,-67,-34
-143,3,35,-66,-35
-143,0,40,-65,-37
-134,-4,45,-64,-38
-121,-6,53,-60,-34
-110,-4,63,-53,-25
-101,1,75,-41,-13
-93,9,87,-30,-4
-84,17,97,-20,-1
-76,22,103,-15,-3
-72,21,104,-14,-9
-80,15,103,-13,-15
-99,8,101,-9,-17
-125,3,99,-3,-15
-148,4,99,5,-12
-158,11,98,11,-10
-154,21,98,13,-12
-139,28,96,12,-15
-123,28,92,8,-19
-113,21,88,4,-21
-110,9,85,3,-20
-110,-3,83,4,-16
-105,-11,84,6,-10
-96,-11,87,9,-3
-88,-2,93,13,5
-86,11,101,17,12
-93,25,111,23,20
-106,38,121,31,28
-117,47,133,37,38
-119,55,144,41,50
-109,61,154,42,63
-94,67,160,42,73
-82,72,162,40,77
-80,74,157,39,74
-89,72,146,36,65
-103,64,130,32,54
-112,53,116,25,44
-110,42,108,17,37
-95,36,109,11,33
-74,34,118,7,28
-55,34,131,6,23
-49,34,139,5,18
-61,31,139,4,16
-87,24,130,0,19
-118,17,118,-4,27
-142,11,107,-7,35
-150,9,103,-6,41
-140,10,103,-3,42
-116,10,106,1,39
-87,8,109,4,37
-61,4,109,5,36
-45,0,108,6,36
-42,-4,108,7,36
-55,-6,108,7,34
-83,-9,107,6,29
-120,-16,102,3,24
-154,-26,94,-4,19
-171,-38,87,-14,15
-163,-49,84,-23,11
-134,-54,87,-30,7
-100,-54,95,-34,4
-79,-49,105,-32,5
-80,-42,113,-25,14
-94,-34,121,-10,29
-102,-23,131,9,50
-86,-10,143,30,72
-40,5,158,47,90
26,20,173,59,105
93,33,185,67,123
150,44,194,80,150
198,58,207,104,191
251,77,230,140,246
324,105,266,184,307
418,138,309,222,361
523,169,347,243,397
617,187,369,242,410
680,188,367,225,399
704,175,343,200,373
691,154,308,179,340
648,134,274,162,304
586,118,245,147,265
506,104,220,124,220
407,87,192,89,167
287,62,156,47,109
145,30,112,5,52
-13,-3,67,-26,4
-175,-29,31,-41,-30
-323,-46,8,-42,-51
-438,-55,-1,-37,-63
-510,-62,-2,-34,-72
-539,-70,-1,-37,-78
-537,-80,-1,-43,-79
-520,-91,0,-48,-72
-501,-95,5,-47,-54
-487,-90,17,-38,-28
-474,-77,35,-22,0
-454,-60,53,-3,25
-420,-45,66,15,42
-370,-36,71,28,55
-307,-33,68,36,65
-240,-34,60,40,74
-178,-37,53,40,83
-129,-41,48,37,88
-98,-45,44,34,90
-86,-51,43,33,87
-87,-57,45,36,86
-94,-60,52,42,88
-97,-58,64,51,94
-93,-52,78,58,102
-84,-45,88,61,108
-76,-41,90,59,111
-75,-42,83,54,112
-83,-49,71,49,114
-97,-57,62,46,121
-110,-63,60,46,129
-116,-66,65,47,136
-110,-68,74,46,137
-96,-71,79,42,132
-77,-78,77,37,125
-61,-86,69,35,120
-55,-93,59,39,124
-61,-94,53,47,135
-79,-87,51,59,148
-102,-76,53,69,157
-120,-62,53,76,156
-125,-52,49,77,146
-111,-47,41,73,133
-85,-49,34,64,122
-56,-55,31,52,118
-34,-63,32,38,119
-26,-71,35,27,124
-32,-77,36,21,128
-45,-83,34,21,131
-59,-89,28,26,131
-68,-95,23,34,130
-70,-102,22,42,131
-65,-107,27,49,135
-57,-108,36,53,142
-49,-106,45,58,150
-41,-102,51,64,156
-35,-98,51,71,159
-30,-97,46,76,157
-26,-100,40,77,153
-21,-106,34,74,149
-18,-114,31,68,148
-19,-121,30,61,151
-25,-127,29,56,155
-34,-135,25,52,156
-40,-146,17,48,150
-38,-160,6,42,139
-29,-177,-4,35,126
-18,-191,-11,28,119
-12,-199,-10,23,122
-19,-196,-2,19,132
-35,-185,10,17,145
-53,-171,21,16,153
-63,-160,28,15,153
-63,-158,27,14,145
-56,-166,20,13,135
-52,-180,10,15,129
-55,-196,2,19,128
-62,-206,-3,25,131
-64,-210,-5,33,133
-52,-209,-8,41,131
-27,-207,-15,46,126
-2,-209,-28,47,120
10,-217,-45,43,116
1,-229,-60,36,116
-21,-240,-69,30,118
-37,-248,-67,27,120
-31,-249,-56,29,123
0,-243,-42,36,127
41,-235,-29,45,133
70,-226,-23,53,144
69,-218,-22,59,160
38,-213,-27,62,176
-5,-210,-32,62,187
-36,-208,-36,61,189
-42,-206,-38,58,180
-24,-204,-37,53,167
-1,-202,-33,49,155
10,-198,-25,47,151
2,-193,-15,48,157
-16,-185,-6,52,167
-30,-177,1,54,176
-26,-172,3,54,176
-7,-170,-1,50,167
16,-172,-7,44,152
28,-177,-12,38,138
23,-182,-14,32,129
5,-186,-13,27,126
-14,-189,-12,20,125
-24,-191,-14,13,123
-21,-192,-19,8,118
-10,-189,-24,7,111
1,-182,-26,11,106
8,-169,-24,19,105
7,-153,-18,27,109
0,-136,-12,32,115
-12,-125,-9,34,121
-27,-118,-8,36,128
-44,-115,-7,42,133
-55,-111,-2,54,139
-53,-102,6,71,142
-34,-87,14,85,141
-1,-69,19,93,135
36,-55,17,92,126
60,-48,11,82,116
63,-49,7,70,108
45,-55,8,62,103
21,-59,18,61,102
5,-58,31,67,100
7,-51,42,75,96
26,-43,47,81,91
51,-37,44,82,86
69,-36,39,78,85
69,-37,37,72,88
52,-37,42,68,92
22,-30,52,67,94
-11,-16,61,68,91
-35,0,63,68,83
-45,13,57,65,72
-37,18,43,58,61
-13,14,28,51,52
17,5,19,47,46
43,-1,19,49,41
56,-1,29,56,37
55,9,44,67,33
43,27,60,77,31
28,48,74,86,34
16,68,83,94,42
9,85,89,101,55
3,99,95,107,68
-2,111,99,112,78
-5,119,100,112,80
-3,122,96,105,73
8,117,84,91,58
24,105,66,71,40
41,90,46,49,22
50,76,30,30,8
53,68,24,18,-1
55,67,29,13,-5
63,71,41,11,-7
78,75,55,10,-10
92,76,65,6,-16
93,73,72,0,-21
76,67,77,-4,-25
45,64,85,-5,-25
17,65,99,0,-20
8,71,118,8,-13
22,78,135,14,-8
49,84,147,14,-7
69,85,149,8,-11
70,81,144,-4,-19
51,76,137,-15,-26
28,71,132,-21,-29
20,70,134,-19,-27
35,73,138,-11,-22
67,76,141,1,-18
93,79,138,13,-16
96,78,125,22,-18
72,74,106,25,-22
37,67,86,24,-25
12,61,74,19,-25
14,59,71,14,-22
42,62,77,9,-17
80,69,86,5,-12
108,76,94,3,-8
115,79,97,1,-6
104,78,94,-1,-6
88,72,90,-3,-8
79,64,87,-5,-12
81,56,86,-8,-18
92,51,88,-9,-24
101,50,89,-8,-29
101,50,86,-5,-32
92,51,79,1,-31
78,50,70,7,-29
65,46,64,10,-28
54,40,64,8,-30
44,36,68,3,-33
30,37,72,-4,-36
10,42,72,-10,-36
-12,50,65,-14,-32
-27,57,53,-15,-27
-25,59,42,-15,-24
-4,57,38,-17,-25
26,53,43,-21,-30
46,50,53,-28,-38
40,51,65,-34,-45
7,54,70,-38,-49
-38,55,69,-37,-48
-70,55,63,-31,-43
-68,54,59,-20,-36
-28,57,61,-5,-29
30,66,70,10,-24
78,79,82,21,-21
94,91,92,25,-22
79,96,95,20,-25
49,89,88,9,-30
27,75,73,-6,-36
27,61,53,-19,-41
46,52,35,-27,-43
70,51,21,-28,-41
83,58,15,-26,-36
81,68,18,-20,-28
70,79,30,-13,-17
60,89,48,-5,-7
56,99,67,2,2
58,109,83,8,8
61,118,93,12,10
61,124,95,13,8
59,127,92,12,4
55,125,88,11,0
49,121,86,12,-2
39,116,86,13,-4
29,110,89,13,-5
25,106,92,13,-7
34,103,94,12,-11
60,104,94,12,-13
100,107,94,15,-14
137,111,94,20,-11
155,113,93,23,-8
146,109,90,21,-7
116,101,85,15,-9
83,91,79,7,-16
68,84,75,4,-24
81,84,73,8,-30
115,92,77,19,-32
149,104,84,32,-28
164,116,92,39,-20
150,125,99,38,-12
116,131,102,30,-4
83,136,101,21,1
72,140,98,16,3
92,144,92,16,4
134,146,86,19,4
178,142,79,21,5
202,131,73,19,5
198,115,68,14,4
171,98,64,9,1
139,82,62,7,-5
122,71,60,6,-15
129,63,56,6,-27
154,58,49,3,-39
181,53,39,-5,-46
196,50,29,-16,-49
189,49,20,-26,-47
166,52,16,-34,-44
141,58,17,-37,-43
128,65,22,-38,-44
133,70,28,-36,-48
152,73,31,-34,-51
174,73,32,-32,-51
188,74,30,-29,-47
192,77,29,-27,-39
190,82,28,-25,-30
191,87,27,-24,-25
198,87,25,-25,-26
208,81,20,-28,-32
216,72,13,-30,-43
215,62,6,-33,-53
205,56,3,-35,-60
193,56,6,-37,-64
186,62,13,-39,-67
191,69,20,-45,-72
204,73,24,-53,-79
216,73,20,-64,-85
221,68,12,-75,-89
220,61,3,-83,-87
221,54,-3,-83,-80
232,51,-4,-76,-69
255,51,0,-63,-59
281,55,4,-48,-51
295,59,7,-39,-45
285,63,9,-36,-41
254,66,10,-39,-37
218,68,14,-46,-32
199,70,22,-51,-28
210,74,31,-52,-24
248,78,40,-49,-23
295,81,45,-43,-24
329,81,45,-37,-23
333,79,37,-31,-21
310,73,25,-25,-17
274,66,11,-19,-11
243,59,0,-14,-6
230,55,-7,-10,-1
235,55,-6,-6,2
251,60,2,-4,2
268,67,12,-3,0
281,74,22,-5,-4
292,78,27,-9,-11
306,77,28,-17,-18
324,70,26,-25,-24
344,63,25,-30,-25
359,58,28,-29,-21
366,61,34,-20,-13
364,69,43,-8,-5
359,79,51,3,-2
356,84,55,8,-4
361,82,54,5,-12
371,72,46,-4,-22
377,60,34,-13,-28
373,50,21,-17,-26
355,47,13,-14,-17
333,52,13,-6,-4
317,63,24,3,5
320,76,42,10,5
342,86,61,10,-5
373,92,73,7,-20
397,93,75,2,-36
400,90,69,-2,-47
379,84,58,-3,-50
344,78,50,-3,-49
310,72,45,-3,-47
291,68,43,-7,-46
292,66,40,-14,-49
308,66,37,-24,-52
331,66,33,-32,-54
350,66,32,-36,-54
358,63,32,-36,-55
354,59,29,-34,-57
339,52,21,-33,-63
316,45,6,-37,-70
293,39,-14,-44,-76
277,38,-31,-52,-76
273,44,-38,-56,-69
282,57,-33,-52,-57
298,75,-17,-40,-42
312,94,2,-25,-27
315,108,19,-9,-15
305,118,29,2,-7
287,123,35,9,-3
270,128,37,15,-3
259,134,38,21,-6
257,139,36,27,-12
258,139,28,30,-20
258,130,14,28,-29
258,112,-6,18,-37
259,89,-26,5,-44
268,69,-39,-7,-49
283,56,-41,-15,-52
298,53,-33,-19,-55
306,56,-18,-21,-59
303,58,-5,-25,-64
292,57,0,-35,-70
284,50,-3,-47,-73
288,43,-14,-60,-71
305,39,-27,-69,-66
324,41,-36,-72,-60
330,47,-38,-70,-55
314,55,-34,-66,-54
277,60,-25,-62,-56
234,61,-16,-59,-59
203,57,-9,-56,-61
199,52,-6,-53,-60
222,47,-6,-49,-57
262,46,-8,-42,-53
302,48,-9,-36,-50
330,52,-11,-32,-49
343,56,-14,-32,-52
342,56,-21,-38,-57
335,52,-30,-47,-65
323,44,-41,-55,-74
309,35,-50,-59,-83
293,27,-56,-58,-88
281,22,-57,-53,-91
278,20,-54,-48,-90
290,22,-48,-46,-88
315,24,-41,-47,-86
344,28,-34,-50,-85
367,31,-26,-52,-84
375,34,-17,-51,-83
369,36,-7,-48,-79
357,39,3,-44,-73
352,42,12,-42,-66
358,47,17,-41,-60
372,53,16,-42,-55
383,57,12,-42,-53
382,58,4,-43,-52
367,55,-4,-46,-52
347,50,-10,-51,-53
334,46,-12,-58,-54
336,46,-10,-65,-56
348,50,-7,-70,-60
359,54,-3,-71,-65
357,55,-2,-68,-68
339,50,-6,-63,-68
312,40,-12,-58,-62
289,31,-20,-54,-52
282,28,-26,-51,-40
294,34,-27,-47,-29
319,45,-22,-41,-20
343,57,-14,-34,-14
358,65,-6,-28,-10
361,66,0,-25,-8
357,62,1,-27,-6
352,56,-3,-33,-4
351,51,-7,-42,-4
352,49,-9,-48,-5
354,49,-6,-48,-6
358,50,2,-41,-6
363,52,12,-28,-6
373,55,21,-15,-5
383,60,25,-6,-6
386,64,23,-5,-8
375,66,14,-9,-10
347,65,5,-15,-11
311,61,-2,-16,-8
284,56,0,-12,-1
278,53,10,-3,7
298,54,24,5,15
334,56,35,9,17
368,59,35,6,12
386,58,23,-1,4
381,54,4,-9,-4
363,48,-16,-13,-9
345,42,-30,-9,-8
339,36,-36,-1,-4
347,32,-35,6,-1
359,29,-32,10,-2
364,24,-30,7,-6
353,21,-28,2,-10
329,21,-24,-3,-13
300,25,-17,-1,-11
281,33,-10,6,-6
280,43,-6,15,1
302,50,-6,22,8
341,53,-11,24,15
387,51,-18,19,23
432,47,-23,11,32
471,43,-25,3,40
503,40,-22,-2,47
532,39,-17,1,57
566,42,-7,13,75
612,50,12,34,108
677,69,41,65,156
765,97,80,100,214
873,135,122,134,268
990,172,155,159,306
1097,201,170,169,320
1173,213,164,164,310
1203,207,143,149,287
1184,188,114,130,259
1125,164,87,110,232
1043,143,64,92,203
950,128,43,71,167
851,114,17,43,116
742,95,-20,6,50
619,67,-66,-38,-24
482,31,-117,-81,-95
339,-9,-163,-117,-152
205,-45,-195,-139,-189
93,-68,-208,-148,-205
11,-78,-205,-147,-203
-41,-75,-192,-142,-190
-64,-65,-174,-136,-173
-63,-55,-155,-130,-156
-40,-46,-138,-121,-140
0,-38,-119,-108,-126
53,-31,-98,-92,-111
112,-23,-78,-77,-96
171,-15,-60,-65,-79
225,-7,-49,-60,-64
272,0,-45,-59,-51
312,6,-47,-58,-40
344,12,-48,-54,-31
371,19,-46,-45,-23
395,26,-41,-36,-15
417,33,-35,-29,-7
437,38,-34,-26,-3
456,40,-38,-26,-2
473,40,-48,-27,-7
487,40,-60,-26,-15
497,40,-69,-27,-26
502,41,-75,-30,-35
498,40,-76,-37,-39
485,39,-75,-45,-36
468,38,-72,-50,-27
452,38,-66,-49,-14
445,42,-60,-40,-4
450,48,-53,-30,0
461,55,-48,-24,-5
468,58,-49,-26,-17
461,58,-57,-35,-31
443,53,-70,-46,-41
423,46,-84,-52,-45
418,40,-97,-50,-42
432,35,-107,-39,-36
460,33,-112,-24,-32
483,33,-117,-10,-31
488,34,-120,-2,-32
471,37,-123,1,-34
444,42,-122,-3,-34
426,46,-119,-9,-31
429,48,-113,-15,-24
454,46,-110,-21,-17
485,42,-112,-24,-11
508,36,-119,-26,-8
513,32,-128,-28,-9
503,30,-135,-31,-13
491,32,-134,-36,-20
488,34,-126,-42,-28
496,35,-115,-47,-33
511,32,-108,-49,-34
520,29,-108,-48,-29
517,26,-116,-45,-20
502,25,-127,-41,-10
488,26,-134,-38,-3
487,28,-134,-38,1
508,27,-127,-37,0
545,24,-118,-38,-3
583,20,-111,-37,-8
603,17,-108,-37,-13
592,17,-108,-38,-18
553,20,-110,-38,-23
502,24,-109,-38,-27
458,28,-106,-36,-27
438,30,-100,-32,-24
444,33,-94,-26,-19
471,36,-88,-22,-15
503,42,-83,-21,-12
531,49,-80,-24,-13
549,54,-78,-28,-15
557,58,-77,-32,-15
561,60,-78,-31,-11
563,64,-78,-27,-1
567,70,-77,-19,12
572,80,-73,-13,25
577,91,-67,-11,33
581,98,-62,-15,36
582,100,-61,-23,34
579,97,-65,-30,30
570,93,-72,-33,26
558,90,-80,-30,24
545,92,-85,-21,24
533,98,-85,-11,24
525,105,-81,-2,25
521,113,-75,8,28
519,122,-68,20,35
521,133,-58,38,49
524,150,-45,61,71
529,171,-26,87,99
533,191,-2,113,129
534,204,22,135,157
530,206,41,155,178
519,198,51,172,194
503,182,50,188,206
484,161,41,200,219
466,137,28,207,236
452,109,18,207,260
444,75,13,204,290
442,34,14,200,321
447,-12,18,198,351
458,-61,22,199,376
475,-112,19,200,394
494,-165,7,196,407
510,-222,-16,184,416
519,-283,-45,168,425
519,-344,-76,150,434
512,-401,-103,135,442
500,-448,-122,120,447
489,-487,-135,104,444
481,-521,-144,81,433
476,-555,-154,52,414
474,-591,-169,18,390
475,-629,-188,-13,368
478,-661,-207,-34,349
483,-680,-223,-42,337
490,-683,-230,-37,333
495,-671,-227,-21,335
494,-648,-216,-2,339
486,-620,-202,14,340
474,-590,-189,21,332
465,-559,-180,17,309
465,-524,-177,2,269
478,-483,-179,-18,216
502,-435,-184,-38,156
529,-381,-187,-53,97
551,-324,-187,-62,44
563,-268,-184,-68,0
566,-216,-178,-73,-37
564,-171,-174,-83,-69
567,-134,-170,-98,-95
581,-107,-168,-115,-114
604,-89,-164,-129,-125
631,-76,-157,-137,-127
651,-64,-146,-140,-124
657,-52,-133,-139,-123
647,-37,-123,-140,-127
628,-23,-120,-145,-138
607,-10,-127,-154,-155
593,-3,-142,-167,-171
588,-1,-160,-177,-185
590,-4,-175,-182,-195
595,-8,-187,-179,-202
600,-12,-194,-171,-207
604,-14,-199,-161,-213
611,-14,-201,-154,-218
621,-13,-199,-153,-221
637,-12,-192,-155,-219
653,-12,-180,-159,-210
664,-12,-165,-159,-197
664,-13,-154,-153,-182
650,-13,-149,-143,-168
623,-12,-152,-130,-155
593,-9,-156,-116,-142
571,-4,-155,-102,-129
565,4,-146,-88,-114
577,11,-129,-73,-98
600,15,-112,-58,-82
624,15,-100,-45,-70
639,10,-99,-36,-60
645,4,-104,-30,-53
646,1,-109,-26,-45
649,6,-108,-23,-35
654,19,-96,-18,-22
656,37,-77,-13,-7
644,54,-56,-9,8
614,66,-38,-5,19
575,72,-26,0,25
542,72,-19,6,27
532,72,-14,14,24
555,73,-8,22,21
601,74,-3,27,17
649,71,-1,25,17
679,63,-5,18,18
680,51,-14,7,19
655,38,-27,-3,18
622,29,-40,-8,14
600,26,-48,-9,5
599,26,-51,-7,-5
615,24,-48,-7,-15
637,17,-43,-11,-22
650,4,-39,-17,-25
647,-8,-38,-22,-25
630,-16,-42,-22,-23
611,-16,-48,-19,-19
601,-9,-56,-16,-15
608,0,-62,-16,-9
629,6,-64,-20,-2
653,7,-62,-25,5
671,5,-58,-27,9
673,2,-56,-24,10
658,-1,-59,-17,6
634,-6,-65,-11,1
608,-15,-72,-11,-4
590,-27,-74,-16,-6
583,-39,-67,-24,-3
587,-45,-51,-29,2
596,-41,-31,-27,7
604,-28,-12,-18,9
608,-10,2,-6,8
610,4,8,5,6
614,10,9,10,4
621,7,7,11,4
632,0,3,10,5
643,-6,0,11,7
653,-6,-2,17,10
663,1,-3,27,11
676,12,-2,36,12
693,21,0,41,9
711,25,0,39,3
721,20,-2,31,-5
714,9,-7,19,-14
687,-5,-12,5,-23
648,-18,-13,-7,-30
614,-27,-8,-16,-33
600,-32,3,-22,-33
611,-34,14,-23,-30
642,-35,22,-21,-27
676,-35,23,-17,-23
700,-35,18,-12,-19
709,-34,12,-7,-15
707,-32,9,-1,-12
704,-27,8,4,-10
706,-20,8,9,-7
714,-15,5,14,-4
721,-12,-3,18,0
724,-13,-13,22,2
721,-17,-21,22,2
716,-22,-23,20,0
712,-26,-19,16,-3
711,-27,-13,9,-5
711,-25,-13,4,-5
707,-23,-20,0,-3
703,-22,-35,-1,2
700,-24,-50,2,7
703,-26,-57,8,12
711,-26,-52,16,15
721,-21,-38,23,16
728,-16,-23,26,15
729,-12,-14,25,13
725,-14,-15,17,11
723,-21,-22,7,10
724,-31,-30,-4,12
731,-38,-32,-12,15
738,-38,-28,-17,18
742,-34,-23,-18,18
740,-30,-22,-19,14
730,-32,-28,-20,8
715,-38,-37,-21,2
696,-46,-46,-19,1
679,-47,-46,-13,7
670,-41,-38,-3,19
676,-27,-22,8,32
696,-13,-4,15,41
723,-5,10,16,44
745,-6,18,12,41
748,-14,18,5,35
731,-24,14,-2,29
706,-31,7,-8,26
690,-34,-1,-12,24
698,-36,-8,-17,22
730,-39,-14,-22,17
768,-45,-18,-26,11
790,-53,-19,-26,7
784,-60,-19,-21,8
754,-64,-17,-12,15
720,-64,-14,-1,26
703,-63,-12,9,38
711,-61,-11,15,46
737,-59,-12,19,49
763,-54,-14,20,48
773,-47,-15,22,47
765,-39,-15,23,49
746,-31,-14,25,56
729,-27,-12,25,69
724,-27,-8,26,85
732,-27,-4,26,101
748,-26,1,27,113
766,-23,4,26,119
780,-21,3,23,116
786,-24,-4,16,108
781,-36,-18,7,98
763,-55,-34,-1,92
736,-76,-46,-4,92
706,-89,-50,-1,96
685,-92,-44,6,100
681,-84,-35,12,101
697,-74,-28,13,96
726,-68,-31,6,86
755,-71,-44,-5,74
775,-82,-60,-16,63
781,-96,-72,-22,56
778,-107,-75,-22,52
771,-114,-69,-19,49
767,-119,-58,-15,47
765,-123,-48,-14,46
766,-128,-43,-16,47
768,-135,-42,-17,51
773,-142,-43,-16,57
781,-148,-45,-13,64
791,-153,-46,-7,71
798,-159,-48,0,79
800,-165,-50,7,89
795,-169,-50,15,101
788,-170,-49,25,112
783,-166,-46,34,121
787,-158,-45,41,123
799,-150,-49,44,119
815,-146,-58,40,112
831,-148,-70,33,106
841,-153,-81,25,102
847,-160,-87,19,103
852,-166,-87,15,105
856,-170,-83,13,108
860,-173,-76,12,111
860,-174,-72,10,114
857,-175,-71,9,117
852,-174,-73,8,121
847,-172,-78,9,122
845,-171,-84,11,121
844,-171,-90,13,117
842,-173,-94,13,114
836,-174,-93,12,115
826,-174,-88,12,121
816,-172,-81,12,129
809,-170,-74,12,135
808,-171,-71,11,137
810,-177,-74,8,133
807,-188,-79,3,129
797,-200,-84,-3,125
779,-210,-87,-7,125
761,-214,-89,-8,126
752,-214,-92,-4,125
759,-212,-98,3,123
780,-211,-107,13,119
807,-211,-117,22,118
825,-212,-125,30,120
824,-211,-130,36,126
801,-210,-134,39,131
766,-210,-138,40,132
736,-213,-143,37,127
725,-218,-148,31,116
738,-224,-149,23,104
765,-227,-146,15,94
791,-227,-142,10,89
799,-224,-138,10,90
785,-220,-140,14,94
758,-218,-145,21,98
736,-218,-151,28,101
728,-217,-152,33,102
737,-214,-147,33,102
751,-209,-135,28,100
757,-206,-124,21,98
749,-206,-116,15,96
728,-211,-115,11,93
704,-218,-118,11,89
689,-222,-121,15,87
685,-221,-121,20,87
689,-215,-118,25,89
694,-207,-114,28,91
697,-199,-112,31,92
698,-195,-112,32,90
701,-194,-112,32,84
709,-194,-112,30,76
721,-191,-108,27,70
732,-185,-102,22,68
737,-176,-93,19,69
734,-165,-86,23,74
723,-153,-81,34,80
709,-141,-78,52,86
698,-130,-77,71,91
695,-119,-77,85,94
700,-109,-78,89,94
711,-102,-80,84,91
723,-98,-84,74,84
731,-96,-92,66,76
729,-93,-100,63,70
718,-87,-105,67,68
701,-74,-105,74,73
683,-55,-99,83,83
670,-32,-86,90,93
666,-10,-72,96,100
670,7,-62,101,104
683,15,-59,106,104
700,16,-62,110,102
718,14,-70,111,99
732,14,-77,108,95
738,17,-82,102,89
737,24,-86,91,80
730,29,-90,78,69
721,28,-97,65,60
715,21,-106,52,53
712,11,-112,42,49
709,2,-112,36,47
703,1,-107,33,45
691,6,-97,31,40
678,17,-89,30,34
672,27,-87,29,29
677,34,-93,26,25
693,37,-104,25,22
711,37,-115,27,20
720,38,-120,32,17
713,38,-117,41,13
694,40,-108,50,8
677,41,-96,58,5
673,40,-87,60,3
688,38,-82,58,2
716,36,-82,51,1
739,35,-83,43,-3
745,36,-81,37,-9
729,37,-75,36,-17
700,38,-66,39,-24
673,39,-57,43,-28
658,39,-50,45,-29
657,38,-46,43,-30
663,37,-46,38,-32
669,35,-49,32,-37
672,33,-57,27,-44
675,31,-68,26,-51
680,30,-80,28,-56
690,31,-90,31,-56
701,33,-93,33,-52
708,37,-89,33,-45
708,41,-79,31,-39
700,46,-68,26,-35
688,50,-62,19,-34
677,51,-65,12,-34
673,50,-76,5,-33
678,48,-90,-1,-32
692,46,-101,-3,-32
714,44,-105,-4,-36
736,42,-104,-6,-46
749,39,-101,-12,-61
744,35,-101,-25,-78
721,30,-103,-41,-93
685,25,-108,-56,-105
650,20,-113,-66,-113
627,15,-116,-68,-117
622,11,-117,-63,-119
633,8,-116,-53,-116
655,7,-110,-41,-107
687,10,-99,-30,-91
727,16,-84,-18,-69
775,26,-68,-8,-45
826,38,-55,2,-23
872,49,-49,11,-2
904,59,-48,22,20
926,71,-42,40,52
953,87,-25,69,98
1008,113,9,110,160
1108,147,57,157,226
1250,184,104,198,283
1406,215,138,223,314
1539,234,147,223,312
1613,235,131,198,280
1613,219,98,158,230
1548,192,59,115,177
1441,161,23,78,131
1321,130,-7,50,93
1205,100,-35,26,57
1093,71,-65,1,15
979,42,-99,-30,-38
855,13,-137,-65,-98
721,-14,-171,-98,-155
584,-35,-194,-122,-201
456,-49,-205,-133,-227
350,-55,-202,-133,-235
271,-54,-189,-124,-226
219,-47,-174,-113,-208
194,-36,-158,-103,-187
191,-25,-145,-95,-166
209,-13,-131,-87,-147
247,-2,-113,-78,-129
299,8,-90,-67,-111
362,16,-63,-55,-94
426,24,-39,-43,-78
486,33,-22,-35,-66
537,43,-17,-31,-60
577,53,-23,-32,-62
607,62,-37,-36,-70
630,67,-50,-42,-79
648,68,-58,-45,-84
662,66,-57,-45,-81
672,64,-48,-38,-72
679,63,-36,-28,-60
681,64,-22,-17,-51
679,68,-11,-9,-46
673,72,0,-5,-45
668,77,9,-6,-43
668,82,18,-10,-39
676,85,27,-15,-32
693,88,33,-21,-26
711,88,36,-27,-24
722,86,34,-35,-30
716,82,27,-44,-42
692,75,18,-52,-55
656,65,8,-58,-65
626,53,-3,-61,-71
615,42,-12,-60,-73
632,32,-20,-57,-73
671,26,-25,-53,-72
716,25,-27,-49,-70
748,27,-27,-43,-65
755,30,-25,-37,-57
740,33,-23,-32,-49
713,35,-21,-29,-42
690,35,-17,-29,-39
681,36,-13,-32,-41
685,38,-7,-34,-46
694,42,0,-36,-52
702,46,4,-36,-55
705,49,4,-34,-57
705,50,-1,-33,-59
704,51,-9,-33,-62
704,52,-19,-34,-68
699,53,-29,-35,-76
689,53,-36,-34,-83
673,50,-41,-33,-89
657,46,-44,-33,-92
651,40,-46,-37,-93
657,35,-49,-44,-93
673,31,-54,-54,-94
689,28,-60,-63,-95
692,27,-65,-67,-94
678,26,-67,-65,-90
653,25,-66,-59,-84
630,23,-61,-51,-78
624,20,-56,-45,-74
641,16,-49,-41,-72
677,15,-41,-39,-70
716,16,-32,-35,-68
744,21,-20,-28,-64
750,30,-9,-19,-59
736,39,-1,-12,-56
711,46,1,-11,-55
690,47,-4,-17,-58
680,40,-13,-30,-62
680,29,-22,-45,-64
683,18,-26,-56,-63
680,12,-26,-60,-61
665,12,-23,-57,-59
645,18,-22,-51,-61
627,25,-21,-45,-66
621,29,-20,-41,-73
628,29,-14,-40,-78
642,26,-2,-41,-80
655,22,12,-40,-81
663,19,22,-39,-79
667,19,23,-39,-78
675,20,12,-41,-77
692,20,-8,-45,-76
717,20,-29,-50,-74
743,20,-45,-52,-74
759,21,-55,-49,-76
760,26,-59,-43,-81
747,32,-62,-36,-88
727,38,-64,-31,-94
710,41,-65,-31,-97
699,39,-61,-37,-98
697,34,-51,-46,-97
698,28,-36,-54,-97
702,24,-23,-59,-101
705,22,-16,-59,-107
707,22,-18,-56,-114
707,22,-26,-51,-119
702,21,-33,-47,-117
692,21,-34,-46,-111
679,23,-29,-48,-101
665,25,-21,-51,-92
654,28,-17,-51,-85
648,28,-20,-47,-82
648,26,-30,-39,-81
652,24,-42,-27,-79
663,22,-50,-17,-76
680,24,-52,-12,-71
699,28,-50,-15,-66
713,31,-47,-24,-62
715,32,-47,-35,-62
701,29,-48,-41,-63
676,26,-47,-41,-64
653,27,-42,-34,-64
644,34,-31,-26,-63
653,43,-19,-20,-63
674,52,-10,-22,-65
694,55,-6,-29,-68
700,49,-6,-41,-72
689,38,-6,-52,-76
668,27,-4,-59,-76
652,21,0,-61,-74
648,20,3,-60,-70
659,22,2,-56,-67
678,26,-5,-52,-65
693,27,-16,-49,-64
699,26,-26,-47,-63
695,25,-31,-45,-61
686,27,-30,-43,-58
677,32,-23,-41,-55
671,39,-14,-40,-52
670,46,-6,-40,-50
670,52,-1,-40,-46
669,56,0,-39,-40
665,60,-2,-34,-31
657,65,-5,-25,-20
644,72,-8,-14,-12
627,80,-9,-3,-8
612,85,-9,4,-12
605,85,-11,5,-23
611,77,-18,0,-37
628,60,-32,-10,-51
648,38,-50,-22,-62
660,16,-70,-34,-68
657,-3,-85,-44,-69
639,-13,-92,-52,-68
615,-16,-93,-55,-69
596,-13,-90,-54,-71
592,-8,-90,-47,-77
603,-3,-93,-38,-85
622,1,-99,-27,-92
637,6,-107,-20,-97
641,12,-114,-18,-99
631,18,-118,-23,-98
615,22,-119,-32,-95
603,21,-119,-42,-92
600,17,-114,-48,-90
609,13,-106,-47,-88
625,10,-94,-41,-86
640,11,-82,-34,-84
647,14,-71,-29,-84
643,15,-66,-28,-87
631,11,-65,-32,-91
615,4,-66,-36,-97
601,-5,-64,-38,-101
594,-11,-59,-36,-104
600,-14,-53,-34,-105
616,-15,-49,-34,-105
639,-17,-51,-40,-105
660,-22,-59,-49,-106
671,-26,-68,-55,-105
666,-26,-73,-56,-103
647,-21,-69,-48,-99
622,-11,-59,-35,-93
603,1,-47,-24,-89
599,9,-41,-20,-88
609,11,-44,-24,-92
628,7,-55,-32,-98
642,1,-70,-38,-103
642,-3,-82,-37,-105
625,-3,-86,-30,-103
597,0,-81,-20,-97
568,6,-71,-13,-89
550,12,-62,-12,-83
547,17,-59,-17,-80
559,20,-65,-26,-80
575,19,-76,-33,-83
588,14,-89,-38,-86
589,7,-98,-39,-88
581,0,-100,-38,-87
570,-5,-96,-36,-82
565,-4,-87,-36,-74
569,0,-76,-36,-64
580,7,-66,-38,-55
589,12,-57,-39,-51
588,16,-49,-40,-51
577,17,-40,-41,-54
562,19,-30,-40,-59
551,22,-20,-40,-62
550,25,-13,-39,-63
553,23,-13,-41,-66
553,13,-20,-45,-72
544,-3,-33,-51,-80
527,-21,-48,-59,-89
514,-33,-58,-65,-94
516,-33,-59,-68,-92
534,-21,-50,-65,-83
562,-3,-34,-60,-72
583,11,-17,-56,-63
586,17,-4,-56,-61
569,14,2,-64,-65
539,7,1,-77,-72
514,-1,-4,-91,-78
506,-4,-9,-102,-81
518,-5,-12,-104,-81
545,-6,-12,-99,-80
572,-9,-11,-89,-83
588,-15,-9,-79,-89
588,-20,-8,-71,-96
576,-23,-9,-68,-102
563,-23,-13,-68,-103
562,-21,-17,-70,-99
574,-20,-21,-71,-94
591,-19,-22,-72,-88
598,-19,-20,-73,-85
585,-17,-16,-73,-84
551,-11,-12,-74,-81
510,-3,-9,-74,-76
482,8,-7,-72,-68
483,20,-3,-68,-60
510,30,2,-63,-55
549,38,10,-61,-57
579,39,17,-63,-65
586,34,18,-71,-78
569,21,10,-84,-92
541,3,-8,-97,-103
519,-16,-30,-107,-111
513,-31,-51,-110,-114
525,-39,-63,-108,-115
546,-39,-65,-104,-115
565,-35,-60,-100,-114
573,-31,-52,-101,-113
569,-28,-47,-104,-110
557,-27,-47,-107,-107
545,-26,-49,-109,-103
539,-24,-50,-108,-98
544,-21,-47,-107,-92
555,-20,-42,-107,-87
564,-21,-35,-110,-82
562,-24,-32,-113,-80
546,-28,-32,-115,-81
520,-33,-35,-111,-84
496,-35,-38,-103,-87
484,-37,-40,-92,-89
489,-37,-40,-82,-89
505,-36,-40,-77,-87
519,-34,-40,-77,-85
522,-30,-42,-81,-86
514,-25,-44,-84,-89
504,-19,-45,-84,-93
503,-14,-45,-82,-97
520,-11,-44,-78,-98
549,-11,-45,-75,-95
577,-13,-48,-74,-90
590,-18,-52,-75,-85
579,-25,-58,-77,-79
549,-32,-63,-77,-74
515,-38,-67,-74,-67
492,-41,-71,-69,-58
490,-40,-74,-62,-48
507,-35,-76,-55,-39
530,-28,-76,-50,-35
549,-20,-74,-47,-35
555,-13,-67,-47,-39
550,-9,-58,-49,-43
541,-6,-48,-53,-44
535,-4,-40,-57,-41
534,-4,-34,-61,-35
538,-4,-29,-62,-32
539,-5,-23,-60,-33
532,-6,-16,-56,-38
514,-6,-8,-51,-48
488,-2,-1,-47,-57
460,3,2,-46,-66
440,9,-1,-49,-71
436,12,-11,-57,-75
448,10,-24,-68,-78
473,4,-38,-80,-83
501,-6,-50,-90,-90
521,-14,-59,-94,-98
525,-19,-64,-92,-105
514,-18,-66,-84,-109
494,-14,-67,-72,-108
474,-8,-64,-61,-103
464,-3,-58,-53,-97
464,-1,-50,-52,-92
473,-2,-38,-56,-91
483,-6,-27,-63,-93
492,-12,-17,-69,-96
498,-19,-11,-71,-98
504,-26,-8,-69,-95
513,-31,-7,-64,-89
524,-33,-6,-60,-83
529,-33,-4,-58,-80
524,-31,-2,-59,-81
508,-29,-2,-63,-86
488,-28,-7,-67,-90
478,-28,-15,-70,-92
487,-27,-24,-72,-90
516,-27,-31,-72,-85
551,-26,-34,-70,-82
574,-25,-32,-67,-82
570,-21,-27,-60,-84
537,-14,-22,-51,-86
490,-2,-16,-40,-85
448,14,-7,-28,-79
427,34,7,-17,-69
432,53,27,-7,-56
455,70,53,3,-41
479,85,79,14,-26
491,97,101,28,-9
483,111,116,44,10
460,127,122,61,31
431,143,123,79,54
405,154,122,96,79
386,158,124,113,105
376,153,130,131,133
371,139,139,150,161
366,119,149,170,188
357,95,156,188,214
347,67,157,199,239
342,36,151,202,262
348,-1,140,198,285
367,-42,125,189,307
393,-89,109,180,330
413,-139,93,173,350
414,-190,78,170,368
389,-241,64,166,383
348,-293,49,159,395
309,-344,35,146,404
291,-395,21,126,409
298,-443,7,103,407
319,-489,-9,80,398
333,-531,-28,58,381
323,-567,-52,37,359
293,-596,-80,17,335
261,-618,-106,-3,315
251,-631,-125,-21,300
270,-635,-131,-33,293
305,-630,-122,-37,294
327,-617,-102,-32,298
316,-599,-80,-24,299
273,-579,-67,-19,290
223,-559,-69,-25,262
194,-542,-89,-44,215
203,-525,-117,-76,152
243,-505,-142,-112,80
289,-477,-156,-147,7
318,-440,-156,-175,-61
323,-395,-146,-197,-123
313,-345,-136,-213,-178
303,-296,-135,-227,-228
300,-252,-144,-239,-267
300,-216,-157,-249,-293
294,-188,-167,-255,-301
283,-167,-169,-257,-296
276,-150,-161,-255,-284
287,-134,-150,-249,-275
319,-118,-140,-243,-277
361,-102,-137,-239,-290
390,-89,-140,-240,-311
389,-81,-146,-245,-332
358,-79,-147,-253,-346
318,-81,-142,-259,-351
294,-83,-130,-256,-348
303,-82,-114,-245,-340
339,-75,-100,-229,-331
377,-66,-95,-213,-324
391,-57,-100,-204,-319
370,-52,-116,-202,-313
322,-52,-136,-202,-303
272,-55,-152,-197,-288
246,-58,-160,-183,-267
256,-58,-156,-161,-244
294,-54,-142,-138,-223
338,-48,-124,-123,-208
366,-41,-108,-118,-202
365,-34,-98,-123,-201
337,-29,-94,-130,-201
297,-26,-93,-133,-197
263,-25,-92,-127,-184
247,-27,-87,-113,-163
248,-29,-76,-95,-137
259,-30,-63,-77,-115
271,-29,-50,-63,-101
275,-25,-43,-54,-99
271,-22,-45,-51,-108
263,-20,-55,-51,-120
258,-22,-68,-53,-128
259,-26,-77,-55,-126
264,-32,-75,-53,-115
271,-36,-61,-48,-99
273,-37,-39,-39,-86
270,-35,-15,-33,-80
262,-32,1,-31,-83
255,-28,6,-37,-91
254,-25,2,-47,-97
257,-21,-4,-57,-96
262,-16,-5,-62,-90
262,-11,2,-60,-82
253,-6,14,-52,-77
237,-3,25,-45,-80
223,-4,29,-41,-89
219,-8,24,-41,-100
231,-12,13,-43,-110
254,-16,2,-42,-114
279,-16,-5,-36,-113
293,-13,-7,-27,-107
292,-11,-7,-19,-101
278,-11,-7,-16,-94
260,-14,-11,-20,-87
249,-19,-15,-27,-80
249,-21,-15,-35,-75
258,-19,-10,-38,-71
266,-12,-2,-36,-71
265,-3,3,-29,-73
249,4,3,-21,-73
220,8,-6,-13,-69
186,7,-20,-9,-60
161,4,-31,-6,-49
153,0,-38,-5,-41
167,-1,-39,-6,-40
198,-1,-40,-9,-45
233,-1,-45,-15,-56
258,-5,-57,-22,-67
263,-14,-71,-31,-76
250,-27,-83,-37,-82
227,-41,-86,-41,-87
206,-52,-82,-41,-92
194,-57,-76,-39,-98
191,-59,-74,-37,-101
194,-58,-79,-34,-97
200,-56,-88,-31,-85
213,-52,-92,-27,-64
239,-47,-86,-21,-40
282,-37,-65,-12,-17
341,-23,-34,2,4
409,-4,2,22,26
477,19,40,49,57
542,44,77,86,101
609,73,114,128,161
683,104,153,170,228
765,136,189,205,290
847,165,217,226,331
915,186,229,228,344
955,195,223,213,327
958,191,201,186,289
927,176,170,155,242
864,154,136,126,195
776,129,104,104,152
669,104,74,85,109
552,79,44,67,61
431,53,11,46,6
313,26,-24,20,-52
199,-1,-57,-10,-106
87,-24,-85,-37,-144
-31,-39,-101,-56,-163
-155,-45,-103,-63,-163
-273,-42,-91,-58,-150
-366,-34,-69,-45,-134
-413,-25,-42,-29,-119
-404,-16,-17,-15,-106
-349,-8,1,-5,-93
-271,0,9,2,-80
-196,7,7,6,-66
-142,12,0,6,-56
-109,13,-11,2,-50
-86,8,-19,-4,-49
-58,-4,-23,-11,-49
-19,-17,-20,-15,-46
32,-28,-9,-15,-39
85,-32,7,-11,-31
128,-30,23,-8,-26
155,-25,35,-8,-28
161,-21,40,-13,-37
150,-21,37,-21,-49
127,-27,30,-30,-58
103,-35,21,-35,-61
85,-44,12,-35,-59
79,-52,5,-31,-56
81,-60,-3,-27,-55
86,-67,-10,-23,-56
86,-71,-15,-21,-57
79,-73,-14,-18,-54
71,-71,-7,-14,-45
69,-67,3,-8,-34
77,-65,10,0,-25
93,-66,9,7,-20
110,-71,-2,11,-21
116,-78,-16,11,-26
105,-85,-27,5,-30
81,-91,-32,-4,-31
53,-94,-32,-14,-27
30,-98,-31,-19,-20
22,-103,-33,-19,-11
27,-107,-39,-13,-3
42,-111,-43,-5,3
58,-112,-42,2,6
64,-112,-35,5,6
56,-112,-27,4,2
34,-115,-25,1,-5
5,-119,-31,0,-12
-19,-122,-44,4,-15
-29,-120,-54,14,-11
-23,-112,-56,26,-1
-6,-103,-47,38,12
10,-95,-33,45,21
17,-94,-21,49,24
11,-98,-18,49,21
-3,-103,-24,50,16
-19,-107,-31,54,15
-30,-105,-32,61,20
-38,-100,-25,69,31
-44,-95,-13,75,42
-51,-94,-4,78,48
-60,-99,-5,75,48
-67,-107,-16,70,46
-69,-113,-31,66,46
-67,-114,-44,64,50
-65,-109,-50,67,58
-66,-100,-52,72,67
-73,-91,-52,76,72
-84,-89,-58,74,70
-92,-94,-69,65,63
-93,-105,-79,53,56
-87,-117,-83,43,52
-78,-126,-75,38,55
-72,-129,-57,42,62
-73,-126,-35,51,72
-78,-121,-21,60,79
-81,-118,-19,64,83
-79,-119,-29,60,82
-74,-123,-45,52,80
-73,-130,-57,44,78
-80,-136,-60,41,79
-94,-140,-54,46,84
-107,-140,-44,56,92
-109,-139,-38,65,99
-97,-137,-39,70,105
-77,-135,-46,70,108
-61,-132,-54,66,109
-58,-128,-58,63,110
-67,-124,-55,65,113
-81,-121,-49,71,117
-91,-121,-44,80,122
-95,-125,-44,87,124
-98,-133,-50,88,124
-104,-144,-58,82,119
-116,-154,-63,71,113
-126,-161,-62,59,106
-128,-166,-56,53,101
-119,-168,-50,53,100
-108,-171,-47,60,103
-105,-175,-49,68,107
-118,-180,-54,73,113
-144,-185,-58,73,118
-171,-187,-59,69,121
-186,-185,-56,64,121
-184,-180,-53,62,119
-168,-174,-54,65,116
-145,-172,-59,71,112
-124,-174,-67,75,107
-109,-182,-77,76,103
-102,-191,-84,73,100
-103,-198,-85,70,99
-113,-199,-80,71,102
-129,-194,-71,78,109
-149,-185,-60,92,120
-164,-173,-50,107,132
-170,-163,-42,119,144
-165,-155,-36,125,154
-154,-149,-31,122,159
-143,-146,-26,115,159
-138,-145,-21,105,156
-138,-146,-18,96,150
-141,-149,-17,91,143
-144,-154,-19,89,136
-147,-159,-23,90,129
-150,-163,-27,90,121
-152,-167,-30,88,112
-154,-170,-32,84,104
-154,-173,-33,78,95
-155,-177,-36,71,88
-159,-181,-40,66,83
-168,-182,-45,64,80
-179,-180,-50,65,79
-188,-173,-53,67,78
-189,-163,-56,70,75
-181,-154,-59,73,71
-166,-148,-64,76,66
-153,-147,-69,79,60
-148,-150,-73,82,53
-153,-156,-72,83,45
-163,-161,-68,82,36
-176,-162,-60,77,28
-186,-160,-51,71,23
-193,-155,-42,66,22
-197,-149,-35,64,26
-199,-142,-27,65,30
-198,-133,-18,67,31
-197,-124,-13,68,25
-196,-113,-12,65,14
-198,-100,-17,62,2
-203,-87,-27,61,-6
-206,-71,-36,67,-7
-204,-53,-39,78,-2
-194,-35,-34,92,5
-182,-19,-23,103,9
-178,-11,-12,106,8
-190,-10,-3,101,3
-219,-16,3,92,-3
-255,-23,8,84,-7
-283,-25,14,82,-7
-290,-21,18,85,-7
-277,-12,16,91,-7
-256,-6,4,93,-11
-242,-5,-14,91,-16
-243,-11,-33,84,-23
-259,-19,-44,77,-28
-276,-24,-42,71,-30
-287,-22,-30,68,-31
-287,-16,-14,66,-30
-284,-10,-4,61,-28
-285,-8,-2,54,-25
-291,-9,-8,46,-21
-296,-11,-14,42,-15
-290,-6,-16,45,-8
-271,6,-12,53,-2
-245,23,-7,62,2
-229,40,-6,66,2
-236,50,-10,62,-2
-266,50,-17,51,-9
-308,43,-24,37,-15
-343,34,-27,26,-19
-358,29,-23,20,-18
-353,30,-13,19,-14
-340,36,-2,22,-10
-331,45,8,27,-8
-336,55,16,31,-9
-353,62,21,35,-14
-372,67,25,39,-19
-383,69,29,42,-23
-381,68,33,44,-25
-370,65,39,45,-28
-356,60,45,47,-32
-346,55,48,50,-39
-345,48,46,54,-51
-354,43,39,58,-63
-372,38,29,60,-73
-395,36,22,59,-78
-420,36,20,54,-77
-442,39,27,46,-73
-459,43,39,39,-69
-468,45,50,33,-69
-469,45,56,29,-73
-464,41,52,27,-80
-454,37,40,26,-85
-441,34,24,25,-87
-427,34,11,22,-83
-415,37,5,19,-75
-407,42,5,16,-66
-404,46,9,15,-59
-404,47,14,17,-54
-405,45,18,21,-52
-403,40,20,27,-50
-400,37,22,31,-50
-399,36,24,31,-50
-405,38,26,27,-51
-418,43,27,22,-55
-436,48,25,19,-60
-450,50,22,20,-63
-454,47,18,26,-65
-449,39,17,32,-64
-439,30,21,36,-63
-433,22,29,34,-61
-434,19,40,27,-60
-442,20,50,18,-59
-446,24,56,11,-55
-440,29,59,10,-50
-423,32,59,14,-46
-402,33,58,21,-46
-389,33,56,26,-51
-393,33,53,24,-62
-414,32,48,16,-73
-442,30,42,5,-80
-465,29,37,-3,-78
-472,30,37,-3,-67
-463,36,44,6,-48
-446,47,57,20,-27
-434,63,72,33,-10
-436,78,83,41,1
-451,89,88,42,4
-471,94,86,37,1
-485,92,79,31,-5
-486,87,70,28,-10
-477,80,61,26,-14
-462,75,52,25,-18
-449,70,43,23,-23
-443,65,32,18,-33
-442,59,20,12,-46
-444,53,8,7,-60
-450,47,-4,6,-72
-458,42,-15,7,-77
-468,37,-23,10,-75
-475,34,-27,12,-69
-475,31,-26,13,-64
-462,30,-20,13,-61
-439,30,-12,12,-62
-415,31,-4,10,-67
-405,33,-1,7,-73
-416,32,-5,0,-80
-445,29,-15,-9,-86
-480,23,-28,-19,-90
-503,17,-40,-27,-92
-504,12,-47,-31,-92
-486,10,-49,-32,-91
-462,8,-48,-31,-89
-445,7,-48,-31,-88
-444,6,-51,-30,-87
-455,5,-56,-29,-84
-468,6,-61,-26,-78
-474,11,-62,-20,-69
-471,20,-59,-14,-58
-466,30,-52,-11,-49
-468,38,-45,-13,-46
-480,42,-40,-17,-48
-500,41,-37,-21,-53
-519,39,-37,-22,-58
-526,36,-37,-17,-59
-517,36,-36,-10,-58
-493,38,-34,-4,-55
-465,41,-34,-3,-54
-446,41,-35,-6,-56
-443,39,-38,-12,-59
-460,34,-42,-16,-62
-489,29,-44,-16,-63
-520,26,-45,-11,-65
-544,24,-46,-6,-66
-557,24,-48,-5,-68
-560,24,-52,-9,-70
-556,22,-59,-16,-69
-547,19,-65,-23,-65
-533,15,-69,-26,-57
-512,15,-68,-25,-49
-485,17,-62,-22,-44
-459,23,-54,-20,-42
-444,29,-45,-21,-42
-446,34,-38,-25,-42
-466,37,-33,-28,-39
-493,40,-27,-27,-33
-511,44,-21,-21,-25
-510,49,-15,-12,-17
-488,56,-10,-3,-13
-457,62,-6,1,-14
-431,66,-4,0,-18
-423,66,-2,-3,-24
-435,64,3,-6,-29
-458,61,11,-9,-34
-478,57,19,-12,-38
-484,53,27,-15,-43
-474,49,30,-20,-48
-455,46,28,-24,-53
-442,43,24,-26,-56
-441,41,19,-24,-55
-454,41,17,-18,-49
-470,44,16,-12,-40
-479,47,18,-7,-30
-474,51,19,-4,-22
-458,55,19,-3,-16
-444,57,17,-1,-14
-441,59,15,1,-16
-450,59,13,3,-21
-464,58,12,2,-27
-471,58,12,1,-32
-464,59,14,1,-35
-447,63,15,4,-36
-433,69,13,10,-37
-435,74,7,15,-39
-454,77,-3,17,-43
-484,75,-17,11,-48
-509,70,-28,1,-51
-515,65,-32,-9,-50
-500,63,-24,-12,-46
-474,66,-5,-6,-40
-451,74,21,7,-36
-444,82,44,18,-38
-456,88,59,22,-46
-481,88,63,16,-58
-509,83,58,5,-68
-529,77,48,-5,-74
-539,73,40,-8,-74
-542,70,35,-6,-73
-548,69,34,-3,-71
-563,65,33,-2,-70
-588,59,31,-7,-70
-615,53,27,-13,-68
-633,50,24,-17,-64
-630,52,23,-13,-57
-604,62,25,-2,-50
-567,75,29,12,-43
-535,90,33,23,-38
-526,103,35,31,-35
-545,114,34,34,-32
-584,122,30,35,-29
-622,126,22,35,-28
-643,125,12,33,-31
-639,116,-1,26,-40
-616,99,-17,14,-53
-590,77,-35,-2,-68
-578,56,-51,-17,-80
-588,44,-62,-25,-85
-615,41,-66,-27,-85
-646,45,-63,-25,-82
-668,50,-56,-23,-82
-674,51,-49,-24,-87
-665,46,-44,-31,-97
-650,37,-40,-41,-108
-636,30,-38,-50,-114
-626,28,-34,-55,-114
-620,30,-28,-55,-108
-616,35,-20,-53,-98
-612,38,-13,-48,-88
-613,38,-9,-42,-82
-621,36,-8,-36,-79
-638,32,-10,-31,-79
-658,27,-13,-27,-80
-674,23,-13,-24,-80
-678,19,-10,-23,-78
-671,17,-4,-24,-76
-656,18,5,-25,-73
-640,23,12,-26,-70
-627,30,16,-25,-68
-617,35,14,-23,-70
-609,38,7,-19,-76
-600,38,-2,-16,-86
-592,35,-11,-16,-96
-591,34,-17,-18,-102
-597,34,-19,-24,-101
-610,36,-17,-31,-93
-625,38,-14,-35,-81
-638,39,-8,-33,-68
-645,40,-4,-25,-60
-644,42,0,-12,-59
-638,45,1,-1,-65
-626,49,0,4,-76
-612,51,-3,1,-88
-599,51,-6,-9,-99
-590,47,-8,-22,-107
-591,43,-7,-35,-111
-603,40,-3,-44,-110
-623,41,4,-49,-104
-646,46,14,-50,-96
-667,51,24,-48,-88
-683,54,32,-44,-82
-690,53,36,-38,-80
-687,49,34,-31,-82
-674,42,27,-25,-85
-653,35,15,-22,-88
-630,28,1,-23,-91
-612,21,-13,-27,-93
-603,15,-23,-35,-97
-603,8,-29,-43,-103
-604,3,-31,-48,-108
-600,0,-29,-49,-111
-586,0,-26,-46,-109
-570,2,-22,-41,-101
-561,7,-19,-37,-90
-567,10,-17,-33,-80
-585,11,-16,-30,-73
-604,10,-16,-27,-71
-610,10,-14,-22,-71
-597,11,-10,-14,-71
-572,16,-5,-6,-70
-549,23,1,1,-65
-539,31,8,5,-59
-547,37,14,5,-55
-562,42,20,3,-55
-575,45,26,1,-59
-579,48,30,0,-66
-580,50,32,1,-72
-590,52,31,0,-77
-613,53,27,-2,-78
-646,52,23,-6,-76
-675,50,20,-9,-74
-688,48,21,-11,-73
-680,46,25,-10,-72
-660,46,29,-6,-72
-645,46,32,-1,-71
-643,47,32,1,-69
-654,47,30,-2,-67
-665,46,25,-10,-67
-667,41,18,-24,-70
-656,34,8,-39,-75
-643,24,-5,-51,-82
-639,14,-20,-56,-87
-651,4,-31,-55,-89
-674,-2,-36,-47,-88
-697,-4,-34,-39,-84
-706,-3,-25,-32,-78
-699,1,-13,-29,-70
-677,4,0,-25,-59
-649,9,14,-19,-46
-616,15,30,-8,-30
-577,24,48,6,-17
-528,34,67,20,-6
-468,44,83,29,1
-403,52,93,36,11
-340,58,101,47,31
-279,67,113,69,68
-214,86,139,107,122
-132,117,180,155,184
-27,157,229,200,240
93,196,274,229,276
204,222,300,232,284
274,226,302,214,268
279,211,283,185,235
216,184,252,157,196
101,157,221,136,154
-36,136,194,117,108
-171,119,165,93,54
-290,102,129,56,-9
-397,79,84,10,-75
-504,48,33,-36,-133
-619,16,-12,-69,-175
-742,-8,-41,-81,-197
-862,-18,-47,-74,-201
-966,-15,-36,-56,-196
-1043,-4,-19,-40,-188
-1092,7,-5,-32,-181
-1116,14,1,-32,-171
-1120,16,-1,-34,-158
-1108,17,-4,-33,-139
-1081,20,-2,-28,-117
-1039,25,8,-20,-97
-984,30,23,-15,-82
-920,33,36,-15,-74
-851,32,43,-18,-71
-781,29,43,-22,-75
-716,27,36,-24,-83
-661,30,27,-24,-93
-619,37,18,-21,-104
-596,46,13,-18,-110
-592,53,12,-17,-108
-606,57,14,-16,-97
-629,56,18,-14,-78
-652,52,22,-10,-57
-669,47,27,-5,-42
-677,44,31,0,-36
-676,41,34,2,-38
-668,40,36,-1,-46
-654,39,35,-8,-55
-638,39,32,-17,-61
-621,39,26,-28,-65
-606,38,19,-37,-68
-598,37,13,-43,-71
-596,34,9,-47,-75
-598,31,8,-49,-76
-600,30,9,-48,-74
-601,30,8,-45,-68
-602,33,6,-40,-59
-604,37,0,-33,-52
-613,42,-7,-22,-48
-626,47,-12,-9,-48
-640,52,-14,4,-49
-651,57,-11,15,-49
-656,64,-4,22,-47
-657,71,2,23,-44
-658,75,4,19,-44
-661,73,1,11,-48
-668,65,-6,2,-57
-675,53,-13,-5,-68
-678,40,-16,-7,-77
-674,33,-12,-7,-81
-662,32,-2,-6,-80
-645,38,10,-7,-78
-626,45,18,-9,-77
-611,50,20,-11,-80
-602,49,13,-11,-86
-604,43,1,-8,-90
-614,36,-10,-4,-91
-628,32,-17,0,-86
-642,33,-17,2,-77
-648,40,-12,0,-68
-644,49,-5,-5,-63
-632,56,-1,-9,-66
-618,60,0,-11,-73
-609,60,-2,-10,-82
-612,58,-4,-6,-88
-628,58,-1,-2,-89
-653,60,6,0,-84
-681,63,17,-1,-76
-703,65,29,-4,-69
-713,64,39,-7,-65
-712,60,46,-9,-64
-703,56,51,-9,-65
-690,53,53,-7,-66
-679,53,54,-6,-66
-674,55,54,-5,-65
-673,56,55,-6,-66
-677,54,56,-7,-68
-681,51,57,-5,-70
-685,47,59,0,-70
-689,47,60,8,-66
-692,54,57,15,-59
-695,66,50,18,-49
-700,80,42,15,-40
-706,93,36,10,-36
-715,100,34,7,-36
-727,101,39,8,-41
-738,99,48,17,-46
-745,99,60,33,-47
-739,106,73,52,-42
-717,123,88,71,-30
-680,150,106,89,-12
-639,182,128,105,9
-610,212,152,118,28
-606,234,173,129,41
-630,244,189,136,47
-670,244,196,141,49
-707,237,199,147,51
-725,228,201,158,60
-721,222,207,174,78
-705,218,218,197,104
-698,213,235,220,133
-710,203,250,239,161
-739,185,259,249,184
-768,157,260,249,202
-779,121,250,242,218
-763,80,233,232,236
-730,37,212,226,258
-703,-8,190,224,285
-702,-52,169,226,312
-730,-97,151,228,336
-772,-142,136,225,357
-808,-187,123,217,372
-819,-230,113,202,383
-805,-271,104,182,390
-782,-309,94,157,393
-767,-345,83,130,390
-770,-382,68,102,381
-784,-418,51,74,367
-796,-454,31,47,347
-796,-487,10,23,326
-784,-516,-11,2,305
-774,-539,-31,-14,285
-776,-555,-49,-23,269
-792,-566,-66,-25,254
-812,-569,-82,-20,237
-819,-564,-96,-13,215
-802,-551,-108,-9,184
-766,-528,-120,-15,144
-729,-499,-130,-33,95
-710,-464,-137,-63,42
-718,-426,-142,-99,-14
-743,-384,-144,-135,-70
-769,-339,-144,-165,-124
-780,-288,-141,-186,-177
-770,-234,-139,-200,-227
-748,-183,-140,-211,-270
-728,-141,-143,-221,-303
-719,-114,-146,-232,-325
-724,-101,-147,-240,-335
-734,-97,-140,-242,-335
-740,-94,-126,-235,-327
-733,-85,-105,-222,-314
-714,-70,-82,-208,-300
-689,-52,-63,-198,-289
-669,-36,-53,-196,-283
-664,-27,-51,-201,-280
-679,-26,-55,-207,-279
-712,-28,-60,-209,-276
-752,-29,-63,-204,-270
-782,-28,-63,-194,-261
-790,-23,-61,-180,-249
-775,-19,-58,-168,-237
-745,-17,-54,-158,-226
-713,-18,-47,-150,-215
-693,-19,-36,-143,-202
-689,-19,-22,-134,-188
-694,-15,-8,-124,-173
-699,-8,4,-113,-157
-697,1,11,-101,-142
-693,10,15,-90,-128
-695,17,18,-78,-112
-712,21,21,-67,-93
-743,21,25,-56,-73
-779,20,31,-45,-54
-806,19,37,-35,-38
-812,20,44,-26,-28
-800,24,53,-18,-22
-780,30,63,-11,-18
-764,36,74,-7,-13
-762,42,84,-5,-6
-770,45,89,-5,3
-781,45,89,-3,9
-787,46,85,1,12
-786,48,79,8,9
-782,53,75,14,3
-781,58,76,20,-4
-786,62,82,22,-9
-795,60,89,23,-11
-803,55,94,23,-10
-804,48,92,25,-8
-798,43,84,28,-5
-790,43,73,32,-2
-783,49,63,37,1
-781,58,59,41,4
-785,66,63,45,8
-794,72,71,46,11
-804,72,78,45,14
-813,68,81,41,17
-819,62,80,35,20
-818,59,78,28,23
-811,58,77,22,23
-800,61,79,18,20
-791,65,83,16,14
-790,66,85,15,8
-799,64,84,15,7
-814,59,80,16,12
-828,52,76,21,20
-834,46,74,26,27
-829,43,75,30,29
-816,42,80,30,24
-802,43,87,27,18
-793,46,96,23,13
-789,50,106,21,13
-792,55,113,24,15
-798,57,115,31,16
-807,55,106,39,13
-817,48,87,44,6
-823,37,62,43,-1
-823,28,39,37,-3
-812,24,26,31,1
-793,29,26,28,9
-776,39,37,29,18
-772,51,50,34,25
-788,58,59,41,28
-820,57,60,47,30
-854,51,57,50,33
-874,44,52,50,35
-869,41,50,47,35
-842,42,51,40,31
-810,48,53,31,24
-790,54,54,21,19
-794,56,54,14,19
-818,55,55,12,27
-849,52,58,15,40
-870,51,63,25,53
-871,53,70,36,60
-854,60,77,46,59
-829,69,83,52,52
-808,75,86,53,45
-799,78,88,48,42
-804,76,88,42,45
-819,74,86,37,52
-837,74,81,37,59
-853,78,75,42,66
-864,86,71,53,71
-867,95,71,66,77
-860,101,79,78,85
-842,104,93,85,95
-820,104,109,88,105
-801,103,122,85,112
-795,104,126,80,114
-808,104,121,74,110
-836,103,110,67,100
-868,100,98,59,86
-890,92,90,51,72
-896,83,87,42,61
-884,74,87,35,54
-865,66,88,30,51
-850,61,88,29,49
-847,58,87,31,47
-856,57,89,34,42
-871,55,93,37,35
-883,53,101,39,29
-888,50,109,40,26
-885,47,113,40,29
-878,43,111,39,37
-869,41,105,39,46
-861,41,97,40,54
-858,44,92,43,57
-860,48,91,47,56
-870,50,92,51,52
-884,48,93,52,50
-898,40,91,49,50
-903,29,87,42,54
-898,18,85,37,59
-883,12,89,36,64
-869,13,100,41,69
-864,20,117,50,73
-872,28,134,57,77
-888,33,144,59,81
-900,31,143,55,85
-898,23,130,48,87
-882,10,110,42,88
-861,-1,90,40,88
-847,-7,77,43,88
-848,-8,74,48,89
-862,-4,81,50,89
-878,0,91,50,86
-882,1,96,46,80
-872,-2,92,41,71
-852,-6,78,39,63
-836,-9,57,38,62
-833,-9,38,41,71
-847,-6,26,45,89
-871,-2,25,51,111
-894,2,32,59,131
-907,6,39,69,142
-907,9,41,77,141
-901,9,34,80,131
-895,7,19,77,117
-896,-1,2,69,103
-905,-14,-10,58,94
-916,-30,-13,50,88
-923,-43,-6,46,86
-917,-52,9,46,84
-897,-53,26,48,84
-863,-50,41,48,84
-825,-45,52,46,89
-792,-43,57,44,96
-774,-44,58,44,106
-775,-49,58,46,116
-794,-55,58,48,122
-823,-60,58,49,124
-849,-64,60,48,123
-864,-64,63,48,123
-865,-63,63,50,126
-854,-62,60,56,130
-840,-61,52,66,133
-832,-62,40,75,133
-836,-65,27,80,128
-852,-66,19,80,122
-871,-64,18,78,119
-885,-58,25,77,122
-883,-51,36,79,131
-867,-47,42,82,140
-845,-50,40,81,141
-829,-62,29,73,132
-828,-79,14,60,115
-840,-96,2,45,96
-855,-107,0,34,85
-857,-108,7,34,85
-841,-101,20,44,94
-813,-91,33,60,107
-787,-81,40,76,119
-781,-75,42,85,125
-800,-72,40,85,127
-837,-72,40,77,129
-878,-73,42,68,132
-907,-76,45,63,138
-916,-82,46,66,145
-909,-89,42,74,152
-892,-95,33,84,157
-872,-99,21,89,161
-855,-100,11,87,162
-846,-98,4,77,162
-849,-93,2,63,160
-867,-89,4,51,158
-898,-88,6,45,157
-933,-90,7,45,158
-957,-96,8,50,161
-963,-105,9,57,164
-951,-113,9,61,165
-929,-121,10,62,161
-911,-127,10,59,155
-906,-132,11,53,149
-914,-137,11,47,145
-927,-141,12,42,145
-937,-144,13,40,146
-937,-145,13,43,147
-930,-142,13,49,146
-922,-136,15,56,144
-919,-129,19,61,144
-925,-123,25,63,150
-939,-117,34,64,162
-957,-112,43,66,175
-975,-106,50,70,186
-988,-101,54,75,188
-992,-99,52,78,181
-987,-103,44,75,165
-977,-116,32,64,146
-969,-135,17,48,130
-970,-153,3,33,121
-985,-166,-5,23,119
-1008,-168,-6,21,122
-1028,-162,2,25,125
-1031,-153,12,30,123
-1012,-146,21,31,116
-979,-144,24,28,105
-949,-147,21,22,94
-941,-150,15,20,88
-962,-148,12,24,89
-1001,-140,16,37,96
-1039,-128,26,52,104
-1057,-115,39,66,110
-1049,-105,50,73,113
-1025,-99,54,71,112
-1005,-96,49,63,110
-1001,-95,39,55,107
-1015,-94,30,50,103
-1034,-92,26,52,96
-1044,-88,30,57,87
-1037,-84,42,62,76
-1021,-78,55,64,65
-1006,-70,63,61,56
-1003,-60,64,56,51
-1011,-49,57,54,50
-1023,-38,47,56,53
-1028,-28,41,63,58
-1021,-19,44,73,64
-1006,-11,55,80,70
-989,-5,71,83,73
-980,0,85,79,73
-985,3,91,70,68
-1002,4,88,59,59
-1028,6,80,51,50
-1053,8,71,47,43
-1065,13,64,49,40
-1059,20,61,54,39
-1036,28,61,60,38
-1007,35,60,65,35
-986,41,60,68,30
-985,46,61,69,24
-1003,50,64,67,20
-1027,54,71,65,20
-1040,58,79,63,23
-1034,63,86,61,28
-1014,65,89,59,30
-997,65,86,57,29
-993,63,80,55,25
-1003,60,72,54,20
-1014,60,68,54,17
-1013,65,70,55,16
-995,74,78,55,17
-970,84,86,53,17
-954,91,91,49,14
-960,92,88,43,11
-986,87,79,40,7
-1017,81,67,41,5
-1036,77,57,45,5
-1038,78,54,52,5
-1032,85,58,56,3
-1035,96,65,57,-1
-1058,108,70,53,-7
-1095,117,69,48,-12
-1127,122,62,45,-17
-1133,122,48,45,-20
-1103,118,31,46,-24
-1048,112,13,46,-27
-991,106,-3,43,-28
-955,102,-14,40,-25
-953,103,-18,38,-16
-977,109,-14,41,-5
-1006,117,-4,47,5
-1022,125,9,54,8
-1017,128,17,57,2
-996,125,19,52,-11
-977,116,13,41,-27
-970,105,5,28,-40
-983,95,-1,19,-48
-1009,89,0,16,-53
-1040,87,6,18,-57
-1069,87,12,22,-62
-1091,89,15,23,-66
-1105,93,13,19,-67
-1111,98,10,12,-63
-1108,104,10,7,-53
-1093,111,18,5,-39
-1068,116,31,8,-25
-1039,118,45,14,-13
-1010,117,55,20,-1
-982,115,60,26,12
-945,115,63,33,31
-888,121,72,45,57
-803,137,93,66,93
-692,164,129,97,138
-568,198,177,135,191
-451,235,227,177,246
-359,269,271,213,296
-298,293,301,236,331
-266,306,314,243,344
-257,307,311,233,332
-264,299,294,212,297
-288,287,267,187,249
-331,273,233,162,197
-396,255,195,138,149
-483,234,155,113,104
-589,210,114,83,60
-713,185,75,50,13
-854,163,38,15,-36
-1008,146,8,-13,-83
-1169,136,-13,-30,-122
-1324,131,-22,-36,-145
-1453,127,-20,-32,-151
-1541,125,-9,-26,-143
-1580,123,5,-21,-129
-1577,123,18,-19,-113
-1550,126,30,-19,-101
-1518,131,40,-19,-91
-1493,135,51,-16,-81
-1477,136,63,-11,-67
-1459,134,73,-4,-51
-1425,131,80,4,-35
-1367,131,83,11,-23
-1292,135,82,17,-18
-1212,142,79,20,-20
-1147,147,77,19,-27
-1108,147,76,16,-33
-1097,141,74,12,-37
-1103,131,69,10,-39
-1112,122,63,11,-40
-1112,118,56,16,-41
-1100,119,53,22,-42
-1081,124,54,25,-44
-1068,127,59,23,-44
-1065,126,63,18,-41
-1072,119,65,10,-37
-1081,111,64,5,-33
-1080,105,60,4,-29
-1067,102,56,7,-28
-1049,103,54,12,-28
-1038,106,56,15,-29
-1045,106,59,15,-29
-1069,102,61,11,-27
-1099,97,63,7,-22
-1116,93,62,5,-16
-1109,93,61,9,-9
-1083,97,61,17,-4
-1055,103,63,27,0
-1047,108,68,34,3
-1063,109,76,35,5
-1094,105,84,31,7
-1117,97,90,24,12
-1115,89,93,19,19
-1088,85,93,18,28
-1049,86,89,22,35
-1021,91,84,28,40
-1017,99,80,34,38
-1033,105,79,37,31
-1054,107,80,35,20
-1065,103,83,29,8
-1059,96,84,21,0
-1043,89,85,15,-2
-1028,84,85,14,1
-1023,85,87,19,8
-1027,92,90,28,14
-1036,102,95,38,18
-1045,111,99,44,20
-1053,116,101,45,20
-1060,116,100,41,21
-1066,112,97,37,25
-1066,109,96,37,31
-1058,109,98,40,36
-1043,115,104,46,38
-1029,124,108,50,35
-1025,133,108,49,30
-1035,137,101,42,23
-1056,135,90,33,19
-1076,128,81,23,16
-1084,119,78,15,14
-1077,111,83,9,11
-1060,106,92,3,6
-1042,104,101,-3,1
-1033,106,105,-8,-2
-1032,109,104,-9,-2
-1039,114,102,-6,3
-1049,119,102,0,10
-1062,124,105,7,16
-1076,126,110,12,18
-1090,125,113,14,15
-1101,122,109,15,6
-1104,117,100,16,-4
-1100,114,88,18,-13
-1092,113,79,21,-19
-1088,113,75,23,-22
-1089,114,77,22,-22
-1093,114,82,18,-20
-1089,115,87,14,-17
-1070,117,90,12,-15
-1037,122,92,12,-15
-1003,128,93,13,-17
-986,134,96,13,-21
-996,136,101,11,-24
-1031,134,106,10,-26
-1074,129,110,11,-24
-1102,125,111,15,-21
-1102,124,107,22,-19
-1078,127,101,28,-22
-1047,131,94,29,-30
-1028,131,88,23,-41
-1031,127,82,13,-50
-1052,120,79,3,-54
-1071,113,77,-3,-51
-1073,113,77,-2,-43
-1052,118,78,2,-35
-1021,127,80,5,-31
-999,135,81,7,-30
-1002,137,81,8,-31
-1034,134,77,9,-29
-1077,127,72,14,-24
-1110,121,65,20,-17
-1115,117,59,27,-10
-1091,116,55,29,-6
-1050,116,54,27,-7
-1012,115,59,23,-10
-992,115,67,21,-14
-993,117,80,23,-19
-1010,120,93,29,-22
-1033,125,105,34,-24
-1055,130,112,35,-24
-1072,133,118,31,-21
-1081,135,123,22,-18
-1081,136,129,12,-15
-1071,137,136,5,-14
-1054,138,143,1,-13
-1037,139,146,1,-13
-1029,139,146,1,-10
-1036,136,144,2,-6
-1055,133,143,3,-2
-1078,131,145,6,0
-1092,131,150,13,0
-1092,131,153,22,0
-1080,133,155,31,2
-1064,135,155,39,10
-1055,139,158,41,22
-1056,145,165,39,35
-1067,152,177,33,43
-1079,159,190,27,44
-1087,165,197,23,41
-1084,167,197,24,39
-1069,169,192,28,42
-1046,171,185,34,49
-1022,173,181,38,56
-1005,175,177,38,56
-1001,172,173,31,46
-1012,163,166,19,28
-1033,150,157,7,10
-1054,135,151,-3,-2
-1063,123,150,-6,-4
-1057,117,157,-5,1
-1039,116,166,-1,7
-1022,115,172,-1,7
-1021,110,170,-6,0
-1041,100,160,-17,-10
-1078,87,145,-29,-18
-1115,75,133,-37,-20
-1134,67,127,-39,-15
-1125,67,126,-34,-8
-1093,74,126,-25,-3
-1055,83,123,-18,-4
-1029,91,115,-14,-9
-1025,96,104,-13,-14
-1041,96,94,-14,-15
-1065,95,88,-12,-10
-1085,95,86,-9,-3
-1094,98,86,-5,4
-1096,103,85,-4,6
-1098,108,81,-8,2
-1104,110,75,-16,-6
-1109,108,69,-24,-13
-1104,103,65,-28,-17
-1087,100,65,-25,-16
-1062,101,67,-16,-13
-1043,106,68,-5,-10
-1041,115,68,4,-10
-1058,122,67,9,-14
-1082,125,69,10,-18
-1097,123,75,11,-21
-1092,121,86,12,-19
-1068,120,100,17,-12
-1039,124,113,22,-2
-1017,131,122,27,6
-1010,139,124,28,9
-1015,144,121,26,7
-1022,146,114,22,2
-1026,146,106,18,-2
-1027,146,98,16,-4
-1033,146,90,14,-4
-1053,146,80,11,-6
-1084,144,69,6,-10
-1117,139,60,-1,-16
-1137,132,54,-6,-22
-1133,127,54,-9,-25
-1105,125,59,-6,-25
-1065,127,65,-1,-21
-1030,130,67,4,-18
-1016,132,65,7,-16
-1028,129,59,6,-14
-1058,124,52,1,-12
-1089,117,48,-5,-9
-1109,112,47,-12,-7
-1113,108,47,-19,-7
-1104,106,45,-24,-9
-1094,104,40,-25,-14
-1088,101,34,-21,-19
-1087,96,29,-14,-21
-1085,91,28,-7,-20
-1078,85,30,-3,-19
-1065,78,34,-5,-18
-1053,73,37,-10,-20
-1049,70,38,-14,-23
-1054,70,40,-14,-25
-1066,72,42,-10,-26
-1075,75,46,-4,-26
-1078,77,48,1,-27
-1075,77,47,1,-28
-1071,75,40,-2,-31
-1070,73,28,-7,-33
-1072,71,14,-13,-35
-1071,69,2,-17,-37
-1060,67,-6,-20,-40
-1040,65,-9,-24,-44
-1019,63,-9,-28,-48
-1009,65,-7,-32,-49
-1015,72,-3,-37,-49
-1033,81,0,-42,-45
-1053,88,6,-46,-42
-1060,91,11,-51,-39
-1050,87,16,-53,-38
-1029,79,18,-50,-37
-1007,73,17,-43,-35
-998,74,13,-30,-30
-1006,82,8,-17,-24
-1025,96,4,-9,-19
-1044,109,3,-8,-16
-1055,116,6,-16,-18
-1054,114,10,-29,-24
-1045,105,14,-44,-32
-1034,92,17,-56,-39
-1027,79,17,-63,-43
-1023,70,15,-66,-42
-1022,64,12,-67,-37
-1018,62,11,-68,-32
-1010,63,11,-68,-28
-1000,64,14,-65,-27
-990,66,19,-57,-29
-986,69,23,-43,-30
-992,72,27,-26,-29
-1011,76,28,-10,-24
-1038,82,26,1,-17
-1064,89,24,4,-10
-1077,97,22,2,-5
-1071,105,20,-4,-4
-1046,112,19,-7,-7
-1015,118,17,-7,-12
-995,123,16,-2,-18
-995,128,13,4,-22
-1014,133,12,10,-23
-1042,140,10,13,-21
-1066,148,10,12,-16
-1076,156,11,12,-7
-1074,164,14,13,5
-1067,172,19,17,17
-1061,175,25,22,26
-1057,175,30,27,29
-1051,169,31,28,24
-1039,159,26,23,13
-1023,149,16,13,-2
-1010,140,4,3,-17
-1007,134,-5,-4,-27
-1016,132,-7,-4,-33
-1031,131,-4,2,-36
-1040,130,1,12,-37
-1035,127,3,21,-39
-1013,124,-1,26,-42
-982,121,-6,26,-45
-954,121,-9,23,-47
-941,123,-7,17,-48
-948,127,2,12,-47
-969,131,11,7,-46
-990,134,17,1,-45
-1000,134,14,-5,-45
-994,129,3,-14,-46
-976,119,-11,-23,-47
-960,107,-23,-32,-48
-955,93,-27,-38,-46
-965,84,-24,-40,-40
-984,81,-14,-38,-34
-999,86,-2,-32,-27
-1002,95,7,-25,-25
-992,106,12,-19,-28
-977,113,11,-13,-35
-966,115,7,-10,-45
-966,110,2,-7,-54
-977,103,-1,-7,-61
-990,96,0,-9,-63
-998,91,4,-12,-62
-994,91,9,-18,-60
-982,95,14,-24,-57
-966,101,17,-28,-54
-954,107,17,-28,-54
-949,110,16,-24,-54
-952,111,13,-16,-56
-953,110,8,-7,-58
-947,107,2,1,-59
-928,105,-4,7,-58
-900,105,-8,9,-54
-876,108,-7,10,-48
-869,113,-3,9,-41
-885,120,2,6,-35
-918,127,3,3,-31
-952,133,0,0,-31
-969,135,-8,-3,-33
-961,134,-16,-6,-35
-935,129,-20,-8,-35
-907,122,-18,-10,-33
-891,116,-13,-13,-30
-892,114,-8,-14,-27
-901,117,-6,-11,-24
-906,126,-5,-3,-21
-897,140,-2,13,-16
-879,156,8,36,-7
-862,172,26,64,6
-854,186,48,91,22
-860,197,70,115,39
-876,207,88,133,57
-893,216,102,145,76
-906,224,116,156,98
-914,230,134,168,122
-920,233,156,181,147
-925,230,181,196,171
-929,221,201,207,190
-929,205,212,214,204
-927,182,210,215,214
-924,153,199,212,224
-923,119,182,208,237
-928,80,168,204,257
-939,37,160,202,280
-952,-7,157,199,304
-963,-51,157,191,323
-970,-95,156,180,333
-974,-138,151,165,334
-978,-181,141,147,330
-985,-225,128,130,324
-996,-271,114,111,320
-1007,-318,100,91,318
-1013,-363,88,67,318
-1010,-404,76,39,312
-999,-440,61,10,299
-986,-471,42,-18,277
-979,-497,19,-39,249
-985,-517,-7,-50,222
-1005,-531,-32,-50,203
-1029,-537,-50,-42,194
-1049,-533,-60,-30,191
-1053,-521,-62,-21,187
-1041,-501,-61,-22,173
-1020,-477,-62,-33,144
-1001,-449,-69,-55,103
-992,-416,-80,-83,54
-997,-379,-91,-111,6
-1011,-335,-99,-136,-39
-1023,-288,-101,-158,-81
-1024,-239,-100,-177,-123
-1006,-192,-101,-194,-167
-973,-150,-106,-208,-211
-932,-114,-115,-219,-251
-897,-84,-125,-224,-281
-877,-59,-132,-221,-298
-878,-39,-135,-212,-304
-897,-24,-133,-200,-300
-927,-11,-127,-190,-292
-956,0,-119,-185,-281
-976,12,-109,-187,-271
-980,27,-98,-193,-264
-968,43,-89,-200,-260
-947,58,-83,-204,-259
-924,69,-84,-201,-258
-911,76,-94,-191,-255
-912,77,-111,-177,-249
-926,77,-129,-161,-237
-946,76,-142,-147,-222
-963,75,-145,-136,-206
-968,76,-138,-128,-190
-962,79,-124,-121,-178
-949,83,-109,-115,-169
-936,87,-99,-109,-164
-928,89,-97,-105,-161
-927,89,-101,-101,-158
-932,85,-105,-96,-150
-938,81,-105,-88,-137
-945,78,-97,-74,-118
-951,79,-82,-57,-94
-955,86,-64,-38,-71
-956,97,-49,-23,-52
-952,109,-39,-13,-39
-941,118,-32,-8,-32
-926,126,-26,-3,-28
-911,131,-16,4,-25
-900,137,-3,15,-21
-895,143,7,29,-16
-897,147,10,39,-12
-904,147,4,42,-11
-914,139,-10,37,-14
-924,124,-25,28,-21
-931,105,-35,18,-31
-934,87,-35,12,-40
-932,75,-27,9,-48
-928,69,-17,9,-54
-925,69,-10,8,-59
-926,69,-13,6,-64
-931,65,-27,2,-71
-937,57,-47,-1,-79
-936,47,-68,-2,-85
-926,38,-83,0,-87
-905,36,-88,1,-86
-880,40,-82,0,-82
-858,47,-69,-4,-79
-847,54,-53,-11,-79
-851,58,-41,-16,-83
-869,56,-35,-17,-88
-894,52,-37,-13,-90
-919,47,-43,-7,-87
-935,45,-51,-3,-81
-939,44,-57,-4,-76
-931,42,-59,-11,-75
-917,40,-57,-21,-77
-902,37,-53,-29,-80
-891,38,-48,-31,-79
-884,43,-42,-25,-73
-880,52,-33,-14,-63
-873,62,-22,-1,-53
-864,69,-10,10,-48
-854,71,0,15,-50
-849,66,5,15,-55
-853,59,3,13,-61
-864,53,-4,10,-63
-876,49,-11,7,-60
-884,48,-18,7,-55
-881,49,-22,6,-49
-871,49,-26,5,-46
-861,49,-30,2,-46
-858,49,-35,-2,-49
-867,49,-39,-5,-52
-884,48,-40,-7,-52
-899,48,-36,-8,-47
-903,48,-26,-5,-35
-888,49,-11,0,-17
-855,53,6,7,5
-807,59,24,18,28
-751,68,42,30,50
-692,77,61,43,70
-631,87,83,57,90
-566,99,109,75,114
-493,115,142,98,147
-409,136,181,126,190
-316,163,225,157,241
-217,195,269,184,291
-119,225,306,202,329
-34,248,328,203,349
25,258,329,188,345
46,254,311,162,322
23,238,276,134,285
-44,215,232,112,242
-144,190,187,98,197
-262,168,144,89,152
-388,148,104,79,106
-518,130,66,60,57
-651,110,30,33,8
-789,87,-3,1,-39
-930,63,-30,-27,-78
-1062,40,-47,-47,-105
-1170,23,-54,-55,-119
-1243,14,-52,-55,-118
-1278,13,-44,-49,-106
-1282,17,-35,-42,-86
-1266,22,-25,-34,-63
-1242,27,-16,-24,-40
-1215,30,-7,-10,-18
-1185,32,1,6,1
-1148,34,8,21,16
-1099,39,12,32,28
-1038,46,12,36,37
-968,53,7,33,41
-901,56,1,25,41
-850,54,-5,17,38
-823,45,-8,10,35
-817,32,-6,9,35
-822,21,0,12,40
-821,15,10,19,49
-804,20,22,28,59
-775,33,33,36,66
-749,50,43,39,65
-743,63,49,36,57
-766,67,52,27,44
-806,63,54,17,32
-838,53,57,10,27
-842,44,62,8,30
-813,38,69,14,40
-766,36,75,23,52
-728,34,74,32,59
-721,30,64,37,61
-746,23,46,36,57
-785,14,26,32,50
-817,4,10,26,46
-827,-3,4,22,45
-819,-7,7,21,46
-805,-9,14,20,50
-800,-9,18,19,54
-804,-7,15,18,59
-808,-2,5,18,66
-803,7,-5,21,75
-785,16,-7,28,85
-764,26,4,38,95
-752,34,25,47,102
-758,39,49,52,107
-776,42,69,52,109
-791,43,80,49,112
-790,43,84,44,115
-771,42,84,41,120
-742,40,84,40,123
-721,37,84,41,123
-721,32,81,42,119
-741,27,73,41,110
-770,19,58,38,100
-792,8,37,34,90
-800,-5,16,30,85
-796,-18,1,28,84
-792,-28,-7,29,86
-794,-35,-7,32,90
-798,-35,-3,36,92
-796,-33,1,38,90
-778,-31,1,39,86
-746,-31,-4,36,79
-713,-36,-14,31,74
-696,-45,-26,26,73
-704,-54,-37,23,76
-730,-61,-45,23,83
-757,-64,-48,26,91
-770,-63,-47,30,97
-762,-58,-41,34,100
-744,-53,-33,35,102
-733,-51,-24,36,103
-738,-53,-17,35,106
-759,-59,-13,36,112
-782,-69,-12,39,119
-795,-78,-14,42,125
-793,-83,-16,44,129
-782,-83,-14,44,132
-772,-77,-9,42,135
-767,-69,1,40,139
-765,-62,10,38,143
-762,-57,16,38,146
-755,-56,15,39,146
-748,-57,7,39,144
-746,-59,-3,38,143
-751,-61,-12,39,146
-760,-62,-16,41,154
-763,-63,-17,45,163
-756,-64,-17,52,170
-742,-68,-21,60,170
-730,-73,-30,65,165
-730,-78,-40,67,157
-742,-83,-48,67,151
-760,-84,-50,67,152
-770,-83,-46,66,157
-765,-80,-40,67,165
-746,-77,-38,67,171
-720,-75,-40,64,171
-697,-76,-46,58,165
-685,-80,-52,47,156
-685,-86,-55,35,147
-697,-94,-55,23,140
-716,-104,-56,16,138
-739,-115,-59,14,140
-760,-125,-63,15,145
-771,-132,-62,20,151
-769,-135,-54,23,155
-753,-135,-38,25,157
-730,-132,-20,26,155
-709,-130,-7,27,150
-699,-132,-3,30,145
-701,-139,-6,37,143
-712,-147,-9,46,147
-725,-153,-8,55,156
-734,-155,-1,61,169
-736,-151,8,60,179
-733,-146,9,54,184
-724,-141,1,43,180
-710,-141,-17,34,170
-691,-144,-35,27,157
-670,-147,-46,27,146
-652,-146,-46,31,141
-643,-139,-37,39,141
-644,-127,-27,48,145
-653,-113,-22,56,148
-660,-103,-26,63,149
-659,-98,-35,67,147
-647,-99,-44,69,142
-630,-103,-49,68,135
-616,-108,-49,63,126
-613,-111,-47,57,118
-620,-111,-47,49,109
-631,-108,-51,43,104
-637,-102,-56,39,101
-632,-96,-62,39,102
-619,-91,-66,40,105
-606,-88,-66,40,108
-605,-86,-64,40,110
-621,-83,-59,41,110
-648,-76,-53,44,109
-674,-65,-45,51,107
-685,-51,-38,59,103
-678,-35,-33,66,98
-658,-23,-31,67,92
-641,-15,-33,61,88
-638,-12,-35,51,89
-652,-9,-34,42,95
-673,-4,-29,38,101
-687,4,-21,40,104
-682,11,-16,43,98
-660,12,-15,44,82
-634,5,-18,40,62
-621,-7,-21,33,43
-630,-18,-19,29,32
-657,-21,-6,31,31
-689,-13,15,39,35
-711,2,36,49,40
-713,15,51,57,41
-699,19,55,57,36
-681,15,51,52,28
-668,6,45,45,21
-665,1,44,40,18
-669,5,48,40,17
-674,18,54,42,16
-674,33,56,43,14
-670,44,51,41,10
-667,48,41,34,5
-667,47,30,27,4
-671,47,24,23,8
-678,51,27,25,19
-684,63,37,36,33
-686,79,49,50,46
-681,94,58,65,52
-668,104,60,73,49
-650,108,56,73,37
-633,108,47,65,21
-626,106,35,53,5
-633,103,22,43,-6
-655,99,10,36,-12
-680,93,0,34,-14
-694,83,-9,34,-15
-687,71,-15,33,-17
-659,59,-19,30,-20
-623,51,-22,25,-25
-598,50,-25,22,-29
-594,54,-28,20,-33
-612,60,-32,18,-36
-640,65,-38,16,-39
-664,67,-43,10,-43
-677,66,-46,2,-45
-676,64,-46,-8,-46
-669,64,-44,-18,-45
-658,65,-40,-25,-42
-646,67,-37,-29,-39
-634,67,-35,-30,-38
-622,65,-34,-28,-39
-614,61,-33,-25,-41
-613,56,-31,-21,-41
-619,53,-27,-17,-41
-627,51,-23,-17,-38
-630,51,-20,-22,-36
-626,50,-19,-31,-35
-614,50,-19,-42,-36
-601,50,-20,-51,-39
-593,50,-23,-55,-43
-593,51,-26,-53,-48
-600,51,-32,-47,-52
-611,50,-39,-40,-54
-625,46,-46,-34,-55
-641,41,-50,-34,-55
-658,37,-50,-36,-54
-674,34,-46,-41,-53
-686,33,-40,-45,-54
-689,34,-36,-47,-54
-682,37,-35,-48,-54
-667,41,-38,-47,-51
-651,47,-42,-47,-46
-639,55,-44,-47,-40
-634,63,-43,-48,-35
-633,69,-40,-47,-34
-630,72,-38,-45,-35
-618,74,-36,-41,-37
-594,74,-36,-36,-38
-564,74,-34,-31,-39
-541,76,-31,-27,-39
-534,78,-26,-25,-40
-549,79,-23,-25,-44
-583,77,-23,-25,-51
-623,72,-27,-25,-60
-654,66,-36,-24,-67
-666,61,-46,-23,-71
-655,60,-56,-22,-72
-627,64,-62,-24,-71
-591,71,-64,-26,-71
-556,77,-63,-29,-72
-531,78,-61,-31,-74
-521,73,-61,-32,-76
-530,65,-63,-32,-77
-555,55,-68,-31,-75
-585,49,-75,-31,-69
-610,48,-81,-31,-61
-617,52,-86,-30,-51
-603,61,-87,-27,-43
-573,70,-87,-22,-37
-540,78,-85,-17,-35
-519,81,-83,-13,-38
-517,80,-81,-11,-43
-531,76,-78,-13,-49
-553,71,-76,-17,-52
-573,68,-72,-21,-52
-585,68,-67,-24,-49
-588,71,-61,-25,-43
-584,75,-54,-23,-36
-577,79,-45,-19,-29
-573,80,-34,-14,-24
-570,79,-22,-10,-18
-567,76,-9,-7,-13
-561,73,4,-6,-8
-549,72,15,-6,-4
-530,74,23,-8,-4
-509,77,29,-9,-8
-492,81,31,-11,-14
-485,84,32,-13,-21
-490,86,32,-13,-25
-504,88,32,-9,-25
-518,90,31,-3,-19
-522,93,31,6,-9
-513,97,30,13,2
-495,102,30,15,9
-477,104,31,11,10
-469,102,35,2,4
-477,96,41,-9,-8
-498,90,48,-17,-21
-523,85,56,-20,-33
-542,84,62,-17,-40
-545,86,67,-13,-42
-532,89,68,-9,-42
-504,92,67,-8,-42
-471,93,63,-7,-44
-442,91,56,-8,-50
-423,89,48,-9,-60
-419,88,40,-13,-70
-429,87,33,-19,-78
-448,86,28,-27,-83
-467,84,23,-35,-84
-481,81,19,-40,-82
-486,78,15,-41,-81
-482,74,10,-39,-80
-473,72,7,-36,-79
-464,71,8,-33,-77
-459,73,14,-31,-71
-457,78,25,-27,-59
-455,87,39,-20,-44
-450,99,53,-11,-29
-441,110,65,-1,-18
-428,119,75,7,-13
-417,123,83,12,-14
-412,121,90,16,-17
-416,117,98,17,-19
-429,111,106,17,-21
-446,106,113,13,-24
-460,99,117,6,-30
-465,91,118,-5,-41
-457,81,117,-19,-55
-436,71,116,-31,-70
-409,65,115,-41,-82
-386,63,116,-48,-88
-377,66,117,-54,-88
-385,72,116,-60,-84
-407,75,109,-64,-77
-433,73,97,-65,-70
-450,67,79,-59,-62
-453,59,61,-47,-56
-440,53,47,-32,-52
-418,52,40,-17,-51
-395,55,40,-6,-54
-379,59,43,0,-59
-372,63,44,1,-64
-374,63,40,1,-67
-384,59,29,3,-68
-397,53,16,7,-66
-410,49,3,12,-63
-419,47,-6,15,-62
-422,50,-10,13,-63
-417,56,-13,7,-66
-406,63,-15,-3,-73
-395,69,-17,-15,-82
-390,72,-19,-25,-92
-393,70,-19,-31,-102
-405,66,-16,-32,-110
-422,61,-11,-29,-114
-441,55,-6,-25,-113
-457,50,-3,-20,-106
-468,48,-5,-18,-95
-472,46,-12,-16,-85
-466,45,-20,-17,-79
-452,45,-25,-20,-78
-431,45,-24,-26,-83
-411,45,-18,-33,-90
-399,45,-9,-41,-97
-401,47,-4,-48,-101
-416,48,-4,-52,-101
-440,48,-9,-51,-98
-465,46,-16,-48,-95
-485,42,-21,-45,-93
-497,37,-21,-44,-94
-503,33,-15,-44,-96
-504,32,-8,-43,-98
-499,34,-1,-39,-97
-490,39,2,-33,-94
-477,46,1,-26,-89
-465,51,-3,-22,-83
-460,51,-8,-21,-79
-464,47,-13,-23,-76
-473,41,-16,-25,-74
-482,36,-14,-25,-71
-483,36,-9,-21,-66
-473,42,-2,-16,-61
-459,52,5,-12,-57
-449,59,7,-13,-57
-450,60,2,-20,-61
-462,54,-10,-29,-65
-478,43,-23,-36,-68
-486,35,-35,-39,-67
-483,34,-42,-37,-63
-470,41,-44,-33,-59
-452,51,-46,-30,-60
-439,60,-52,-31,-66
-432,61,-61,-38,-78
-431,57,-72,-48,-92
-434,49,-81,-58,-101
-437,43,-82,-67,-103
-442,40,-74,-73,-96
-448,41,-60,-75,-82
-454,42,-43,-73,-63
-456,43,-27,-67,-45
-450,43,-14,-58,-32
-436,45,-3,-47,-28
-414,48,5,-39,-33
-393,52,13,-34,-46
-378,57,20,-34,-61
-373,60,24,-38,-74
-381,62,27,-41,-79
-395,63,28,-42,-75
-411,64,30,-40,-65
-420,66,34,-35,-53
-419,68,40,-31,-45
-407,69,45,-29,-42
-391,68,46,-30,-43
-379,67,41,-30,-45
-378,66,28,-30,-46
-390,65,10,-29,-47
-412,65,-7,-28,-49
-435,65,-19,-28,-50
-450,64,-23,-27,-51
-450,66,-20,-23,-48
-438,71,-12,-15,-42
-419,78,-3,-5,-32
-402,86,1,5,-24
-392,91,0,10,-22
-392,90,-6,7,-28
-401,84,-16,0,-38
-415,74,-25,-7,-46
-427,67,-31,-11,-48
-433,64,-32,-9,-44
-429,67,-27,-5,-36
-417,74,-17,-2,-31
-400,81,-5,-4,-33
-386,84,8,-10,-39
-380,83,19,-18,-47
-380,79,29,-23,-51
-383,72,36,-23,-47
-381,66,41,-20,-35
-371,64,44,-13,-20
-355,67,47,-4,-4
-342,76,50,6,10
-340,90,53,16,20
-350,106,55,25,26
-370,119,55,30,29
-387,128,54,28,30
-396,131,50,20,30
-394,130,44,9,30
-386,127,38,-1,30
-378,124,33,-10,29
-375,120,30,-16,26
-376,112,25,-20,19
-380,101,17,-25,8
-382,85,4,-30,-6
-380,69,-13,-34,-20
-373,54,-30,-37,-32
-362,46,-43,-40,-43
-348,45,-49,-42,-52
-332,47,-47,-47,-62
-318,47,-43,-54,-74
-309,43,-42,-62,-89
-309,32,-49,-70,-106
-320,17,-62,-78,-123
-340,2,-77,-85,-136
-365,-6,-86,-92,-144
-389,-8,-88,-97,-145
-405,-5,-83,-99,-142
-412,-1,-75,-96,-135
-407,1,-69,-87,-123
-393,-1,-66,-74,-107
-369,-3,-65,-58,-84
-338,-2,-61,-44,-57
-298,6,-52,-35,-30
-247,22,-37,-28,-7
-184,42,-20,-21,10
-111,63,-2,-8,25
-34,83,18,16,46
44,103,42,50,82
120,126,74,91,135
196,151,110,130,196
277,179,147,159,250
363,205,176,174,284
445,224,189,172,289
508,233,186,160,270
529,230,169,144,237
496,219,146,129,202
408,202,123,116,170
282,183,102,103,138
143,164,83,85,99
13,144,60,59,46
-101,122,31,24,-18
-204,98,-3,-16,-85
-309,73,-38,-56,-145
-425,49,-68,-88,-186
-548,31,-86,-107,-207
-661,20,-92,-114,-209
-747,17,-87,-111,-199
-795,21,-78,-102,-186
-806,28,-69,-93,-172
-793,37,-61,-85,-159
-767,44,-54,-77,-146
-737,49,-47,-67,-132
-700,52,-39,-54,-116
-651,55,-31,-39,-101
-587,59,-26,-26,-88
-511,62,-25,-17,-79
-435,65,-27,-13,-73
-373,67,-30,-12,-71
-333,68,-29,-14,-70
-317,68,-25,-14,-71
-318,68,-20,-14,-71
-325,69,-16,-15,-72
-331,72,-16,-17,-72
-331,74,-17,-20,-72
-325,77,-16,-24,-71
-315,79,-11,-27,-71
-305,79,-3,-29,-71
-299,78,3,-31,-74
-297,74,5,-33,-77
-303,69,-1,-37,-81
-313,63,-9,-42,-83
-326,57,-17,-47,-83
-337,53,-19,-51,-80
-342,53,-17,-52,-76
-339,56,-15,-53,-69
-331,64,-16,-53,-62
-320,73,-22,-52,-55
-310,82,-27,-52,-47
-302,88,-29,-51,-41
-294,91,-23,-50,-38
-284,91,-13,-49,-40
-273,89,-3,-49,-46
-261,88,4,-50,-54
-252,87,5,-54,-59
-252,87,2,-59,-61
-261,86,0,-64,-59
-276,84,1,-68,-55
-291,80,3,-70,-53
-297,76,6,-69,-55
-292,73,6,-66,-59
-278,71,3,-60,-64
-265,73,0,-53,-67
-261,76,0,-47,-65
-269,81,4,-44,-61
-285,86,10,-43,-56
-299,91,17,-44,-53
-303,94,22,-45,-53
-298,96,24,-45,-54
-292,96,24,-45,-54
-295,93,22,-45,-52
-314,89,19,-47,-48
-340,86,18,-49,-43
-360,85,20,-50,-41
-359,89,27,-49,-42
-335,96,38,-43,-44
-297,105,51,-35,-46
-261,113,61,-25,-45
-239,119,66,-16,-42
-235,126,68,-8,-36
-244,134,68,0,-28
-257,146,73,11,-16
-271,162,82,28,-1
-284,179,95,50,15
-296,192,108,75,32
-305,198,117,97,47
-306,197,122,115,61
-295,193,124,128,75
-271,189,128,138,91
-241,188,135,148,111
-215,189,143,158,136
-203,189,150,169,163
-208,183,153,179,190
-227,169,153,189,217
-254,146,155,197,243
-279,117,158,204,272
-296,86,164,208,302
-301,53,170,209,332
-298,20,171,205,360
-294,-14,167,194,383
-300,-50,157,179,399
-319,-91,145,161,408
-348,-136,132,142,412
-375,-185,119,124,410
-385,-237,104,106,403
-369,-291,85,85,391
-332,-343,60,60,372
-289,-391,30,30,347
-257,-431,-2,-3,319
-247,-463,-34,-34,293
-260,-487,-61,-60,272
-284,-504,-78,-77,257
-306,-517,-85,-85,248
-314,-527,-83,-84,241
-306,-533,-74,-78,231
-289,-532,-66,-71,215
-270,-523,-61,-67,191
-255,-504,-62,-72,161
-248,-476,-65,-86,126
-250,-443,-68,-107,88
-259,-407,-67,-132,47
-269,-371,-64,-156,1
-273,-333,-61,-176,-49
-266,-292,-60,-190,-103
-245,-247,-64,-200,-155
-215,-199,-69,-209,-199
-186,-154,-73,-219,-230
-169,-116,-74,-231,-248
-169,-91,-69,-243,-255
-185,-78,-61,-251,-256
-207,-71,-52,-254,-257
-221,-65,-41,-250,-259
-223,-54,-32,-239,-264
-213,-36,-27,-227,-268
-200,-15,-28,-217,-270
-192,3,-37,-212,-271
-192,12,-51,-210,-269
-198,13,-68,-210,-265
-202,10,-81,-207,-260
-201,7,-87,-199,-255
-195,10,-86,-188,-251
-188,18,-82,-175,-247
-186,28,-78,-163,-240
-191,34,-78,-151,-230
-200,35,-78,-138,-214
-210,30,-75,-123,-195
-216,24,-67,-106,-176
-218,21,-54,-89,-161
-214,21,-41,-77,-152
-201,25,-31,-71,-148
-179,30,-27,-69,-146
-149,32,-26,-69,-140
-120,31,-24,-66,-128
-103,30,-15,-59,-111
-104,30,1,-48,-93
-122,34,22,-39,-78
-148,42,41,-33,-69
-168,50,53,-32,-68
-174,55,53,-34,-70
-171,55,42,-35,-73
-172,51,24,-33,-73
-186,46,7,-27,-69
-216,44,-5,-19,-63
-249,45,-8,-13,-55
-268,50,-4,-10,-48
-262,56,4,-12,-42
-234,60,11,-16,-37
-201,61,15,-21,-34
-177,62,17,-23,-33
-171,63,18,-22,-33
-179,65,20,-19,-37
-192,68,22,-15,-42
-201,69,22,-15,-47
-209,68,17,-19,-49
-219,65,11,-28,-47
-233,61,5,-40,-41
-246,60,5,-50,-33
-250,63,11,-56,-24
-237,69,22,-55,-17
-210,76,30,-48,-13
-182,82,32,-39,-12
-167,82,27,-32,-14
-170,77,17,-29,-18
-188,70,9,-32,-26
-211,62,8,-36,-37
-226,56,13,-39,-50
-225,54,22,-38,-64
-210,55,30,-35,-74
-186,57,33,-31,-77
-163,61,29,-30,-74
-149,63,22,-32,-66
-146,63,14,-34,-56
-154,59,6,-35,-50
-165,52,0,-32,-48
-174,44,-8,-28,-51
-174,35,-16,-25,-56
-167,30,-26,-26,-60
-159,27,-34,-31,-61
-157,28,-40,-37,-59
-165,29,-43,-40,-53
-176,31,-42,-37,-46
-182,34,-38,-26,-37
-175,40,-31,-13,-26
-156,49,-21,-3,-14
-133,61,-10,2,-4
-120,72,0,-1,4
-122,78,5,-8,6
-136,76,5,-17,4
-151,67,-1,-23,-4
-159,53,-9,-27,-12
-157,40,-17,-27,-20
-152,31,-23,-27,-24
-153,26,-26,-25,-25
-163,23,-25,-22,-23
-178,21,-22,-19,-22
-190,19,-17,-15,-23
-190,16,-11,-13,-28
-180,13,-4,-13,-36
-167,10,3,-14,-43
-159,9,9,-17,-48
-161,7,14,-20,-48
-171,3,17,-21,-46
-187,-2,17,-23,-43
-202,-10,14,-26,-41
-212,-19,10,-30,-42
-214,-29,6,-36,-44
-209,-38,4,-40,-45
-202,-46,6,-42,-44
-197,-49,12,-41,-39
-200,-47,21,-37,-32
-209,-40,32,-35,-25
-221,-32,41,-37,-20
-225,-25,45,-43,-17
-212,-22,45,-51,-17
-181,-20,41,-58,-19
-144,-18,37,-60,-20
-117,-14,36,-56,-19
-114,-8,40,-49,-17
-134,-2,46,-41,-15
-166,0,51,-34,-16
-190,-4,51,-29,-18
-194,-11,45,-24,-22
-178,-19,36,-18,-23
-157,-21,28,-12,-19
-146,-20,25,-5,-9
-155,-16,28,1,5
-177,-16,33,4,16
-198,-20,35,5,21
-203,-29,32,4,18
-188,-37,24,4,9
-161,-42,16,5,-1
-136,-42,12,7,-6
-123,-39,13,8,-3
-123,-37,19,10,5
-128,-37,25,12,15
-128,-37,30,13,21
-117,-34,34,15,20
-101,-29,35,16,13
-88,-24,36,15,3
-87,-22,35,15,-4
-100,-24,33,16,-6
-120,-31,30,19,-2
-135,-37,27,22,5
-139,-39,27,23,10
-132,-37,28,23,11
-122,-34,32,20,9
-117,-31,36,17,9
-118,-29,40,17,13
-121,-28,43,19,22
-119,-25,44,23,34
-109,-19,43,23,42
-96,-14,39,20,44
-90,-12,34,14,41
-97,-16,29,9,36
-113,-24,28,9,35
-129,-32,33,13,40
-132,-37,43,20,46
-119,-38,54,25,48
-99,-39,61,25,43
-86,-42,58,22,32
-94,-48,46,20,23
-123,-54,28,20,20
-157,-57,9,25,26
-177,-56,-6,29,38
-170,-51,-17,30,49
-141,-48,-23,25,53
-106,-49,-25,14,52
-88,-56,-21,4,49
-96,-64,-11,-1,51
-123,-70,5,2,59
-148,-69,24,12,71
-152,-63,41,22,80
-132,-57,52,29,82
-101,-55,54,31,76
-83,-59,51,31,70
-92,-66,47,32,69
-124,-73,45,38,76
-156,-76,45,46,88
-164,-74,42,53,96
-137,-72,34,56,96
-92,-73,18,52,86
-56,-80,-2,44,73
-54,-90,-19,39,64
-89,-101,-27,39,67
-137,-107,-24,46,81
-167,-105,-15,54,102
-159,-97,-4,61,120
-117,-86,3,62,132
-68,-74,7,57,135
-43,-66,9,50,134
-51,-60,12,45,133
-82,-58,18,43,134
-110,-59,26,43,136
-114,-64,35,45,134
-92,-73,40,43,126
-61,-85,38,37,110
-38,-100,29,28,91
-33,-115,12,19,74
-40,-128,-6,13,67
-48,-135,-20,13,72
-47,-136,-24,20,85
-37,-131,-15,32,102
-28,-122,5,44,114
-25,-112,28,53,119
-24,-103,45,58,118
-17,-96,51,58,117
1,-93,47,56,120
28,-92,40,55,128
52,-94,36,54,138
61,-99,38,54,144
53,-106,44,51,142
35,-116,48,45,130
22,-128,43,37,113
22,-141,30,28,97
35,-151,12,21,88
50,-158,-4,18,89
58,-162,-12,19,96
57,-161,-12,22,105
52,-159,-9,26,110
51,-156,-8,29,107
55,-155,-12,31,100
56,-157,-19,30,92
44,-162,-27,29,89
19,-172,-32,27,91
-12,-182,-33,26,98
-31,-192,-32,26,103
-27,-197,-32,29,104
-1,-197,-34,34,99
29,-191,-37,40,92
45,-182,-38,46,87
34,-174,-37,50,88
2,-168,-32,51,94
-31,-166,-26,49,102
-46,-168,-21,46,106
-36,-171,-20,41,102
-11,-174,-22,36,94
6,-177,-26,32,85
1,-180,-29,29,79
-29,-181,-28,28,77
-68,-181,-22,29,79
-94,-180,-12,32,82
-95,-176,-2,37,83
-71,-170,5,43,83
-41,-161,10,48,84
-23,-150,14,51,85
-28,-139,18,52,87
-50,-127,24,50,87
-75,-117,29,46,84
-87,-109,31,43,76
-83,-103,29,42,65
-69,-98,24,44,54
-59,-93,18,47,46
-63,-89,13,51,42
-84,-85,12,54,44
-113,-80,14,58,49
-140,-75,19,61,55
-154,-69,23,65,60
-154,-62,27,69,61
-143,-55,29,71,57
-128,-50,29,70,49
-116,-49,28,63,41
-111,-49,25,53,35
-113,-52,22,44,33
-118,-54,19,40,34
-119,-56,18,42,36
-115,-55,18,50,37
-106,-53,18,58,35
-96,-48,18,64,31
-93,-42,15,65,28
-100,-33,13,64,25
-117,-22,14,63,23
-134,-10,20,66,20
-142,1,31,71,16
-132,9,46,77,8
-108,13,60,79,-1
-79,12,67,74,-9
-61,8,68,66,-16
-65,4,63,60,-19
-91,2,58,59,-19
-127,5,57,65,-16
-156,12,63,76,-11
-165,23,76,87,-5
-154,36,90,94,2
-132,49,104,96,8
-117,59,113,95,13
-117,69,120,95,16
-135,79,125,98,18
-159,91,130,103,17
-175,102,135,106,13
-173,111,139,103,7
-152,112,139,94,1
-124,105,135,81,-6
-100,92,127,65,-14
-90,78,116,51,-23
-95,66,107,38,-33
-109,59,101,27,-43
-123,58,100,15,-53
-132,61,105,4,-58
-135,65,113,-5,-59
-131,68,120,-8,-57
-124,67,122,-5,-53
-114,61,116,1,-53
-102,53,103,7,-56
-88,45,90,9,-62
-73,39,81,6,-67
-62,40,83,1,-70
-54,47,93,-4,-68
-52,57,108,-6,-64
-51,64,119,-5,-61
-50,64,120,-4,-60
-45,55,112,-5,-61
-38,43,98,-7,-62
-32,32,86,-9,-61
-33,28,80,-10,-56
-42,31,83,-11,-52
-59,37,91,-11,-51
-77,40,100,-13,-55
-92,38,108,-16,-61
-100,33,113,-18,-68
-102,28,118,-15,-70
-99,29,124,-8,-67
-94,36,132,2,-61
-86,45,139,13,-56
-71,54,143,18,-55
-49,58,140,18,-58
-25,58,133,13,-60
-8,56,123,7,-61
-6,54,115,1,-58
-23,53,111,-3,-54
-51,51,110,-6,-51
-78,49,110,-9,-52
-93,47,108,-14,-56
-94,46,104,-19,-64
-86,45,98,-24,-73
-80,46,92,-28,-83
-84,46,88,-29,-92
-94,45,87,-29,-98
-101,43,88,-28,-102
-96,43,88,-27,-102
-77,44,85,-26,-98
-50,49,82,-24,-92
-25,56,81,-20,-83
-7,62,85,-13,-72
6,68,96,-4,-58
25,73,113,6,-41
61,79,131,16,-23
116,85,147,26,-1
189,94,160,37,27
271,106,175,55,63
357,122,197,81,112
445,145,229,114,168
537,172,266,148,223
629,202,298,173,265
712,227,313,183,284
775,241,303,174,277
803,239,273,151,250
791,224,234,123,214
741,200,198,96,176
663,173,170,77,141
567,150,149,63,107
456,132,126,49,69
331,117,93,31,25
192,102,50,7,-24
41,85,2,-21,-73
-114,68,-43,-49,-116
-261,50,-77,-72,-148
-386,34,-97,-87,-169
-481,20,-107,-94,-180
-540,10,-107,-94,-181
-565,4,-100,-87,-173
-560,4,-85,-76,-156
-531,10,-62,-62,-131
-486,24,-35,-48,-103
-432,43,-9,-36,-77
-374,63,11,-29,-56
-316,80,22,-25,-40
-258,91,25,-25,-29
-203,95,24,-25,-20
-153,95,24,-23,-13
-110,93,23,-18,-8
-78,92,20,-12,-7
-58,92,13,-5,-12
-45,91,2,0,-21
-38,89,-8,2,-30
-30,86,-13,2,-37
-22,84,-10,1,-40
-14,83,-2,1,-40
-9,84,6,3,-39
-8,85,10,5,-38
-10,84,9,8,-37
-13,81,4,8,-37
-14,76,-2,6,-36
-12,71,-5,2,-38
-9,67,-7,-3,-42
-6,64,-8,-7,-48
-1,61,-7,-11,-52
9,59,-4,-12,-51
25,58,3,-12,-43
44,61,16,-9,-30
59,70,31,-6,-14
59,81,43,-2,0
42,91,49,0,8
14,97,49,0,10
-9,97,45,0,5
-12,93,41,1,-2
11,89,39,3,-10
52,85,37,5,-15
92,82,31,7,-17
112,76,19,7,-17
106,68,5,5,-16
81,57,-9,-1,-18
52,47,-17,-7,-26
31,40,-18,-14,-38
21,39,-15,-18,-50
16,41,-10,-20,-58
10,44,-6,-18,-56
4,47,-2,-15,-46
5,49,4,-11,-32
17,51,13,-8,-21
39,54,22,-8,-17
60,55,26,-12,-23
70,53,22,-20,-35
64,45,10,-29,-48
47,36,-5,-38,-58
32,28,-14,-42,-62
29,28,-13,-40,-60
37,37,-1,-34,-56
47,50,16,-26,-52
49,61,30,-20,-50
39,64,36,-17,-50
23,59,33,-18,-51
11,49,25,-20,-52
11,42,20,-21,-51
24,41,23,-19,-52
42,47,33,-16,-54
55,55,45,-17,-57
58,59,53,-21,-61
53,54,53,-30,-64
49,42,46,-41,-64
52,31,36,-49,-64
65,26,27,-51,-65
83,29,22,-49,-67
99,38,19,-42,-69
103,49,19,-34,-68
95,56,19,-27,-62
79,59,20,-21,-51
64,60,24,-17,-38
58,61,28,-14,-30
62,63,32,-13,-29
71,67,33,-15,-35
76,70,29,-18,-44
70,70,23,-21,-51
52,69,20,-24,-51
27,69,23,-24,-47
4,72,32,-22,-42
-8,76,44,-21,-40
-5,77,56,-22,-44
10,75,63,-25,-50
29,70,66,-29,-55
46,65,67,-33,-56
56,64,67,-34,-52
58,70,69,-34,-46
54,79,70,-35,-42
48,85,69,-37,-43
42,86,66,-40,-49
40,79,63,-43,-56
42,68,60,-45,-61
47,57,59,-44,-60
53,50,60,-42,-56
60,48,62,-40,-49
68,48,62,-41,-44
77,47,60,-44,-42
90,45,54,-48,-44
105,41,47,-49,-47
117,38,37,-48,-50
119,38,29,-42,-48
108,42,23,-35,-42
85,48,22,-28,-34
58,54,26,-23,-27
40,57,32,-19,-26
37,57,36,-18,-32
51,54,35,-21,-43
72,48,26,-27,-56
87,41,13,-34,-65
87,35,-1,-40,-66
74,31,-9,-41,-60
57,31,-7,-36,-48
50,34,4,-26,-36
59,39,21,-15,-29
82,45,38,-7,-28
105,53,48,-5,-32
116,61,52,-7,-35
107,68,52,-10,-32
84,76,54,-8,-20
62,84,62,0,0
55,92,78,12,22
71,99,96,23,38
102,103,112,26,43
135,105,117,20,35
153,102,111,6,19
149,94,98,-10,-1
127,82,84,-23,-17
102,66,75,-29,-27
86,49,72,-28,-33
85,32,73,-24,-36
94,20,73,-19,-39
103,13,71,-15,-40
103,15,69,-11,-39
94,26,70,-4,-34
81,41,77,5,-26
71,58,89,15,-20
67,71,100,21,-18
67,77,107,22,-23
66,75,108,17,-31
62,69,105,8,-39
60,62,103,1,-43
64,55,104,-3,-41
77,50,109,-3,-37
95,46,115,-1,-33
111,40,119,0,-32
117,33,119,1,-35
114,25,119,1,-39
104,19,120,5,-42
96,18,128,14,-40
93,21,140,28,-33
94,29,156,44,-22
99,39,172,54,-11
103,47,184,56,-3
108,52,191,47,-3
115,52,192,31,-11
124,45,186,13,-24
131,34,174,-4,-37
134,20,156,-15,-47
131,8,134,-23,-51
124,0,113,-30,-49
119,-1,97,-38,-45
123,2,89,-45,-42
133,8,92,-49,-40
145,12,100,-47,-41
149,14,110,-39,-43
140,13,116,-27,-44
121,8,115,-16,-45
102,4,108,-9,-46
94,-1,98,-8,-47
103,-3,88,-11,-48
123,-5,80,-14,-49
142,-6,73,-18,-50
149,-7,68,-22,-51
141,-9,62,-28,-53
126,-13,56,-37,-55
116,-18,50,-47,-58
118,-22,45,-54,-59
128,-23,41,-55,-56
137,-20,38,-51,-49
132,-13,37,-44,-39
113,-4,37,-38,-29
85,2,39,-38,-22
63,2,43,-45,-22
57,-5,46,-54,-28
69,-17,48,-65,-40
93,-29,48,-72,-53
118,-38,46,-76,-66
137,-40,44,-78,-74
144,-35,46,-78,-75
142,-27,52,-77,-70
133,-17,61,-75,-60
126,-8,71,-70,-47
125,1,80,-62,-36
133,10,86,-55,-29
148,18,86,-51,-29
161,23,80,-52,-34
158,24,68,-57,-41
134,21,54,-65,-46
93,15,41,-70,-45
54,11,35,-72,-38
34,12,36,-70,-27
45,17,45,-66,-18
81,24,59,-64,-17
124,30,75,-65,-23
153,31,90,-69,-36
160,28,104,-71,-50
148,26,116,-69,-57
131,26,128,-60,-56
118,31,137,-48,-48
115,39,142,-36,-38
116,46,140,-30,-32
115,50,134,-32,-32
113,51,128,-39,-37
112,51,126,-47,-42
119,52,131,-53,-44
133,56,141,-53,-42
147,61,152,-50,-38
154,63,158,-45,-36
153,60,156,-42,-38
150,55,144,-42,-45
154,48,128,-44,-53
170,43,112,-46,-59
192,43,100,-48,-57
206,48,94,-48,-48
203,56,94,-44,-33
183,65,97,-38,-17
160,72,100,-31,-5
147,76,101,-24,0
155,77,99,-20,-2
178,74,95,-20,-8
199,70,91,-23,-13
206,66,89,-25,-15
191,64,88,-24,-14
162,65,87,-19,-14
131,68,85,-11,-18
111,69,79,-4,-29
106,67,66,-3,-43
114,59,48,-8,-57
128,47,28,-19,-67
142,37,10,-30,-73
152,31,-2,-38,-75
158,31,-8,-42,-75
161,35,-9,-44,-77
162,38,-8,-46,-77
163,37,-8,-51,-75
167,31,-8,-57,-70
173,23,-6,-62,-62
183,19,-1,-62,-53
195,23,9,-55,-45
209,34,18,-44,-40
224,46,24,-34,-37
235,53,25,-29,-36
238,51,20,-30,-36
231,44,15,-34,-37
214,38,12,-34,-36
192,39,14,-26,-33
175,48,18,-12,-27
171,61,19,1,-19
180,71,13,6,-11
198,73,1,2,-7
213,68,-13,-9,-7
217,62,-25,-20,-12
209,60,-30,-21,-18
196,67,-29,-11,-20
188,80,-23,8,-17
190,95,-14,30,-7
202,107,0,52,7
217,118,19,71,24
227,130,45,90,41
228,148,74,110,57
222,169,103,133,73
210,189,125,156,90
198,203,137,175,107
191,206,143,189,125
190,200,145,196,143
195,187,148,200,160
202,172,152,203,177
201,155,156,206,195
187,135,158,210,215
159,111,156,216,238
126,81,151,220,264
106,47,143,222,289
111,10,133,219,312
141,-28,120,210,330
182,-69,102,195,343
213,-113,82,177,350
217,-160,60,158,356
194,-208,40,140,360
157,-255,25,125,364
128,-297,14,110,364
121,-335,6,93,359
137,-371,-5,74,348
165,-406,-22,53,330
191,-442,-44,30,309
207,-477,-70,6,288
211,-508,-93,-18,268
213,-530,-112,-41,250
217,-542,-122,-59,234
228,-544,-124,-68,222
241,-538,-122,-68,213
252,-527,-118,-59,208
254,-512,-116,-46,203
245,-493,-116,-35,196
228,-468,-120,-31,181
213,-435,-125,-35,153
210,-393,-133,-47,112
224,-344,-143,-63,59
254,-292,-156,-85,1
288,-242,-171,-111,-57
313,-200,-186,-141,-108
317,-165,-198,-170,-149
302,-137,-202,-194,-178
282,-111,-200,-207,-196
273,-86,-193,-205,-206
285,-60,-185,-192,-209
314,-36,-177,-173,-208
344,-15,-172,-154,-207
359,2,-166,-139,-206
351,19,-159,-130,-207
325,35,-150,-125,-208
293,53,-141,-123,-209
268,71,-135,-124,-211
258,85,-131,-127,-211
263,95,-126,-132,-211
275,101,-117,-135,-210
289,105,-102,-136,-207
298,110,-85,-135,-201
298,116,-69,-132,-193
288,120,-60,-130,-186
270,120,-58,-130,-180
249,112,-61,-129,-177
233,98,-63,-127,-177
227,81,-62,-120,-176
229,64,-59,-111,-172
232,49,-55,-98,-163
232,38,-53,-86,-149
225,33,-54,-76,-134
217,31,-54,-69,-121
215,32,-52,-66,-114
222,31,-49,-65,-111
232,25,-47,-65,-112
233,13,-49,-63,-111
217,-1,-55,-57,-107
186,-12,-64,-46,-100
156,-15,-69,-33,-93
147,-7,-70,-22,-88
168,5,-68,-18,-88
214,13,-67,-23,-90
260,13,-70,-36,-89
282,2,-78,-50,-82
269,-11,-87,-60,-69
228,-20,-91,-61,-53
182,-20,-88,-54,-38
155,-12,-81,-43,-28
156,-2,-74,-33,-25
180,7,-72,-29,-28
208,11,-76,-33,-33
222,13,-81,-40,-37
215,16,-83,-47,-40
192,22,-78,-50,-38
166,28,-66,-49,-33
151,32,-51,-44,-24
155,34,-37,-37,-13
177,34,-23,-33,-3
209,35,-10,-30,3
239,38,5,-31,4
258,41,18,-34,-1
259,39,27,-38,-11
241,31,28,-43,-19
212,18,23,-47,-23
187,5,15,-50,-21
177,-3,12,-48,-13
191,-2,18,-44,-3
222,6,32,-37,4
256,18,50,-29,6
276,29,66,-23,2
272,36,76,-19,-5
251,40,79,-14,-11
227,43,77,-9,-13
215,48,74,-3,-10
222,54,68,4,-5
241,59,59,9,-2
255,60,45,10,-3
253,56,27,8,-7
232,50,9,5,-12
203,45,-6,6,-14
179,44,-16,13,-13
171,46,-23,24,-10
181,49,-27,36,-6
201,51,-31,46,-6
219,49,-34,52,-10
229,45,-33,54,-14
230,42,-27,56,-16
226,44,-18,57,-13
221,49,-7,58,-6
219,56,3,56,2
219,59,9,52,6
221,57,13,47,6
227,49,15,45,2
235,39,14,49,-3
243,31,10,56,-7
248,28,1,63,-9
243,29,-11,63,-10
226,34,-23,57,-10
201,39,-29,46,-12
179,43,-29,36,-13
172,46,-22,32,-12
186,49,-15,34,-9
216,51,-11,39,-4
249,53,-12,44,1
270,54,-17,44,4
273,53,-19,40,5
263,50,-14,36,4
252,45,-3,32,2
252,39,10,30,0
264,32,19,29,-3
279,26,20,28,-6
283,23,12,26,-10
269,23,0,24,-13
244,28,-12,24,-12
222,35,-16,26,-8
220,43,-12,32,0
241,49,1,38,10
273,53,17,44,17
296,56,31,47,20
297,59,40,47,18
274,60,39,44,12
241,56,28,38,3
214,46,10,31,-6
204,30,-14,24,-15
207,9,-37,17,-23
214,-12,-59,11,-30
214,-28,-74,5,-35
208,-35,-82,-1,-39
204,-35,-82,-5,-39
215,-28,-76,-6,-35
245,-19,-67,-1,-25
293,-10,-57,8,-10
348,-4,-47,20,9
402,1,-36,32,31
455,7,-19,45,57
511,18,7,61,89
579,35,45,82,131
662,60,92,112,184
757,91,142,147,242
855,121,184,181,298
946,146,210,207,340
1023,161,216,219,362
1077,165,203,214,359
1103,158,178,197,337
1093,144,148,173,302
1044,124,118,146,259
958,100,90,117,213
842,70,63,87,163
711,37,34,53,108
576,2,2,16,49
446,-34,-31,-20,-10
319,-67,-63,-52,-64
191,-95,-90,-75,-104
62,-116,-110,-88,-127
-64,-130,-120,-89,-133
-176,-135,-120,-83,-125
-257,-133,-110,-72,-111
-295,-126,-94,-62,-95
-289,-116,-76,-54,-80
-248,-105,-59,-49,-65
-190,-97,-45,-47,-49
-130,-93,-35,-44,-30
-76,-92,-29,-37,-11
-28,-93,-28,-28,5
20,-95,-32,-16,17
73,-98,-41,-6,21
130,-99,-55,1,21
184,-100,-70,5,19
226,-100,-84,8,18
252,-100,-96,11,20
264,-99,-103,15,22
272,-98,-108,19,24
283,-98,-111,21,25
302,-98,-112,22,25
324,-97,-111,24,27
343,-94,-107,27,32
353,-88,-100,33,37
349,-82,-94,39,43
334,-76,-90,42,47
313,-73,-88,41,48
293,-74,-87,35,47
281,-76,-85,25,44
279,-79,-81,15,39
285,-81,-79,8,34
293,-84,-80,4,30
298,-89,-84,3,28
299,-95,-90,3,29
297,-102,-95,2,31
298,-109,-96,-1,31
305,-114,-96,-7,26
317,-119,-97,-14,17
332,-124,-104,-21,9
344,-129,-115,-25,6
354,-132,-126,-24,10
360,-133,-132,-18,19
363,-132,-132,-11,28
362,-132,-128,-6,30
356,-137,-125,-3,26
345,-148,-129,-4,18
336,-164,-137,-5,13
339,-178,-145,-3,17
358,-184,-148,2,30
389,-181,-142,9,48
417,-171,-131,15,64
428,-162,-120,19,74
414,-159,-116,19,78
382,-165,-121,17,78
349,-176,-133,14,77
333,-186,-144,12,77
341,-188,-150,12,79
365,-182,-148,14,83
387,-171,-138,17,89
393,-159,-126,23,96
380,-151,-116,30,104
358,-148,-111,37,111
342,-148,-111,44,115
344,-148,-112,49,115
365,-145,-111,50,111
394,-141,-109,49,103
415,-138,-106,45,96
418,-138,-108,39,90
400,-144,-117,31,86
370,-155,-131,23,84
340,-167,-146,15,81
320,-178,-155,10,77
316,-185,-154,8,71
326,-185,-146,10,65
342,-181,-133,13,61
359,-175,-124,17,60
373,-172,-120,20,62
383,-173,-122,21,64
389,-178,-127,23,66
391,-184,-129,25,65
390,-186,-128,27,64
385,-183,-123,28,62
378,-175,-116,27,63
371,-164,-109,24,66
365,-156,-103,22,70
359,-152,-98,22,73
354,-152,-94,25,74
351,-156,-92,29,73
350,-158,-91,33,71
355,-158,-92,36,68
364,-152,-92,38,68
373,-144,-89,41,69
377,-134,-85,45,71
371,-126,-80,52,73
354,-119,-76,59,76
332,-114,-73,64,80
314,-110,-70,68,83
308,-105,-65,70,84
313,-100,-59,70,81
326,-96,-54,69,74
337,-94,-52,66,63
340,-93,-56,63,53
334,-92,-63,59,48
325,-87,-69,58,50
321,-76,-70,59,54
326,-62,-64,61,57
338,-49,-55,62,56
352,-39,-48,61,50
360,-36,-48,57,42
358,-38,-53,52,37
346,-39,-61,51,35
330,-38,-67,54,36
318,-33,-72,60,36
312,-26,-75,67,34
313,-19,-80,71,29
318,-14,-85,68,24
323,-11,-87,60,22
326,-7,-86,50,24
327,-3,-79,42,28
326,2,-70,38,30
325,6,-61,40,28
324,9,-55,46,23
324,12,-52,52,16
326,15,-51,54,10
328,20,-51,49,7
331,22,-53,39,7
333,21,-56,26,10
337,16,-59,17,14
343,10,-60,15,18
355,6,-56,18,19
370,7,-44,25,17
384,15,-25,30,11
390,24,-5,33,4
384,32,11,34,-1
368,36,20,33,-4
352,35,20,33,-3
347,32,16,33,-2
356,29,9,32,-1
371,28,3,31,-2
381,29,0,30,-3
373,32,-2,31,-3
348,36,-4,34,-3
316,39,-7,38,-4
294,41,-14,39,-6
291,41,-21,34,-7
303,39,-26,25,-7
316,39,-23,15,-3
315,41,-12,8,2
297,47,6,9,8
271,57,25,17,11
256,69,41,29,11
264,81,50,40,11
292,91,53,49,12
326,100,53,53,14
348,107,52,54,14
345,110,52,52,11
322,108,49,46,4
291,99,43,37,-5
270,86,32,25,-12
268,70,21,13,-15
283,57,11,2,-17
305,48,2,-6,-19
323,43,-7,-12,-24
330,41,-18,-14,-32
325,38,-30,-14,-39
314,35,-41,-12,-43
303,31,-46,-8,-43
298,28,-44,-4,-41
299,26,-36,-1,-40
305,26,-28,-1,-44
311,27,-25,-3,-50
317,29,-27,-7,-55
323,32,-33,-10,-56
332,37,-40,-10,-53
345,41,-44,-7,-48
359,45,-47,-5,-46
369,47,-50,-6,-51
369,45,-55,-14,-63
355,40,-61,-25,-77
332,33,-66,-35,-87
308,27,-69,-38,-88
291,23,-67,-32,-77
285,25,-61,-19,-58
289,31,-54,-5,-38
294,42,-47,6,-25
292,53,-43,9,-23
280,60,-42,6,-32
261,60,-47,1,-47
243,53,-55,-4,-60
238,41,-65,-6,-68
247,31,-72,-5,-70
268,25,-72,-5,-68
292,26,-64,-8,-66
312,32,-51,-15,-66
320,38,-40,-24,-68
319,42,-35,-31,-68
310,41,-38,-35,-64
300,36,-45,-35,-58
291,30,-52,-31,-51
289,25,-54,-27,-47
296,22,-52,-25,-47
312,23,-47,-27,-51
334,25,-45,-33,-55
354,25,-47,-40,-58
363,23,-53,-48,-59
356,17,-59,-53,-60
335,9,-61,-55,-62
311,4,-59,-52,-66
296,3,-51,-47,-70
296,8,-41,-43,-71
306,18,-31,-41,-68
314,28,-24,-41,-62
311,36,-20,-42,-56
297,37,-19,-42,-53
281,34,-20,-40,-54
273,29,-23,-37,-59
276,25,-28,-33,-63
285,25,-32,-30,-65
289,27,-36,-29,-64
282,31,-38,-30,-61
270,33,-37,-34,-59
265,32,-34,-42,-61
280,31,-30,-53,-64
312,29,-25,-64,-66
348,28,-19,-72,-64
370,28,-14,-74,-58
365,29,-8,-69,-52
339,29,-5,-60,-47
309,28,-3,-51,-49
291,25,-6,-44,-55
296,24,-13,-41,-63
316,25,-23,-40,-67
336,28,-35,-38,-64
343,32,-46,-36,-55
333,34,-55,-35,-45
313,33,-61,-37,-38
297,29,-62,-44,-38
295,25,-58,-51,-41
309,26,-47,-53,-43
333,35,-29,-46,-39
357,51,-6,-28,-27
374,72,17,-7,-11
382,91,34,12,1
383,104,41,20,3
380,109,37,16,-6
373,108,28,3,-19
362,104,17,-12,-29
345,101,10,-22,-31
326,100,9,-25,-24
312,101,10,-22,-15
314,99,10,-17,-13
332,92,5,-14,-23
361,78,-5,-17,-45
386,59,-16,-23,-70
392,40,-25,-32,-90
373,25,-28,-39,-98
341,20,-24,-40,-95
312,26,-18,-34,-85
305,40,-14,-23,-75
324,56,-12,-10,-70
358,68,-13,-2,-73
388,73,-14,-2,-80
399,70,-11,-11,-88
387,61,-4,-26,-94
364,51,5,-41,-96
348,43,10,-53,-94
348,38,10,-60,-88
364,36,4,-62,-80
382,35,-3,-59,-71
392,33,-7,-55,-61
388,32,-5,-48,-52
375,31,2,-41,-45
363,33,8,-33,-43
361,36,9,-28,-46
370,40,0,-26,-53
383,42,-16,-29,-62
391,42,-34,-36,-71
389,39,-47,-43,-78
377,35,-52,-47,-82
362,31,-47,-46,-82
351,28,-37,-42,-81
350,27,-27,-37,-80
357,27,-19,-34,-81
369,25,-17,-36,-85
379,23,-20,-40,-90
384,20,-25,-46,-92
382,20,-31,-49,-90
378,23,-34,-50,-86
371,28,-34,-49,-81
364,34,-32,-48,-78
357,37,-29,-48,-76
353,37,-27,-49,-74
355,34,-27,-50,-70
368,31,-29,-51,-62
387,31,-33,-51,-54
405,32,-37,-51,-47
412,33,-41,-54,-46
403,34,-41,-59,-49
383,35,-39,-62,-54
368,36,-35,-62,-58
370,39,-30,-58,-58
394,44,-26,-51,-54
427,50,-27,-42,-49
452,53,-33,-35,-46
453,52,-41,-31,-45
431,49,-49,-27,-44
402,48,-52,-22,-42
385,49,-48,-14,-38
393,54,-40,-6,-33
423,58,-31,0,-32
458,58,-26,1,-36
480,52,-27,-3,-47
479,40,-33,-10,-61
458,27,-40,-16,-71
433,18,-44,-17,-75
416,16,-43,-12,-71
416,20,-39,-5,-61
428,29,-34,2,-51
445,38,-32,5,-45
457,44,-34,5,-44
461,47,-40,2,-47
457,47,-45,-1,-50
450,46,-46,-4,-52
441,47,-44,-6,-51
432,51,-38,-8,-49
422,54,-30,-10,-49
412,57,-24,-9,-52
403,56,-19,-6,-55
397,52,-14,3,-58
394,48,-6,15,-57
393,49,5,30,-53
394,58,18,43,-48
395,74,29,52,-45
396,93,32,55,-44
399,109,26,52,-44
402,117,14,45,-43
404,118,1,36,-37
401,115,-5,28,-26
392,112,-2,22,-16
382,113,7,19,-9
376,116,15,18,-10
376,116,13,17,-21
377,109,-2,14,-39
368,93,-26,8,-57
345,73,-51,1,-70
311,55,-66,-6,-75
279,45,-71,-12,-74
263,44,-67,-15,-71
269,47,-62,-17,-70
288,48,-62,-18,-75
302,43,-70,-20,-83
298,31,-82,-25,-88
279,16,-95,-30,-87
258,2,-103,-37,-80
255,-8,-106,-45,-70
274,-13,-104,-53,-63
307,-16,-100,-59,-63
334,-18,-93,-64,-71
342,-21,-86,-66,-81
333,-24,-80,-65,-89
320,-28,-76,-63,-92
318,-33,-76,-62,-90
330,-38,-83,-64,-85
344,-45,-94,-68,-82
345,-52,-106,-75,-80
324,-58,-115,-83,-78
289,-60,-118,-91,-75
260,-60,-116,-96,-70
252,-59,-112,-98,-66
268,-57,-108,-96,-63
295,-55,-108,-90,-62
317,-53,-111,-82,-63
322,-51,-117,-74,-63
313,-47,-121,-69,-62
305,-43,-124,-67,-61
309,-38,-125,-70,-62
329,-35,-127,-75,-65
356,-32,-131,-79,-70
377,-30,-138,-81,-75
380,-28,-146,-79,-80
363,-26,-152,-77,-83
335,-24,-152,-76,-85
305,-22,-147,-78,-85
284,-21,-139,-83,-86
277,-22,-131,-88,-87
283,-24,-127,-92,-88
299,-27,-127,-92,-90
317,-30,-129,-92,-92
331,-32,-129,-92,-95
334,-32,-123,-93,-96
328,-30,-111,-95,-94
312,-26,-96,-95,-88
293,-20,-82,-91,-78
276,-15,-70,-85,-66
265,-10,-62,-77,-56
263,-6,-55,-68,-50
272,-4,-50,-59,-47
294,-3,-45,-50,-48
327,-1,-43,-42,-50
365,1,-44,-35,-54
397,5,-48,-32,-58
411,10,-54,-32,-62
400,13,-61,-36,-65
367,14,-65,-41,-66
324,15,-67,-44,-64
291,16,-66,-46,-60
279,19,-63,-47,-57
290,25,-57,-48,-55
313,33,-52,-52,-55
335,38,-50,-56,-56
345,39,-51,-60,-58
342,36,-56,-62,-60
334,32,-62,-62,-61
329,28,-66,-61,-62
331,29,-64,-61,-63
335,32,-59,-62,-62
334,34,-52,-62,-60
324,34,-50,-60,-56
312,29,-55,-55,-53
305,23,-69,-47,-53
310,18,-87,-37,-56
325,18,-104,-28,-62
340,24,-115,-23,-68
344,33,-122,-25,-72
330,40,-126,-33,-73
307,42,-130,-43,-70
287,39,-136,-51,-66
284,34,-140,-55,-61
301,31,-140,-52,-58
330,34,-132,-47,-55
355,42,-119,-42,-52
362,53,-106,-40,-50
346,61,-96,-41,-47
315,65,-92,-44,-44
282,62,-94,-45,-41
263,56,-98,-44,-41
265,50,-101,-42,-44
283,46,-102,-42,-51
301,45,-100,-46,-61
308,45,-98,-53,-71
297,44,-94,-60,-77
274,40,-90,-63,-76
255,34,-84,-59,-69
256,27,-77,-50,-57
282,22,-70,-37,-43
329,23,-62,-25,-28
382,29,-52,-14,-13
430,41,-38,-2,4
472,57,-19,14,28
516,76,7,38,63
579,99,37,70,111
671,125,67,107,168
793,153,93,144,225
929,182,110,173,272
1054,207,118,189,298
1145,225,117,191,299
1183,231,108,180,278
1166,227,93,162,244
1102,216,75,144,204
1013,201,55,127,166
919,188,35,113,130
831,179,15,100,93
747,174,-5,84,52
650,168,-24,66,10
525,161,-43,48,-30
367,148,-60,36,-62
188,131,-72,33,-83
19,113,-78,40,-92
-112,96,-78,54,-89
-188,83,-71,70,-76
-209,74,-60,85,-55
-195,65,-44,97,-26
-165,57,-26,110,7
-131,46,-10,124,45
-96,31,4,140,84
-53,13,11,157,125
0,-11,13,171,165
60,-40,10,180,204
117,-75,5,182,240
162,-114,3,179,269
191,-155,2,172,289
209,-195,2,163,300
221,-233,-1,152,306
233,-268,-10,139,309
247,-302,-24,125,312
260,-336,-41,109,313
272,-372,-58,91,311
282,-410,-73,70,305
292,-451,-90,45,294
301,-490,-109,16,277
306,-525,-134,-12,256
302,-554,-163,-35,233
290,-573,-190,-48,212
271,-583,-211,-50,195
254,-585,-220,-43,186
248,-581,-218,-33,184
258,-572,-208,-23,186
280,-555,-197,-18,185
303,-531,-189,-19,170
315,-498,-187,-25,140
312,-456,-188,-35,94
300,-407,-192,-49,40
290,-354,-195,-69,-16
292,-301,-195,-92,-66
308,-251,-193,-117,-111
327,-208,-188,-139,-152
335,-173,-185,-155,-192
321,-147,-185,-165,-229
292,-127,-188,-171,-262
261,-111,-195,-175,-285
248,-96,-200,-179,-297
259,-79,-200,-181,-297
288,-58,-191,-177,-289
320,-34,-173,-162,-276
339,-9,-151,-140,-262
338,16,-128,-117,-251
323,39,-109,-100,-245
307,56,-99,-94,-244
301,68,-96,-98,-248
311,74,-101,-106,-254
331,75,-111,-113,-259
354,72,-123,-113,-260
373,66,-135,-109,-256
383,58,-145,-106,-247
385,48,-148,-107,-236
379,37,-146,-112,-225
368,26,-137,-118,-217
357,16,-123,-121,-209
352,10,-107,-117,-201
354,7,-89,-108,-192
362,8,-70,-95,-181
372,10,-52,-83,-167
376,11,-35,-70,-151
369,11,-22,-59,-133
355,10,-16,-47,-115
338,9,-16,-38,-99
325,9,-20,-31,-87
321,10,-25,-29,-80
324,11,-27,-27,-76
330,12,-26,-24,-73
333,14,-23,-18,-69
331,15,-20,-10,-64
325,16,-20,-4,-60
318,15,-25,-4,-59
314,11,-33,-11,-61
314,3,-41,-24,-66
316,-5,-48,-37,-70
316,-12,-51,-46,-74
313,-14,-51,-50,-76
304,-9,-51,-52,-78
292,-1,-52,-52,-79
279,8,-58,-51,-80
268,15,-66,-48,-78
261,18,-74,-38,-72
257,19,-76,-22,-63
256,21,-71,-3,-54
257,24,-60,13,-49
262,28,-50,21,-49
269,28,-46,17,-52
277,25,-51,6,-56
279,17,-61,-8,-58
272,10,-70,-16,-54
256,6,-72,-18,-46
238,6,-66,-12,-36
228,10,-55,-3,-26
235,14,-45,6,-20
259,15,-42,12,-18
290,14,-48,16,-21
312,12,-58,18,-25
315,14,-67,19,-30
296,19,-70,20,-33
266,25,-68,21,-32
241,27,-65,21,-30
233,23,-66,23,-27
243,14,-72,27,-26
264,3,-79,34,-24
285,-2,-83,43,-21
300,2,-80,50,-14
309,12,-70,53,-3
313,24,-56,49,6
315,32,-43,39,10
314,31,-35,25,7
308,25,-33,13,-4
295,17,-33,6,-15
281,12,-32,7,-21
269,11,-29,12,-19
266,14,-23,18,-10
272,19,-18,23,0
280,21,-17,24,6
284,20,-21,22,7
280,16,-28,19,4
269,12,-37,15,0
256,8,-44,13,-2
249,5,-49,11,-2
248,4,-52,11,-1
253,3,-53,12,0
259,4,-53,17,1
262,7,-52,24,5
263,12,-49,34,10
263,18,-42,43,15
265,24,-34,50,17
270,28,-25,52,14
275,28,-21,50,8
278,25,-22,44,2
277,22,-31,38,-2
273,21,-43,35,0
267,23,-54,37,7
264,28,-61,43,15
263,35,-61,52,22
262,40,-54,58,27
261,42,-42,60,29
257,41,-28,57,31
252,38,-15,50,34
249,36,-5,45,39
249,36,-1,45,47
251,38,-2,49,54
252,42,-6,57,61
247,48,-11,65,63
238,54,-13,69,62
226,59,-11,70,57
217,61,-5,68,50
215,59,1,64,42
220,52,3,60,36
229,40,-1,55,31
235,26,-9,50,28
235,12,-18,44,25
226,0,-27,38,22
211,-7,-35,32,16
197,-12,-44,27,9
193,-15,-53,21,0
201,-18,-64,13,-9
220,-22,-74,4,-15
241,-27,-80,-4,-18
251,-30,-81,-8,-17
246,-31,-78,-6,-15
228,-30,-75,0,-14
208,-29,-73,9,-14
201,-28,-73,17,-15
210,-30,-77,22,-16
225,-34,-84,25,-16
232,-38,-92,28,-12
217,-40,-103,31,-5
182,-40,-114,36,4
145,-37,-123,40,14
126,-34,-125,41,23
137,-33,-121,38,30
173,-37,-113,30,34
212,-46,-105,19,36
234,-57,-103,12,37
230,-66,-107,10,39
206,-69,-115,15,44
180,-65,-123,24,52
164,-56,-127,33,60
161,-46,-126,38,66
162,-41,-123,37,68
158,-41,-119,30,64
146,-44,-118,23,59
135,-49,-118,19,54
134,-53,-118,18,52
147,-57,-118,19,52
167,-62,-117,18,51
179,-69,-118,14,49
174,-79,-119,7,46
153,-88,-121,3,42
126,-95,-121,4,40
108,-98,-118,11,41
109,-98,-115,21,43
126,-98,-114,31,45
148,-100,-119,35,44
163,-103,-130,32,41
165,-108,-146,25,38
157,-111,-162,19,37
144,-114,-173,16,37
132,-117,-179,16,38
124,-121,-180,17,37
120,-128,-179,15,33
119,-136,-178,10,30
123,-146,-177,5,30
132,-156,-174,3,35
146,-164,-170,7,44
159,-171,-164,16,53
165,-174,-158,27,59
160,-176,-155,36,59
147,-174,-155,40,57
132,-172,-158,39,56
124,-168,-162,38,57
127,-164,-166,38,62
138,-157,-168,41,67
153,-150,-168,44,70
164,-141,-168,43,70
165,-136,-169,38,70
156,-135,-173,29,70
138,-141,-179,19,72
115,-152,-186,11,74
95,-164,-191,8,75
88,-172,-195,10,74
98,-175,-194,13,71
126,-173,-190,16,69
162,-169,-183,20,70
193,-166,-176,24,74
208,-167,-170,31,78
206,-169,-166,37,80
194,-171,-165,42,78
180,-172,-163,42,75
173,-169,-159,38,74
169,-166,-151,32,77
163,-163,-140,29,85
152,-161,-128,30,96
140,-160,-115,36,109
136,-158,-107,44,119
148,-154,-103,51,125
170,-146,-104,56,129
190,-135,-108,59,130
191,-123,-111,63,131
168,-113,-112,72,131
132,-108,-112,82,131
102,-111,-114,92,130
96,-121,-120,97,126
118,-137,-133,95,119
157,-156,-150,87,112
192,-172,-166,76,106
205,-182,-174,65,103
194,-186,-174,56,103
169,-186,-166,50,103
144,-185,-158,45,103
132,-186,-154,41,101
133,-188,-157,39,98
141,-190,-165,37,96
147,-188,-173,38,97
147,-183,-176,41,101
143,-177,-173,46,106
140,-172,-165,52,110
141,-171,-156,57,113
148,-174,-148,61,114
156,-178,-142,61,114
161,-179,-136,58,112
158,-177,-132,52,110
150,-172,-128,45,106
139,-168,-128,38,102
132,-168,-131,32,99
129,-171,-135,27,98
131,-174,-138,25,100
135,-174,-137,24,104
138,-169,-133,26,106
142,-160,-127,30,105
145,-150,-123,38,101
150,-142,-121,48,97
153,-136,-119,57,94
153,-132,-115,63,93
146,-128,-108,62,93
132,-123,-102,56,91
116,-118,-98,48,85
104,-113,-100,44,76
100,-108,-107,46,70
104,-102,-114,54,68
112,-94,-117,64,72
117,-85,-112,72,78
115,-76,-101,73,83
107,-68,-88,70,85
99,-64,-76,64,82
95,-61,-71,60,77
98,-58,-70,61,71
105,-53,-75,64,66
112,-45,-82,67,61
116,-38,-90,68,55
119,-32,-96,66,50
123,-29,-96,61,44
129,-28,-92,57,39
134,-28,-82,55,34
135,-27,-72,55,31
129,-25,-64,56,29
117,-21,-62,57,26
104,-17,-66,57,24
94,-12,-74,56,22
90,-8,-82,54,21
93,-5,-87,53,21
101,-5,-89,52,22
109,-6,-87,50,24
115,-8,-83,46,26
115,-7,-79,40,25
108,-4,-75,32,22
93,1,-72,26,15
72,6,-71,21,6
54,11,-73,20,-2
44,13,-76,21,-9
45,13,-79,23,-14
54,12,-81,25,-18
68,12,-82,26,-20
82,14,-81,27,-19
95,17,-77,31,-15
106,23,-71,37,-8
116,31,-63,45,0
119,40,-52,52,5
109,50,-40,56,9
84,57,-28,55,13
50,61,-14,51,19
19,60,-1,46,26
7,57,10,43,32
19,55,17,42,33
48,57,18,41,28
75,64,15,40,18
85,73,10,38,10
70,82,9,34,5
38,88,13,30,5
6,88,21,27,7
-13,84,29,25,4
-15,77,33,24,-3
-8,72,31,24,-15
-6,71,24,23,-26
-16,75,15,19,-33
-37,79,6,13,-37
-59,80,-3,5,-41
-74,74,-13,-5,-48
-78,61,-25,-13,-57
-75,45,-37,-18,-66
-74,31,-44,-19,-70
-82,25,-44,-16,-67
-97,29,-39,-12,-61
-115,38,-33,-11,-55
-128,47,-30,-13,-54
-134,48,-33,-18,-58
-133,41,-41,-23,-65
-128,27,-49,-25,-69
-121,13,-52,-24,-68
-113,5,-50,-20,-62
-104,5,-46,-16,-54
-93,11,-45,-15,-48
-86,18,-49,-16,-48
-87,21,-60,-19,-51
-98,18,-71,-22,-56
-117,11,-78,-22,-58
-134,4,-77,-19,-56
-142,1,-70,-16,-50
-135,2,-60,-13,-46
-119,5,-53,-13,-45
-101,6,-53,-15,-48
-92,4,-56,-19,-53
-93,0,-60,-22,-56
-99,-3,-57,-24,-52
-101,-2,-45,-22,-42
-94,4,-26,-18,-29
-77,12,-6,-13,-19
-60,19,10,-9,-13
-50,24,19,-9,-14
-53,24,20,-11,-18
-64,22,16,-16,-22
-78,21,10,-19,-23
-92,22,3,-18,-23
-103,24,-4,-11,-21
-114,26,-11,-1,-20
-122,27,-15,9,-20
-125,28,-16,15,-19
-118,28,-14,16,-17
-103,30,-9,16,-14
-87,34,-7,19,-11
-80,39,-10,26,-9
-89,45,-20,35,-10
-112,49,-33,42,-14
-138,50,-45,42,-19
-156,48,-52,33,-23
-163,43,-54,19,-25
-159,36,-53,5,-27
-152,30,-52,-6,-29
-143,24,-53,-11,-31
-133,21,-58,-12,-34
-117,20,-61,-10,-35
-94,22,-61,-7,-31
-70,28,-54,-3,-22
-53,37,-41,4,-11
-51,45,-27,11,-4
-64,50,-14,16,-3
-89,48,-7,17,-10
-114,42,-6,13,-19
-135,34,-6,8,-24
-148,29,-4,8,-20
-154,32,2,14,-11
-157,40,11,23,0
-156,50,19,29,6
-155,57,20,28,4
-151,58,14,19,-3
-148,56,5,6,-7
-145,55,-1,-4,-5
-143,58,3,-5,7
-142,68,16,1,22
-142,82,35,10,36
-143,94,53,16,43
-147,101,62,17,43
-152,101,61,14,38
-154,97,53,10,31
-148,92,43,7,26
-133,88,36,7,21
-113,84,32,10,14
-98,80,29,12,3
-98,73,26,11,-11
-114,64,22,8,-24
-142,54,20,4,-31
-169,48,22,1,-31
-179,46,28,0,-24
-169,48,38,1,-13
-144,53,46,4,-6
-117,56,47,6,-6
-104,56,40,5,-13
-112,51,28,1,-25
-135,42,15,-5,-37
-162,34,7,-11,-46
-178,28,6,-15,-50
-182,25,12,-18,-52
-179,23,21,-21,-55
-180,22,28,-25,-60
-188,18,32,-31,-65
-201,12,36,-37,-67
-205,8,42,-40,-60
-188,8,55,-38,-46
-147,15,74,-32,-28
-89,27,96,-22,-11
-26,39,112,-13,2
31,49,120,-5,10
79,56,123,2,19
122,63,131,13,40
170,74,154,35,79
231,95,199,70,136
306,125,259,113,205
394,161,319,155,270
488,195,359,185,315
577,219,365,193,330
645,228,335,181,314
678,222,279,153,275
665,203,213,120,226
609,176,154,90,179
521,146,109,66,139
420,119,79,46,103
316,95,56,24,63
211,75,33,-2,15
97,57,6,-31,-42
-35,39,-25,-58,-99
-185,21,-55,-77,-147
-339,4,-78,-85,-175
-476,-10,-90,-84,-182
-579,-18,-89,-76,-172
-641,-20,-79,-68,-155
-665,-18,-66,-61,-140
-662,-15,-53,-57,-131
-638,-13,-44,-56,-126
-600,-11,-36,-56,-119
-547,-8,-27,-54,-105
-486,-2,-14,-52,-85
-421,6,3,-48,-63
-364,13,21,-46,-46
-318,16,34,-46,-36
-287,15,40,-47,-32
-267,12,41,-49,-30
-253,14,43,-48,-25
-241,23,51,-44,-16
-231,38,66,-35,-5
-222,55,83,-23,1
-213,66,96,-11,1
-205,68,98,-1,-6
-196,64,91,5,-14
-189,57,79,9,-18
-186,54,70,12,-17
-188,58,68,17,-9
-194,67,74,24,0
-197,78,82,31,8
-192,85,88,34,12
-177,87,90,34,13
-156,83,91,29,12
-138,77,93,23,10
-132,73,100,20,10
-143,72,109,20,11
-168,76,118,25,12
-195,82,121,31,12
-213,87,117,36,12
-214,91,109,38,11
-203,93,102,39,12
-187,94,97,40,12
-177,95,95,42,13
-179,93,92,44,13
-189,88,85,45,13
-203,78,71,41,9
-211,62,53,31,1
-211,43,36,15,-12
-205,24,22,-2,-30
-198,9,14,-17,-49
-191,-1,11,-27,-65
-183,-4,9,-32,-72
-168,-4,9,-33,-69
-146,-3,11,-34,-60
-121,-4,13,-37,-50
-105,-7,15,-43,-45
-110,-13,14,-51,-47
-141,-20,10,-57,-55
-187,-28,1,-60,-63
-228,-35,-8,-57,-67
-245,-38,-15,-51,-67
-231,-38,-15,-42,-63
-195,-33,-10,-35,-59
-162,-26,-1,-31,-56
-151,-19,6,-30,-52
-167,-14,9,-29,-46
-197,-11,5,-25,-37
-221,-11,-5,-19,-29
-222,-13,-18,-11,-23
-203,-16,-31,-4,-23
-181,-17,-43,-1,-28
-173,-18,-53,-2,-33
-187,-15,-59,-4,-36
-213,-9,-61,-7,-35
-231,0,-59,-9,-32
-229,10,-54,-10,-33
-206,19,-50,-12,-39
-178,24,-49,-16,-49
-162,25,-51,-23,-61
-171,22,-55,-29,-68
-198,18,-56,-32,-68
-228,16,-52,-32,-61
-244,17,-42,-29,-53
-238,22,-28,-25,-46
-217,27,-14,-24,-42
-196,31,-6,-25,-40
-186,31,-5,-26,-36
-191,28,-10,-25,-29
-204,25,-19,-19,-18
-211,25,-29,-11,-8
-209,28,-41,-2,-2
-199,34,-53,2,-4
-194,39,-63,0,-12
-201,39,-71,-5,-24
-221,36,-73,-10,-35
-241,29,-68,-12,-43
-249,23,-58,-10,-51
-238,21,-45,-7,-59
-215,20,-35,-8,-68
-196,21,-32,-14,-76
-194,20,-35,-23,-81
-213,17,-40,-31,-81
-242,14,-43,-32,-75
-264,14,-41,-27,-68
-269,18,-33,-17,-63
-256,24,-22,-8,-61
-234,30,-11,-3,-60
-215,32,-5,-2,-57
-204,31,-2,-3,-49
-200,27,-3,-6,-40
-197,24,-6,-9,-32
-190,24,-10,-12,-31
-180,28,-16,-16,-37
-170,31,-23,-21,-47
-165,32,-30,-25,-54
-168,30,-35,-25,-55
-174,26,-36,-22,-49
-179,24,-32,-15,-39
-178,26,-25,-8,-30
-172,34,-18,-2,-26
-166,44,-14,0,-29
-167,51,-18,-4,-38
-178,52,-28,-12,-48
-198,48,-41,-22,-57
-221,41,-53,-32,-61
-240,35,-60,-39,-58
-250,34,-57,-40,-49
-249,39,-46,-34,-34
-241,47,-28,-21,-19
-228,58,-8,-6,-6
-210,67,9,8,2
-187,75,20,17,3
-165,81,22,20,0
-150,85,17,19,-4
-153,84,9,15,-8
-179,77,-1,10,-10
-223,66,-9,3,-13
-265,51,-16,-3,-17
-287,38,-22,-8,-23
-275,32,-28,-8,-28
-236,35,-31,-2,-29
-189,50,-30,12,-24
-158,72,-23,33,-12
-156,99,-10,57,3
-180,125,9,80,19
-212,148,29,102,34
-235,166,48,120,48
-239,179,63,135,63
-228,186,71,148,81
-215,187,74,159,103
-210,183,73,170,127
-216,174,71,181,151
-228,160,69,191,174
-240,144,68,199,192
-247,124,66,204,204
-252,101,60,202,213
-261,75,50,194,220
-274,45,37,181,230
-288,12,26,169,246
-295,-23,20,161,266
-291,-61,21,158,287
-274,-100,28,158,305
-251,-141,33,155,318
-233,-184,32,147,325
-226,-229,21,131,327
-232,-275,5,110,328
-248,-321,-14,88,329
-269,-365,-32,68,330
-292,-407,-48,49,327
-312,-445,-65,28,320
-327,-479,-86,4,306
-333,-508,-110,-22,288
-328,-530,-130,-47,267
-314,-543,-139,-65,248
-300,-547,-133,-71,234
-292,-543,-112,-67,228
-294,-532,-83,-57,229
-301,-518,-57,-48,232
-303,-502,-40,-47,231
-292,-484,-34,-54,218
-269,-462,-39,-67,188
-245,-434,-48,-82,143
-235,-399,-58,-94,89
-245,-357,-68,-104,31
-267,-309,-79,-112,-24
-283,-261,-94,-122,-75
-273,-214,-111,-136,-119
-236,-172,-130,-156,-159
-185,-138,-145,-177,-192
-145,-112,-155,-196,-218
-136,-93,-161,-209,-235
-163,-79,-165,-215,-244
-210,-68,-170,-214,-247
-251,-57,-178,-206,-245
-264,-42,-184,-193,-240
-247,-23,-187,-180,-233
-213,-5,-182,-168,-226
-188,11,-171,-160,-222
-190,22,-156,-159,-223
-220,28,-142,-164,-229
-263,30,-130,-171,-238
-296,32,-123,-177,-245
-303,35,-118,-181,-246
-285,37,-113,-180,-240
-258,35,-107,-177,-226
-244,28,-101,-173,-209
-253,17,-97,-168,-192
-279,6,-94,-161,-178
-304,-2,-92,-151,-168
-307,-3,-90,-138,-160
-284,0,-87,-120,-154
-246,6,-82,-102,-149
-214,11,-78,-86,-143
-208,12,-74,-73,-136
-231,9,-71,-64,-126
-271,6,-68,-59,-112
-309,5,-63,-54,-94
-328,11,-55,-48,-73
-323,22,-42,-38,-51
-303,38,-25,-26,-30
-281,54,-5,-11,-12
-269,66,17,4,1
-267,71,39,15,10
-270,72,58,22,16
-269,72,72,25,19
-262,74,78,24,19
-250,80,76,22,16
-242,85,66,18,8
-245,86,52,13,-3
-260,79,39,7,-14
-282,67,30,-1,-23
-299,52,27,-8,-28
-301,40,27,-15,-28
-286,35,28,-20,-25
-258,37,28,-23,-22
-230,42,27,-24,-19
-216,47,30,-21,-18
-223,51,36,-15,-19
-247,52,45,-8,-22
-277,50,52,-1,-26
-299,46,54,4,-30
-303,41,49,4,-32
-289,34,42,2,-32
-264,28,35,0,-28
-236,24,33,0,-23
-213,22,35,1,-20
-199,22,40,3,-19
-196,23,45,1,-20
-203,24,48,-6,-19
-218,23,52,-17,-15
-235,24,59,-26,-8
-247,25,67,-29,-2
-250,30,76,-24,1
-244,35,82,-13,-1
-235,40,82,-1,-6
-235,40,77,5,-12
-250,35,71,2,-14
-278,26,68,-8,-12
-304,15,73,-20,-9
-310,6,84,-27,-6
-288,2,100,-27,-5
-245,4,113,-22,-6
-199,9,120,-15,-8
-175,16,117,-10,-9
-184,21,106,-9,-7
-219,22,93,-12,-3
-259,21,82,-14,3
-281,19,78,-13,7
-274,18,78,-8,8
-243,19,80,-1,6
-210,21,78,5,1
-194,24,71,10,-3
-206,25,64,13,-3
-238,26,60,16,4
-274,28,64,19,16
-292,31,74,22,28
-283,35,85,24,34
-253,39,92,24,32
-220,38,91,21,21
-205,31,83,16,7
-218,20,71,11,-4
-254,9,59,9,-7
-296,2,50,11,-2
-321,2,45,16,8
-316,8,45,22,19
-282,16,49,27,26
-239,21,58,29,30
-207,22,70,28,31
-198,19,83,26,30
-212,15,93,24,30
-233,15,100,22,31
-244,17,102,22,32
-237,22,100,23,32
-214,26,96,25,31
-190,26,90,28,28
-176,24,85,33,24
-177,20,81,38,23
-188,17,79,42,25
-198,16,79,43,30
-201,17,80,42,36
-194,18,80,40,40
-185,19,80,40,41
-181,20,79,42,39
-186,21,81,45,38
-197,24,85,48,38
-211,26,94,49,42
-222,28,103,47,47
-225,28,110,43,52
-220,26,113,41,55
-206,25,110,41,55
-188,24,104,44,53
-169,26,98,48,54
-155,31,93,52,57
-152,39,94,56,66
-157,48,99,60,78
-163,60,109,66,91
-162,71,121,73,102
-149,82,132,81,109
-127,89,135,85,111
-108,89,128,85,109
-104,81,112,80,104
-118,68,92,72,97
-145,51,75,63,90
-172,35,65,53,82
-191,22,61,42,71
-199,11,59,31,59
-205,1,53,19,47
-217,-11,43,9,38
-233,-23,32,5,34
-248,-33,27,8,36
-250,-39,30,18,42
-235,-39,42,31,47
-210,-34,55,42,50
-189,-28,63,46,50
-184,-25,63,42,46
-197,-29,54,34,42
-220,-39,42,24,38
-236,-51,31,18,35
-239,-62,26,15,33
-227,-70,23,16,29
-214,-74,22,18,24
-212,-79,21,18,21
-229,-87,20,16,19
-263,-98,23,12,23
-300,-109,30,9,30
-328,-116,41,10,39
-334,-113,54,16,47
-321,-102,62,25,51
-295,-88,63,35,50
-272,-79,56,40,46
-262,-79,43,39,42
-271,-91,28,30,40
-294,-108,14,18,42
-321,-124,1,6,45
-341,-133,-12,-3,48
-348,-136,-25,-8,48
-343,-136,-37,-8,47
-330,-137,-44,-4,45
-315,-140,-42,2,45
-302,-141,-30,10,48
-294,-138,-12,21,53
-289,-129,5,31,58
-288,-117,15,39,60
-291,-108,14,43,60
-295,-105,6,43,57
-301,-108,-3,39,54
-306,-115,-8,35,53
-307,-121,-6,31,52
-305,-123,-3,26,51
-300,-124,-3,20,46
-295,-128,-12,11,37
-291,-137,-28,-1,26
-290,-150,-44,-13,18
-289,-162,-51,-21,15
-289,-169,-47,-24,21
-286,-166,-31,-20,33
-283,-156,-11,-10,49
-283,-143,6,5,63
-288,-132,15,22,75
-298,-126,17,41,83
-307,-123,14,57,89
-308,-123,10,69,94
-296,-123,7,74,98
-273,-126,2,74,100
-249,-131,-7,68,99
-235,-140,-22,60,95
-241,-151,-42,53,92
-262,-160,-61,46,92
-287,-165,-72,41,95
-301,-163,-74,38,100
-299,-157,-66,36,101
-283,-149,-55,35,98
-265,-145,-45,35,92
-255,-147,-40,36,85
-257,-154,-38,37,81
-266,-163,-36,35,82
-275,-170,-31,32,85
-279,-172,-23,27,88
-278,-171,-14,21,88
-276,-167,-9,17,84
-277,-162,-11,17,80
-280,-160,-16,21,79
-281,-159,-22,28,81
-276,-159,-23,36,87
-266,-159,-19,42,93
-253,-157,-12,46,97
-240,-152,-6,49,98
-232,-148,-5,54,97
-229,-145,-11,61,95
-232,-146,-22,68,93
-240,-152,-35,72,90
-249,-161,-45,69,86
-253,-167,-52,60,82
-249,-168,-54,50,81
-236,-161,-51,45,85
-222,-146,-45,48,95
-214,-128,-36,58,108
-216,-110,-24,70,119
-227,-98,-10,78,124
-238,-90,4,79,120
-242,-88,14,73,109
-237,-90,17,65,95
-230,-93,12,59,84
-230,-99,0,57,80
-239,-104,-15,56,79
-252,-108,-28,51,78
-260,-110,-35,42,71
-255,-108,-36,31,59
-240,-104,-35,23,45
-224,-100,-32,22,35
-214,-97,-31,29,34
-210,-95,-30,40,42
-204,-91,-25,50,53
-191,-85,-17,52,60
-174,-77,-5,47,59
-164,-69,6,37,52
-175,-64,13,30,43
-209,-62,15,28,38
-251,-63,11,31,37
-279,-64,5,35,38
-277,-64,-1,37,36
-248,-63,-6,32,27
-211,-63,-10,23,13
-192,-65,-12,15,-1
-202,-66,-12,11,-8
-229,-65,-7,17,-5
-251,-58,4,31,9
-243,-45,20,50,27
-198,-28,36,68,44
-129,-13,49,81,56
-56,-1,55,86,64
4,9,59,87,75
51,19,68,90,97
99,38,92,102,135
165,67,135,127,189
255,107,190,164,250
363,152,246,203,304
474,193,287,232,338
565,220,303,242,345
623,230,293,230,326
641,221,264,202,290
621,201,227,170,247
569,177,191,142,205
493,154,160,119,166
399,136,131,99,126
292,119,99,73,78
175,100,62,39,23
48,76,23,-2,-37
-85,47,-12,-44,-93
-220,17,-37,-79,-135
-349,-8,-48,-100,-159
-464,-22,-47,-106,-164
-555,-26,-38,-102,-158
-620,-23,-28,-92,-147
-656,-19,-22,-83,-139
-668,-18,-21,-76,-133
-657,-21,-24,-71,-125
-628,-24,-26,-63,-114
-581,-23,-26,-50,-96
-522,-18,-21,-34,-76
-454,-9,-14,-17,-59
-385,2,-6,-4,-50
-324,11,-2,1,-50
-275,15,-2,-2,-56
-241,14,-5,-9,-63
-221,8,-10,-17,-67
-211,1,-15,-22,-63
-205,-6,-18,-22,-54
-198,-9,-17,-18,-43
-187,-6,-11,-14,-31
-171,4,1,-11,-23
-154,18,18,-10,-18
-141,32,36,-11,-18
-136,42,51,-14,-22
-138,45,59,-16,-27
-145,42,59,-16,-31
-149,37,52,-12,-32
-146,36,41,-4,-31
-137,41,30,7,-30
-129,50,20,16,-32
-130,57,11,20,-38
-142,60,0,18,-47
-161,54,-12,10,-53
-173,44,-23,0,-55
-169,34,-30,-7,-49
-145,29,-28,-8,-38
-109,30,-20,-5,-28
-75,36,-7,-1,-21
-56,42,3,2,-19
-58,48,8,3,-21
-79,53,6,5,-21
-108,58,1,9,-17
-138,66,-5,16,-7
-163,76,-6,24,5
-181,86,-3,32,16
-193,93,3,36,22
-198,97,10,35,22
-196,96,15,28,14
-189,91,14,16,0
-179,80,6,0,-16
-171,65,-7,-15,-31
-167,48,-22,-27,-40
-169,32,-34,-33,-42
-174,21,-37,-32,-37
-183,18,-34,-28,-32
-194,20,-28,-26,-31
-205,24,-27,-29,-36
-214,24,-32,-37,-45
-216,21,-41,-46,-53
-207,17,-46,-48,-55
-186,18,-41,-40,-48
-160,26,-25,-23,-36
-137,40,-6,-3,-24
-126,54,7,14,-19
-128,63,7,22,-22
-138,64,-4,24,-29
-144,58,-16,23,-35
-140,49,-21,23,-38
-129,41,-13,26,-35
-121,35,4,30,-32
-126,31,21,31,-32
-147,29,28,26,-36
-173,28,25,16,-42
-189,31,16,5,-47
-182,35,11,-3,-46
-150,40,15,-6,-39
-107,42,29,-2,-27
-71,40,48,4,-18
-60,34,64,7,-15
-79,28,72,4,-20
-118,24,72,-6,-30
-159,24,67,-19,-40
-182,27,64,-27,-44
-177,32,65,-26,-40
-149,37,68,-14,-31
-116,41,70,3,-23
-95,43,67,17,-21
-99,44,60,22,-27
-126,42,52,15,-37
-163,38,48,2,-47
-189,34,49,-10,-50
-193,32,57,-13,-47
-175,33,65,-8,-41
-145,38,72,2,-36
-117,44,74,9,-35
-100,48,73,12,-36
-93,48,72,10,-38
-91,45,75,7,-38
-92,39,79,4,-36
-95,33,81,0,-32
-105,29,78,-5,-31
-121,27,70,-13,-31
-137,28,60,-21,-30
-140,31,55,-26,-28
-125,35,57,-25,-23
-94,39,66,-19,-19
-62,43,77,-11,-19
-45,46,82,-7,-26
-53,47,79,-10,-38
-81,48,70,-18,-48
-114,49,59,-25,-53
-137,50,51,-27,-48
-143,54,51,-23,-37
-137,58,55,-18,-26
-130,61,61,-14,-21
-132,63,66,-17,-25
-143,62,71,-24,-34
-155,60,77,-31,-43
-158,55,83,-34,-48
-145,50,87,-30,-46
-122,44,87,-22,-40
-98,37,81,-16,-34
-83,30,71,-14,-28
-80,25,62,-17,-23
-84,23,58,-22,-17
-83,25,62,-26,-11
-74,32,71,-25,-6
-57,42,81,-20,-3
-43,51,85,-15,-5
-45,56,82,-10,-9
-65,54,74,-8,-13
-97,46,67,-5,-14
-126,39,66,0,-11
-138,36,72,10,-4
-133,42,85,24,6
-118,57,98,36,17
-106,75,108,44,27
-105,92,112,47,36
-112,103,113,44,44
-117,109,113,40,48
-114,115,115,39,49
-101,123,122,42,48
-87,134,130,49,47
-84,143,135,56,46
-96,145,132,58,45
-120,136,119,53,39
-146,118,99,40,28
-164,96,78,24,12
-170,78,63,8,-6
-165,70,58,-1,-19
-152,70,62,-3,-27
-131,73,69,-1,-30
-105,72,71,2,-30
-81,65,63,1,-32
-71,52,48,-5,-35
-83,38,31,-11,-37
-116,28,22,-14,-36
-160,26,23,-9,-29
-196,29,34,1,-21
-209,33,45,11,-15
-199,34,50,16,-14
-178,29,45,12,-17
-163,20,33,3,-20
-162,9,21,-8,-19
-171,0,16,-13,-14
-177,-3,21,-11,-5
-171,-2,32,-3,2
-152,0,42,5,5
-132,2,43,10,4
-121,0,35,11,1
-124,-3,22,10,0
-134,-6,9,10,0
-139,-6,1,12,1
-134,-4,-1,14,1
-122,-2,1,12,0
-114,-1,4,6,-3
-120,-5,3,-3,-4
-139,-11,-2,-13,-3
-160,-18,-10,-19,-3
-168,-22,-20,-20,-4
-158,-24,-30,-19,-10
-133,-23,-42,-19,-18
-108,-22,-54,-22,-27
-97,-22,-65,-30,-34
-106,-24,-72,-40,-38
-132,-28,-74,-48,-38
-163,-33,-70,-53,-37
-190,-36,-63,-54,-37
-204,-37,-55,-53,-39
-203,-36,-47,-52,-44
-187,-32,-41,-49,-50
-161,-25,-35,-44,-57
-131,-17,-28,-37,-64
-104,-11,-21,-29,-69
-88,-7,-18,-24,-72
-89,-8,-22,-24,-73
-108,-12,-32,-30,-72
-138,-17,-44,-38,-69
-169,-20,-51,-45,-63
-190,-18,-48,-47,-56
-195,-13,-34,-44,-49
-184,-6,-14,-38,-44
-166,0,1,-32,-43
-148,4,5,-28,-48
-139,3,-3,-27,-57
-143,0,-20,-29,-66
-161,-3,-36,-30,-70
-185,-5,-46,-31,-67
-206,-5,-49,-30,-57
-215,-4,-46,-28,-45
-203,-4,-43,-27,-35
-173,-3,-42,-27,-31
-136,-2,-43,-28,-34
-104,2,-43,-31,-40
-88,9,-41,-34,-44
-90,19,-35,-35,-45
-102,28,-25,-34,-40
-113,33,-12,-30,-34
-117,34,1,-26,-27
-117,32,14,-23,-22
-120,29,24,-21,-20
-130,29,30,-20,-19
-145,33,31,-18,-19
-153,42,30,-16,-20
-146,51,29,-13,-19
-125,57,30,-9,-18
-100,57,35,-7,-17
-87,50,43,-5,-14
-95,41,52,-3,-10
-119,34,62,2,-5
-145,35,69,8,0
-155,43,75,14,2
-144,57,79,15,1
-122,70,82,9,-5
-104,77,84,-1,-12
-103,77,86,-12,-16
-121,73,91,-16,-13
-146,71,99,-12,-3
-165,74,106,-2,10
-171,79,108,7,17
-164,82,103,10,15
-149,78,90,3,2
-134,66,73,-9,-17
-120,52,59,-22,-32
-108,41,52,-28,-39
-98,40,50,-26,-39
-94,47,49,-18,-35
-100,57,41,-9,-34
-115,62,26,-4,-37
-129,60,6,-6,-43
-133,51,-11,-11,-47
-123,43,-19,-17,-46
-102,41,-16,-22,-41
-82,44,-7,-26,-37
-76,50,-1,-29,-35
-88,52,0,-32,-38
-113,46,-5,-36,-42
-142,35,-9,-39,-41
-163,23,-8,-39,-35
-169,15,1,-35,-25
-159,15,13,-31,-16
-139,22,22,-27,-13
-116,32,25,-26,-17
-96,40,21,-28,-26
-84,43,14,-33,-38
-82,39,6,-39,-47
-89,31,1,-44,-54
-96,22,-1,-48,-58
-96,16,-1,-50,-58
-84,16,1,-48,-56
-61,26,6,-42,-51
-37,42,14,-33,-44
-26,61,26,-20,-36
-37,78,39,-6,-28
-70,90,52,9,-22
-111,98,65,24,-15
-144,106,80,40,-5
-154,117,100,56,8
-140,131,123,73,22
-112,148,146,87,36
-87,161,164,98,46
-79,166,172,104,53
-91,164,172,108,61
-115,155,166,113,74
-137,144,163,121,95
-147,136,165,133,122
-144,130,173,148,149
-136,123,181,161,172
-133,112,183,170,188
-135,91,177,172,200
-141,59,164,166,212
-140,19,149,154,229
-128,-28,137,138,251
-107,-76,133,124,276
-86,-120,134,115,302
-73,-158,137,112,327
-71,-190,137,114,348
-79,-217,131,117,367
-90,-244,117,116,381
-96,-275,99,105,389
-98,-312,78,84,389
-96,-355,58,55,377
-97,-401,40,23,355
-103,-445,22,-6,325
-114,-481,5,-29,294
-123,-507,-12,-47,266
-122,-522,-28,-60,245
-106,-528,-41,-68,234
-76,-529,-49,-72,233
-39,-526,-50,-69,237
-10,-518,-43,-58,239
1,-505,-34,-45,235
-11,-484,-24,-34,220
-37,-455,-19,-33,193
-65,-420,-20,-44,157
-80,-380,-25,-65,115
-78,-335,-31,-88,71
-63,-289,-35,-108,25
-45,-242,-36,-120,-20
-32,-197,-34,-125,-60
-28,-158,-31,-126,-92
-29,-127,-29,-127,-114
-27,-104,-28,-129,-125
-20,-87,-27,-131,-131
-8,-74,-23,-133,-136
4,-62,-18,-135,-145
12,-50,-13,-137,-158
15,-38,-10,-143,-172
15,-27,-10,-150,-183
11,-16,-13,-157,-189
2,-5,-14,-160,-188
-11,9,-10,-158,-184
-28,27,3,-151,-179
-43,46,22,-142,-174
-49,63,44,-132,-169
-41,77,62,-126,-167
-21,86,70,-125,-166
0,90,68,-127,-167
10,91,58,-132,-169
2,89,48,-137,-169
-24,86,44,-140,-166
-58,79,48,-140,-157
-89,69,59,-134,-145
-111,56,72,-124,-134
-124,41,81,-111,-126
-131,27,83,-97,-122
-136,14,79,-86,-120
-137,6,72,-80,-117
-131,1,67,-77,-111
-119,0,63,-75,-102
-104,2,61,-70,-92
-96,6,58,-60,-82
-98,11,54,-47,-73
-106,16,50,-32,-65
-113,21,49,-21,-57
-110,24,49,-16,-50
-94,24,50,-17,-43
-75,23,50,-20,-39
-65,22,49,-22,-37
-70,22,49,-21,-36
-88,24,50,-17,-34
-105,26,55,-12,-31
-108,28,60,-9,-29
-91,27,63,-10,-30
-63,24,59,-14,-37
-39,20,48,-19,-47
-32,17,35,-21,-56
-46,18,23,-19,-60
-73,22,17,-15,-57
-97,26,19,-9,-49
-106,30,25,-5,-42
-96,30,34,-3,-39
-75,27,41,-4,-42
-55,24,44,-7,-46
-46,23,44,-9,-48
-54,23,40,-12,-44
-75,25,32,-15,-35
-96,27,22,-18,-24
-108,26,13,-21,-16
-104,23,9,-22,-14
-84,20,12,-18,-14
-59,19,20,-10,-14
-40,21,30,0,-12
-37,25,37,9,-5
-51,30,37,13,2
-75,33,32,11,9
-98,34,27,5,13
-109,34,25,1,15
-102,34,29,-2,14
-80,34,35,-1,12
-52,33,38,-2,9
-32,29,35,-5,6
-26,24,29,-12,2
-36,20,23,-17,0
-54,20,24,-18,0
-68,25,34,-9,3
-69,31,48,6,8
-54,35,59,23,12
-32,35,64,36,15
-16,32,60,38,17
-19,28,54,31,16
-43,27,50,17,12
-80,28,50,5,7
-114,29,51,-3,1
-130,27,47,-2,-3
-119,20,36,5,-4
-87,10,19,13,0
-43,3,2,17,9
-5,3,-5,16,18
17,10,1,9,26
18,20,16,0,29
0,28,33,-6,27
-30,31,45,-7,21
-62,27,49,-1,15
-86,21,46,7,11
-98,15,43,16,10
-94,13,45,21,12
-77,13,53,24,16
-52,13,68,25,20
-25,13,84,25,23
-3,10,99,23,24
9,7,108,19,23
9,3,111,11,21
-1,-1,106,0,18
-15,-5,96,-11,17
-24,-7,86,-19,18
-22,-6,77,-20,21
-10,-3,74,-14,25
6,3,74,-2,26
14,8,73,10,25
8,8,69,19,22
-11,3,59,23,18
-33,-3,48,21,17
-45,-8,40,19,20
-40,-6,39,17,27
-23,3,46,18,33
-10,17,56,21,38
-16,29,64,22,37
-45,35,66,21,33
-84,33,62,17,26
-114,27,57,11,21
-113,19,54,7,20
-79,16,54,5,23
-25,17,55,6,29
30,19,55,5,35
68,18,50,1,41
88,11,41,-4,47
101,-1,33,-8,55
124,-13,31,-5,68
167,-18,40,10,89
231,-10,65,38,119
307,12,103,78,157
388,46,149,121,203
470,84,195,160,251
555,117,230,187,296
641,138,245,198,329
720,143,238,194,343
778,134,210,178,334
798,115,170,156,305
772,93,128,134,261
704,72,91,114,213
603,53,61,96,166
486,32,34,77,123
362,8,4,55,82
241,-22,-31,28,36
122,-56,-70,-2,-15
2,-90,-108,-31,-67
-122,-120,-140,-56,-113
-252,-144,-158,-73,-142
-382,-159,-162,-80,-149
-499,-167,-152,-80,-136
-580,-169,-133,-73,-111
-610,-165,-112,-62,-84
-585,-156,-92,-51,-64
-518,-146,-77,-40,-50
-437,-134,-66,-31,-39
-365,-123,-59,-24,-24
-313,-112,-50,-18,-3
-274,-103,-40,-12,23
-230,-96,-26,-6,47
-169,-91,-13,0,63
-94,-88,-3,6,69
-23,-87,1,10,65
22,-86,0,11,58
30,-87,-4,9,52
8,-88,-9,5,50
-25,-92,-12,-1,51
-47,-99,-12,-6,52
-49,-107,-11,-10,50
-36,-113,-7,-12,47
-20,-114,0,-12,46
-15,-109,11,-11,49
-22,-100,26,-8,56
-33,-90,39,-6,66
-37,-84,47,-5,73
-25,-86,45,-6,75
2,-93,33,-9,73
34,-103,15,-13,69
57,-111,-3,-16,69
59,-113,-15,-14,75
43,-110,-18,-8,88
17,-104,-12,3,101
-1,-99,-3,16,111
-3,-97,5,25,112
14,-99,7,29,103
35,-102,1,26,90
47,-106,-10,19,77
39,-108,-21,13,72
14,-108,-28,9,74
-12,-107,-26,10,81
-24,-106,-19,12,88
-14,-107,-9,12,88
15,-110,-2,8,80
50,-114,-1,0,69
75,-118,-4,-9,60
83,-121,-8,-16,58
75,-122,-10,-18,64
58,-122,-8,-16,74
40,-122,-4,-10,84
26,-124,0,-3,90
17,-126,2,4,91
17,-127,2,8,90
26,-126,0,10,86
45,-123,-1,8,82
72,-120,0,4,78
96,-119,4,0,78
109,-118,8,-3,81
102,-119,11,-3,88
77,-119,14,3,97
46,-117,15,12,106
23,-113,12,22,111
20,-109,7,28,110
37,-107,-2,28,105
63,-108,-10,22,100
85,-114,-17,12,97
92,-123,-19,2,97
85,-131,-14,-5,100
75,-135,-3,-6,102
72,-131,12,0,101
82,-120,27,10,100
99,-104,39,19,98
113,-88,45,25,98
113,-78,44,23,99
99,-77,38,17,101
79,-84,29,9,102
61,-94,23,5,103
53,-100,23,9,104
58,-97,29,19,106
74,-86,38,35,110
96,-70,45,50,116
120,-53,47,60,123
138,-42,42,63,128
144,-36,32,58,132
132,-33,24,50,134
105,-32,19,42,133
77,-31,19,36,130
61,-30,21,32,125
68,-31,23,29,118
92,-36,21,22,108
115,-46,15,13,97
119,-57,8,4,88
101,-64,2,-2,82
71,-65,1,0,82
53,-56,5,9,85
60,-41,9,21,89
90,-26,13,31,88
124,-14,14,34,81
141,-10,13,28,67
133,-11,15,17,54
111,-13,20,7,45
91,-9,29,4,42
88,1,39,9,45
99,17,43,19,46
109,31,38,28,43
104,38,25,31,33
80,37,8,27,21
49,30,-7,19,12
25,24,-17,13,10
19,22,-18,13,14
32,28,-13,20,21
54,40,-4,32,27
75,51,8,44,30
88,58,20,52,33
92,60,31,57,36
89,60,39,59,40
82,59,41,62,45
75,63,36,68,46
70,69,28,75,43
71,79,22,80,38
79,88,21,80,34
93,96,27,75,35
106,102,38,65,41
112,107,50,56,49
106,112,57,51,55
89,116,59,50,54
68,119,59,52,47
50,123,60,55,39
42,126,65,56,32
49,129,73,53,30
69,131,79,46,30
97,130,78,37,28
124,125,71,28,21
140,118,60,21,9
138,112,50,17,-4
118,108,45,15,-12
89,109,45,16,-14
61,114,47,17,-10
46,118,48,19,-5
46,121,46,20,-3
57,121,40,22,-5
70,120,36,26,-8
79,121,36,31,-9
84,123,40,38,-7
92,126,47,43,0
108,126,53,46,7
134,121,55,46,12
164,113,53,44,14
185,105,48,40,14
188,101,42,38,13
171,101,36,39,14
144,105,31,43,17
117,110,26,48,22
103,111,23,50,24
103,108,23,48,23
111,101,24,40,17
115,94,26,28,5
107,89,29,15,-9
88,87,32,4,-20
65,88,37,0,-27
46,91,43,1,-25
39,96,51,7,-18
46,100,60,13,-9
64,103,67,17,-3
88,104,70,18,-1
111,105,71,16,-4
129,106,69,16,-7
139,108,69,17,-8
139,112,71,20,-6
131,117,72,22,-2
119,120,70,22,0
107,122,63,17,-1
101,120,52,8,-7
102,117,39,-2,-16
107,113,30,-8,-25
112,109,24,-10,-32
113,107,21,-5,-36
108,108,19,2,-38
101,110,16,8,-38
97,113,11,9,-39
98,114,5,4,-39
107,112,0,-4,-37
118,110,-1,-11,-35
126,108,1,-12,-30
123,107,5,-9,-26
107,107,7,-5,-23
80,108,7,-3,-23
51,109,6,-8,-23
32,109,7,-16,-22
30,112,13,-24,-18
45,118,27,-25,-10
71,129,46,-17,-2
97,141,67,-1,5
114,151,84,15,6
121,156,94,25,3
124,156,97,26,-1
127,154,93,18,-6
131,152,86,6,-9
130,151,78,-7,-11
121,149,68,-18,-14
103,143,55,-26,-19
85,131,39,-31,-26
80,116,21,-35,-33
98,102,5,-37,-39
133,94,-7,-37,-43
170,92,-13,-34,-47
188,96,-14,-29,-49
178,100,-12,-22,-50
143,102,-7,-16,-48
103,103,-2,-12,-44
79,105,3,-12,-39
83,109,6,-17,-35
111,114,7,-25,-35
147,116,8,-33,-36
173,113,10,-38,-36
174,107,14,-37,-33
154,101,20,-31,-28
123,98,25,-24,-24
97,99,25,-18,-25
87,100,17,-16,-31
96,98,3,-18,-39
117,89,-12,-21,-46
137,75,-24,-24,-50
146,63,-29,-25,-50
141,56,-31,-25,-52
128,58,-36,-26,-57
116,66,-47,-27,-64
114,76,-65,-29,-69
122,84,-84,-29,-67
134,90,-97,-29,-56
140,93,-99,-28,-41
137,95,-91,-30,-28
127,98,-81,-35,-24
121,99,-75,-43,-29
125,99,-76,-49,-38
142,96,-81,-51,-46
166,92,-84,-45,-48
188,90,-81,-34,-45
204,91,-73,-19,-40
212,94,-65,-8,-38
212,95,-65,-3,-43
205,91,-79,-5,-52
191,81,-103,-11,-62
172,69,-130,-18,-66
153,61,-150,-24,-64
144,60,-154,-28,-55
147,68,-143,-32,-42
158,81,-122,-36,-32
167,93,-101,-40,-27
162,99,-86,-43,-30
140,97,-80,-41,-38
110,92,-80,-36,-48
87,87,-83,-29,-55
85,85,-85,-23,-59
107,86,-84,-20,-58
144,88,-83,-20,-56
183,89,-80,-21,-53
213,87,-77,-22,-49
228,87,-70,-22,-47
227,90,-57,-21,-45
212,97,-41,-23,-45
188,106,-23,-25,-45
160,113,-8,-27,-45
135,115,0,-27,-42
123,112,3,-23,-38
128,106,4,-18,-33
148,99,4,-16,-31
173,93,5,-18,-34
190,88,3,-26,-44
192,81,-4,-37,-55
181,72,-18,-46,-64
165,62,-34,-52,-67
153,55,-48,-52,-65
148,53,-55,-48,-60
149,57,-54,-41,-57
150,67,-48,-32,-56
148,77,-41,-24,-55
144,85,-37,-16,-50
141,88,-36,-11,-40
143,87,-33,-8,-30
149,85,-25,-10,-23
159,85,-12,-14,-23
168,88,4,-20,-29
176,91,18,-25,-38
184,93,27,-27,-44
193,91,30,-25,-43
203,86,30,-19,-35
211,81,32,-9,-27
213,79,36,2,-20
207,82,42,11,-18
194,89,48,18,-17
179,98,50,22,-12
165,108,50,24,-1
158,119,51,28,17
158,133,54,36,37
167,150,62,48,53
183,169,72,59,62
205,185,78,65,62
227,193,76,62,56
243,191,65,49,46
249,180,47,30,35
244,164,26,12,24
232,146,7,0,13
221,129,-10,-4,2
219,114,-22,-1,-8
227,102,-31,6,-14
243,93,-34,13,-17
263,88,-31,18,-16
281,86,-22,19,-12
294,86,-8,16,-8
301,88,7,10,-5
302,88,20,3,-4
296,85,27,-6,-4
284,81,29,-14,-7
270,76,26,-21,-13
258,69,19,-29,-21
254,62,8,-35,-30
261,55,-5,-38,-37
277,49,-18,-36,-42
295,46,-30,-30,-43
309,46,-39,-20,-42
315,47,-43,-12,-41
314,48,-43,-9,-40
306,46,-40,-12,-37
295,40,-35,-19,-33
281,32,-29,-26,-28
264,24,-23,-29,-22
245,20,-20,-27,-19
227,18,-21,-22,-21
214,19,-25,-19,-28
209,21,-32,-20,-35
211,21,-38,-27,-41
216,21,-42,-37,-42
222,21,-43,-47,-39
225,20,-44,-54,-35
226,20,-49,-58,-33
228,20,-60,-60,-36
228,20,-78,-62,-43
226,22,-98,-65,-50
219,25,-117,-69,-56
207,28,-132,-72,-59
190,29,-143,-73,-59
176,29,-150,-72,-57
170,26,-155,-69,-54
173,23,-156,-68,-50
184,20,-154,-70,-46
196,18,-147,-76,-44
205,16,-138,-85,-46
207,13,-128,-94,-52
207,9,-121,-101,-62
209,7,-117,-104,-74
214,7,-117,-102,-83
217,10,-118,-98,-87
212,17,-119,-93,-85
192,26,-116,-90,-79
160,35,-110,-86,-70
127,45,-100,-81,-62
109,55,-88,-73,-54
113,65,-75,-63,-47
137,76,-63,-53,-43
168,83,-53,-46,-41
190,87,-47,-45,-43
194,85,-44,-48,-48
183,78,-46,-55,-56
166,70,-52,-64,-65
154,60,-62,-74,-73
149,51,-76,-82,-79
142,43,-91,-88,-83
126,39,-103,-92,-83
98,38,-110,-91,-80
64,44,-109,-86,-74
40,54,-105,-78,-67
38,65,-99,-71,-60
63,73,-98,-65,-58
105,74,-103,-61,-60
150,68,-111,-58,-65
180,59,-117,-55,-71
188,52,-118,-50,-76
176,49,-112,-46,-80
158,50,-101,-44,-85
149,51,-89,-47,-91
155,50,-79,-54,-97
175,45,-72,-62,-101
196,40,-66,-67,-99
202,39,-60,-68,-91
185,42,-53,-66,-78
149,49,-48,-63,-65
110,55,-45,-63,-58
90,57,-45,-66,-58
101,57,-49,-69,-61
138,57,-54,-70,-62
185,62,-57,-65,-57
218,72,-57,-52,-46
222,86,-55,-35,-31
199,101,-52,-18,-18
163,114,-48,-2,-11
134,124,-46,8,-11
125,130,-46,14,-15
136,133,-48,15,-21
157,132,-51,12,-25
174,128,-53,8,-28
174,120,-54,2,-31
156,109,-54,-4,-38
128,99,-54,-10,-48
100,90,-57,-17,-60
83,82,-64,-26,-71
83,74,-75,-39,-76
97,66,-85,-56,-76
117,58,-90,-73,-72
133,52,-85,-88,-67
140,50,-72,-95,-64
136,51,-56,-91,-63
126,54,-43,-77,-61
121,58,-38,-57,-57
127,61,-40,-38,-50
145,64,-45,-23,-41
167,67,-49,-16,-35
186,70,-47,-15,-34
194,72,-42,-15,-38
190,72,-37,-16,-46
178,71,-36,-18,-55
164,70,-39,-20,-63
152,71,-44,-24,-66
143,76,-45,-28,-63
137,88,-39,-27,-53
136,106,-23,-19,-37
145,129,0,0,-16
164,153,22,27,7
189,175,40,55,28
212,191,51,80,45
224,198,55,99,60
221,198,56,113,76
208,191,57,129,96
192,181,59,147,119
180,169,60,167,143
172,154,57,182,164
165,134,46,185,179
158,105,28,175,188
151,67,7,155,194
149,24,-14,134,201
154,-21,-29,120,211
165,-63,-38,115,226
172,-101,-40,118,247
170,-137,-38,125,276
157,-171,-34,130,312
143,-205,-28,132,351
142,-238,-23,131,386
165,-270,-20,125,410
217,-303,-20,114,421
292,-337,-25,99,422
378,-372,-31,82,424
464,-404,-32,69,437
545,-424,-22,66,467
619,-426,1,76,508
689,-410,34,95,549
760,-383,67,116,577
830,-356,90,133,585
891,-339,97,140,573
934,-334,87,137,547
947,-336,66,127,513
920,-335,38,112,469
856,-326,7,92,413
763,-308,-25,65,338
654,-286,-60,27,245
539,-264,-96,-19,140
424,-244,-132,-71,32
308,-224,-166,-121,-70
189,-201,-194,-163,-158
66,-176,-215,-195,-230
-53,-151,-229,-218,-283
-159,-130,-236,-231,-316
-241,-117,-240,-237,-330
-289,-108,-239,-236,-328
-301,-98,-236,-229,-315
-276,-83,-230,-217,-299
-224,-61,-221,-203,-285
-155,-35,-209,-190,-277
-87,-11,-192,-182,-273
-29,8,-174,-179,-271
12,20,-157,-180,-271
43,26,-147,-182,-270
73,31,-146,-183,-271
112,35,-154,-182,-272
159,40,-166,-179,-270
205,45,-176,-173,-265
238,49,-180,-166,-256
250,51,-176,-156,-245
244,52,-169,-146,-235
233,51,-164,-135,-228
229,49,-165,-126,-223
235,46,-171,-119,-216
246,42,-179,-113,-205
253,39,-181,-108,-187
248,39,-173,-102,-164
230,43,-153,-93,-140
206,52,-126,-83,-119
185,63,-97,-71,-101
174,74,-74,-59,-86
175,82,-58,-47,-74
185,86,-48,-36,-62
199,87,-41,-25,-51
212,87,-33,-13,-39
220,88,-22,-2,-29
223,91,-10,7,-22
222,94,-2,16,-20
222,94,0,23,-22
224,89,-6,28,-28
227,80,-17,31,-36
226,70,-28,31,-41
219,61,-36,27,-44
208,56,-36,22,-43
198,56,-30,15,-41
195,58,-20,10,-41
199,58,-11,6,-44
205,56,-4,2,-51
208,52,2,-2,-58
202,46,7,-8,-64
190,42,12,-14,-66
180,40,15,-20,-65
180,38,15,-26,-62
192,36,9,-31,-60
213,33,-2,-37,-60
237,30,-15,-41,-60
257,29,-24,-44,-60
271,31,-24,-43,-56
275,36,-16,-36,-49
267,43,-5,-26,-38
248,51,3,-14,-26
223,56,5,-4,-17
205,59,-1,2,-12
204,60,-9,4,-14
223,59,-13,2,-19
252,58,-11,-1,-26
274,56,-2,-5,-31
279,54,8,-8,-34
265,52,15,-12,-35
245,50,16,-16,-36
231,48,11,-20,-39
229,46,3,-22,-44
230,46,-5,-23,-52
221,46,-10,-21,-58
197,49,-10,-17,-61
167,52,-4,-13,-58
148,55,7,-12,-51
155,55,20,-13,-44
188,52,33,-15,-39
234,47,44,-18,-37
274,41,51,-18,-39
294,38,54,-14,-42
295,39,54,-9,-42
285,44,50,-4,-40
273,48,45,-2,-36
260,49,38,-2,-32
244,46,32,-3,-30
221,40,26,-3,-29
195,34,21,2,-30
173,31,17,11,-31
165,33,14,19,-31
172,36,11,22,-32
187,39,8,18,-34
202,38,4,9,-37
208,34,1,-2,-39
205,28,-1,-9,-38
199,25,-2,-9,-33
200,26,-3,-2,-26
210,32,-6,9,-19
228,41,-13,18,-15
246,48,-22,23,-15
257,51,-33,22,-17
256,47,-43,18,-17
246,40,-49,12,-16
233,32,-53,8,-13
223,27,-56,4,-11
219,26,-60,1,-10
222,27,-66,-2,-11
226,28,-74,-5,-11
229,27,-82,-5,-9
230,24,-85,-3,-4
229,22,-84,1,2
227,22,-79,5,6
225,24,-74,8,7
221,27,-71,8,7
215,28,-72,6,6
209,24,-75,5,5
206,17,-78,6,6
209,9,-80,8,9
216,3,-78,11,11
222,0,-74,14,15
223,1,-70,17,21
218,4,-68,22,27
212,8,-66,31,32
212,13,-61,43,37
221,20,-53,55,40
236,29,-37,62,42
248,40,-14,63,46
247,50,14,58,52
232,57,43,50,58
208,59,68,42,61
189,55,84,38,61
183,46,90,34,57
193,33,88,29,50
212,20,79,21,42
229,6,69,8,34
235,-7,61,-6,26
228,-17,54,-19,17
213,-26,47,-28,8
199,-31,40,-31,1
190,-31,32,-29,1
191,-27,27,-22,7
199,-20,28,-10,17
211,-12,34,2,28
226,-6,43,10,34
238,-7,50,12,33
247,-13,53,7,27
250,-24,51,-4,20
246,-36,48,-15,14
238,-45,47,-22,12
228,-51,49,-22,12
219,-53,52,-18,12
212,-54,50,-10,11
208,-55,42,-3,9
202,-57,30,6,8
194,-59,19,15,11
186,-60,14,26,17
184,-57,17,37,26
194,-52,27,46,37
216,-46,40,49,47
246,-40,52,47,56
272,-36,63,40,63
283,-33,72,31,69
274,-31,81,23,71
248,-31,87,18,71
213,-31,89,16,68
182,-32,87,16,64
166,-33,82,19,61
165,-35,76,24,61
178,-36,73,29,63
196,-38,71,34,66
210,-39,67,35,68
212,-41,59,33,66
199,-44,46,28,62
173,-49,31,24,57
140,-56,18,21,52
111,-65,10,18,47
98,-75,7,15,42
105,-84,8,8,35
128,-93,7,0,28
157,-101,5,-7,20
180,-109,1,-11,15
188,-117,-2,-8,13
182,-124,-4,-3,14
170,-130,-5,2,16
159,-135,-8,3,18
152,-139,-13,-2,22
148,-142,-21,-10,26
145,-145,-28,-17,32
143,-148,-31,-19,40
143,-151,-27,-16,46
149,-153,-18,-9,49
161,-153,-8,-4,48
172,-153,2,0,48
176,-153,8,1,50
167,-153,12,4,58
146,-155,16,10,70
118,-158,19,17,80
93,-163,21,22,83
78,-168,19,23,77
75,-172,14,18,64
85,-175,8,9,50
106,-175,4,0,42
136,-173,5,-4,43
169,-169,9,-3,51
197,-165,12,1,61
211,-163,10,5,69
203,-163,4,5,70
173,-164,-5,2,68
130,-166,-12,-4,63
93,-167,-16,-8,60
76,-166,-16,-9,58
86,-166,-14,-9,58
115,-166,-14,-8,57
145,-170,-14,-8,56
160,-176,-11,-10,56
152,-183,-2,-12,57
129,-188,12,-13,59
108,-191,28,-11,61
104,-190,38,-7,60
120,-188,35,-3,57
149,-186,21,-1,51
175,-187,0,-4,45
186,-189,-17,-10,40
180,-191,-23,-17,39
163,-189,-15,-21,43
148,-183,4,-19,52
145,-172,26,-9,63
158,-159,43,6,76
183,-145,53,24,88
208,-132,56,41,97
221,-121,56,53,103
213,-111,57,58,104
182,-102,59,58,101
140,-93,61,55,96
104,-85,60,51,90
95,-78,58,46,84
121,-74,55,41,77
173,-74,53,34,70
223,-79,51,24,63
243,-89,50,12,54
216,-100,48,1,44
155,-109,44,-5,34
91,-113,40,-2,24
57,-111,37,7,16
70,-105,36,18,9
117,-98,38,25,5
168,-93,42,24,2
194,-91,48,17,0
185,-87,59,7,0
155,-79,74,2,2
130,-65,92,2,3
128,-49,110,5,4
148,-38,121,8,1
174,-34,124,6,-4
185,-40,120,0,-11
172,-49,112,-5,-18
142,-55,108,-4,-23
112,-55,111,6,-24
98,-48,121,20,-21
102,-39,135,33,-13
120,-33,145,40,-3
139,-31,148,41,9
149,-31,143,39,19
149,-29,131,37,26
142,-22,117,36,26
133,-11,105,35,21
127,0,95,32,13
126,6,88,25,3
127,7,83,17,-4
128,6,79,13,-8
128,8,78,14,-9
124,16,79,20,-8
119,29,84,26,-7
113,42,89,27,-8
110,52,92,20,-11
110,54,89,6,-15
112,51,81,-7,-19
112,46,68,-13,-23
109,42,55,-10,-27
104,41,46,1,-29
100,43,44,15,-30
99,46,46,25,-28
102,51,52,27,-23
106,55,57,22,-17
109,59,60,15,-12
110,62,61,11,-8
113,64,61,10,-9
122,65,62,11,-13
137,64,63,11,-17
152,62,66,7,-18
160,62,69,3,-15
153,63,72,0,-9
133,65,78,2,-3
109,66,84,7,1
92,65,91,11,0
92,61,96,11,-6
107,59,97,4,-15
129,60,95,-5,-21
147,67,93,-9,-22
152,79,90,-5,-16
146,93,89,9,-6
137,102,88,25,5
138,103,87,37,12
154,96,84,41,13
182,86,80,37,9
211,77,76,30,4
228,77,75,23,1
224,84,75,21,1
203,96,80,21,3
180,108,86,22,3
172,113,94,20,1
188,112,101,17,-5
225,106,105,13,-11
265,99,106,10,-15
289,96,103,12,-14
284,99,97,17,-11
251,104,90,24,-8
205,111,85,32,-8
167,115,82,39,-10
149,117,83,43,-13
153,116,84,42,-13
167,114,85,39,-11
178,112,83,34,-8
177,108,77,30,-7
165,102,69,26,-12
152,93,57,23,-23
145,82,43,19,-38
147,71,26,11,-52
152,61,9,1,-62
154,53,-4,-10,-67
148,47,-12,-19,-67
137,42,-11,-23,-66
128,39,-5,-23,-65
126,37,3,-22,-65
127,36,6,-21,-66
125,35,2,-22,-66
110,33,-8,-26,-64
86,30,-21,-29,-60
65,27,-32,-31,-57
62,23,-39,-31,-56
87,21,-43,-32,-59
133,19,-48,-36,-65
175,15,-56,-44,-74
188,8,-68,-55,-82
161,-3,-82,-66,-87
103,-14,-94,-72,-88
45,-21,-99,-69,-83
17,-18,-95,-57,-75
31,-4,-83,-42,-67
73,16,-69,-28,-62
113,34,-57,-22,-61
123,43,-52,-24,-64
98,39,-56,-33,-69
57,27,-63,-41,-72
29,13,-71,-45,-73
34,6,-72,-40,-69
68,8,-67,-28,-62
109,18,-56,-16,-56
128,27,-45,-8,-50
116,29,-39,-10,-48
83,23,-40,-19,-49
54,12,-47,-32,-53
47,2,-57,-40,-57
61,-2,-66,-41,-62
79,0,-71,-34,-65
80,5,-72,-23,-66
59,9,-70,-14,-64
27,9,-65,-12,-61
8,8,-60,-17,-59
15,8,-56,-25,-58
44,10,-54,-33,-59
77,13,-57,-36,-62
90,14,-64,-34,-64
76,11,-72,-29,-63
43,5,-78,-24,-60
12,-3,-80,-22,-56
0,-7,-79,-26,-52
9,-6,-77,-36,-53
31,-2,-76,-48,-57
52,3,-75,-60,-65
61,6,-72,-69,-73
58,5,-63,-72,-78
50,5,-46,-67,-77
42,7,-23,-58,-71
40,14,1,-47,-61
42,23,19,-39,-52
48,32,28,-35,-45
55,37,27,-37,-43
57,36,21,-41,-44
50,31,14,-44,-46
31,25,8,-45,-47
4,23,5,-43,-45
-22,24,5,-40,-41
-35,28,5,-38,-37
-28,32,6,-36,-35
-2,34,8,-36,-37
27,33,11,-36,-40
46,32,16,-35,-43
44,30,20,-35,-44
26,28,22,-36,-46
4,26,20,-39,-50
-8,22,13,-43,-58
-1,16,4,-43,-68
22,10,-4,-37,-76
49,10,-9,-25,-78
67,17,-6,-10,-69
70,32,1,4,-52
60,50,10,12,-33
44,66,19,13,-18
33,76,24,11,-11
33,78,28,8,-12
43,77,32,9,-17
56,76,36,15,-19
64,77,40,21,-17
60,81,39,25,-11
46,82,31,24,-6
27,77,15,17,-7
12,66,-4,6,-16
8,49,-20,-6,-29
17,31,-30,-15,-42
34,17,-34,-19,-49
53,11,-34,-19,-49
68,12,-35,-16,-43
76,19,-41,-12,-36
77,26,-51,-9,-33
73,29,-65,-11,-37
68,26,-80,-18,-47
64,15,-94,-29,-60
65,3,-106,-41,-72
70,-8,-114,-50,-79
79,-11,-117,-51,-81
84,-8,-117,-47,-79
80,-1,-113,-38,-75
61,5,-110,-31,-71
30,5,-110,-29,-67
-2,0,-112,-33,-65
-23,-9,-114,-40,-63
-24,-16,-115,-47,-63
-6,-20,-113,-51,-63
21,-21,-112,-49,-66
40,-19,-113,-43,-68
44,-17,-116,-36,-67
36,-12,-115,-29,-58
32,-5,-107,-23,-40
52,7,-87,-16,-18
103,20,-61,-9,4
178,32,-35,-3,21
258,41,-16,4,34
323,48,-5,14,50
369,58,8,31,81
409,77,34,59,131
464,109,79,98,197
551,151,136,143,264
667,192,187,183,314
787,223,213,207,333
876,235,205,208,319
906,228,168,189,281
871,206,118,156,235
787,181,74,121,192
680,157,45,91,155
574,139,27,69,121
478,124,9,49,82
389,106,-20,27,34
293,82,-65,-2,-22
181,54,-118,-34,-78
47,24,-169,-66,-127
-102,0,-204,-88,-160
-248,-15,-217,-96,-175
-371,-18,-209,-90,-172
-452,-12,-187,-76,-158
-484,-3,-161,-62,-140
-473,5,-140,-55,-124
-436,10,-126,-55,-112
-393,11,-119,-60,-102
-354,14,-113,-60,-91
-320,21,-103,-50,-74
-278,34,-87,-31,-52
-222,50,-67,-7,-32
-154,63,-51,13,-19
-88,68,-45,21,-16
-43,66,-50,18,-21
-28,58,-63,8,-26
-37,50,-76,0,-24
-51,48,-83,2,-12
-50,53,-81,14,6
-27,60,-74,30,19
10,65,-71,41,20
44,61,-74,40,8
61,48,-84,26,-12
59,29,-95,6,-29
47,12,-99,-12,-37
36,4,-93,-19,-34
33,4,-78,-18,-24
36,10,-61,-11,-15
37,15,-47,-8,-13
29,14,-41,-12,-17
15,6,-39,-23,-23
2,-5,-39,-35,-27
-4,-14,-37,-41,-27
-1,-15,-33,-37,-23
7,-10,-28,-25,-17
12,-1,-27,-11,-11
9,8,-28,1,-6
3,16,-30,7,0
0,21,-30,7,7
6,24,-27,3,11
22,27,-21,-4,12
41,25,-17,-12,7
54,18,-20,-21,-3
56,4,-33,-30,-17
49,-15,-55,-37,-31
38,-35,-81,-42,-44
28,-49,-106,-44,-52
21,-55,-122,-44,-58
17,-53,-127,-42,-60
16,-46,-123,-41,-61
19,-37,-113,-41,-61
26,-32,-103,-42,-60
35,-30,-97,-45,-59
42,-32,-93,-51,-57
40,-33,-89,-57,-55
24,-30,-78,-64,-51
-1,-22,-59,-68,-46
-27,-11,-35,-69,-41
-41,-1,-11,-66,-38
-35,3,6,-59,-37
-12,0,14,-53,-40
16,-8,13,-49,-43
34,-14,8,-47,-46
35,-16,0,-48,-47
17,-11,-8,-49,-45
-6,-2,-16,-49,-42
-21,6,-23,-47,-39
-19,11,-27,-44,-38
-1,10,-28,-41,-38
21,5,-26,-40,-40
32,-2,-22,-39,-42
22,-8,-19,-39,-44
-8,-12,-19,-41,-46
-44,-14,-23,-44,-46
-69,-15,-26,-48,-47
-72,-15,-28,-54,-48
-57,-16,-26,-59,-47
-33,-17,-24,-63,-45
-17,-19,-23,-63,-38
-13,-21,-26,-58,-29
-18,-21,-31,-49,-18
-21,-20,-37,-38,-9
-12,-16,-40,-26,-4
6,-11,-37,-16,-4
22,-6,-31,-8,-7
23,-2,-25,-4,-11
7,2,-22,-3,-11
-18,6,-23,-5,-8
-33,9,-29,-7,-2
-24,13,-37,-10,2
10,17,-45,-12,3
54,20,-52,-14,-2
87,22,-58,-17,-9
93,21,-62,-20,-16
72,20,-62,-25,-17
38,19,-57,-28,-12
9,19,-46,-31,-4
-6,21,-30,-32,4
-9,24,-12,-32,7
-9,27,3,-32,4
-12,28,12,-33,1
-18,28,14,-34,-1
-21,27,11,-35,2
-15,27,8,-36,7
-2,29,6,-36,9
10,32,7,-35,8
12,37,11,-33,4
0,41,15,-31,-1
-21,42,17,-28,-2
-42,41,15,-26,0
-52,39,9,-27,4
-47,36,-1,-30,4
-33,32,-13,-32,2
-16,29,-23,-29,-1
-2,27,-31,-21,-1
3,27,-38,-9,3
1,29,-43,1,10
-6,34,-49,3,15
-16,39,-54,-6,15
-23,43,-55,-22,9
-26,45,-50,-36,-1
-22,44,-38,-41,-9
-14,43,-23,-36,-13
-8,43,-12,-24,-13
-6,47,-9,-10,-11
-8,54,-17,1,-9
-11,64,-30,9,-6
-7,75,-39,17,-3
3,89,-38,27,2
14,104,-23,42,12
17,121,4,60,27
7,141,38,80,46
-12,164,72,101,68
-30,189,102,122,90
-34,214,127,145,109
-21,235,145,166,123
3,249,157,182,131
24,252,162,190,137
32,243,160,189,145
24,225,155,185,155
5,200,146,182,169
-13,174,135,183,184
-25,150,121,187,196
-31,128,106,193,207
-38,104,90,196,218
-47,75,76,196,234
-58,37,66,193,256
-66,-9,61,190,282
-69,-61,59,185,307
-69,-116,58,178,325
-71,-171,54,166,335
-77,-223,46,151,339
-88,-273,34,136,342
-97,-320,21,123,345
-99,-365,6,113,349
-95,-408,-11,101,350
-91,-450,-28,84,345
-94,-491,-46,58,333
-107,-528,-61,24,316
-123,-560,-70,-12,297
-130,-584,-73,-42,278
-121,-601,-73,-61,261
-102,-611,-76,-68,244
-83,-618,-84,-68,227
-79,-621,-97,-64,210
-95,-620,-110,-60,195
-119,-611,-118,-57,182
-134,-591,-116,-55,168
-127,-558,-108,-56,149
-96,-515,-100,-61,118
-56,-466,-100,-70,74
-25,-416,-111,-85,19
-17,-367,-132,-104,-39
-28,-321,-155,-122,-91
-45,-274,-170,-136,-130
-52,-225,-171,-146,-157
-41,-176,-161,-153,-176
-16,-132,-146,-162,-193
11,-99,-137,-174,-213
31,-80,-139,-190,-235
38,-74,-154,-206,-255
34,-76,-175,-217,-268
23,-78,-193,-218,-271
13,-73,-202,-212,-265
3,-61,-199,-203,-257
-6,-43,-188,-198,-250
-18,-26,-174,-201,-251
-31,-14,-165,-211,-259
-45,-11,-161,-224,-269
-56,-13,-162,-230,-276
-59,-16,-164,-227,-276
-57,-16,-164,-214,-269
-53,-11,-164,-197,-257
-52,-5,-163,-183,-245
-55,-2,-165,-175,-233
-61,-5,-167,-171,-222
-63,-13,-166,-166,-210
-58,-22,-159,-155,-197
-48,-27,-144,-136,-182
-38,-26,-123,-113,-168
-39,-21,-101,-92,-157
-53,-16,-85,-75,-149
-75,-15,-75,-63,-141
-93,-19,-71,-55,-132
-95,-24,-67,-46,-120
-82,-25,-59,-36,-108
-62,-20,-46,-25,-98
-50,-12,-31,-16,-93
-55,-3,-19,-13,-91
-70,1,-14,-15,-90
-85,0,-16,-17,-86
-87,-5,-21,-19,-78
-72,-7,-25,-17,-68
-48,-5,-25,-12,-60
-27,0,-22,-8,-57
-17,5,-16,-7,-57
-20,6,-11,-9,-58
-27,5,-7,-12,-58
-33,2,-4,-15,-54
-39,2,-1,-14,-48
-49,6,1,-10,-43
-65,13,2,-4,-42
-87,18,-1,0,-45
-106,20,-6,1,-49
-115,18,-13,-1,-50
-110,16,-16,-5,-46
-96,19,-14,-6,-36
-79,26,-6,-1,-23
-66,37,6,8,-12
-56,47,17,20,-7
-45,55,25,29,-8
-31,59,29,34,-13
-14,62,32,33,-16
0,66,37,29,-13
5,70,45,26,-5
0,72,56,22,5
-13,66,66,18,9
-25,53,71,11,4
-34,35,69,-1,-11
-39,17,61,-14,-29
-45,5,50,-25,-44
-55,2,37,-32,-50
-70,5,27,-33,-48
-87,9,21,-30,-40
-100,10,22,-25,-32
-103,8,28,-19,-27
-96,6,40,-13,-27
-78,5,53,-6,-31
-55,6,62,0,-38
-28,9,64,3,-46
-4,9,58,1,-52
13,5,45,-5,-52
16,-1,31,-13,-47
3,-7,19,-21,-38
-23,-11,11,-24,-28
-53,-14,9,-22,-21
-74,-16,10,-17,-20
-77,-21,12,-9,-23
-63,-25,12,-2,-27
-42,-28,11,3,-28
-29,-25,9,7,-25
-31,-17,7,8,-21
-47,-7,6,8,-17
-68,1,6,4,-15
-83,4,6,1,-15
-85,3,4,-1,-15
-78,1,1,1,-14
-67,0,-5,7,-14
-59,1,-12,15,-15
-57,2,-18,22,-19
-57,0,-23,24,-26
-56,-7,-25,23,-33
-54,-16,-26,18,-38
-51,-24,-27,13,-38
-49,-29,-29,9,-35
-46,-30,-33,7,-30
-42,-29,-39,6,-26
-37,-28,-46,3,-24
-34,-29,-55,2,-21
-37,-30,-65,3,-17
-49,-30,-76,9,-10
-67,-26,-85,22,0
-85,-19,-89,37,11
-96,-11,-87,49,19
-96,-4,-78,52,25
-88,-1,-63,44,29
-79,0,-47,30,31
-72,-2,-33,17,33
-72,-4,-23,10,35
-74,-7,-16,14,37
-75,-10,-13,26,38
-71,-11,-9,41,39
-64,-11,-4,53,41
-56,-8,3,57,44
-51,-3,10,54,49
-52,4,17,47,53
-57,9,19,39,54
-62,9,18,31,53
-64,5,14,25,50
-60,-2,8,20,47
-53,-11,4,15,46
-45,-17,2,10,47
-39,-21,2,7,50
-37,-21,0,5,50
-39,-21,-6,5,48
-42,-23,-16,6,44
-41,-28,-28,8,40
-35,-36,-40,13,38
-21,-44,-47,20,40
-2,-50,-48,29,47
19,-52,-45,39,56
39,-50,-41,48,66
53,-45,-39,55,76
62,-40,-40,59,84
65,-37,-42,61,91
65,-35,-42,61,95
63,-34,-42,58,95
58,-34,-42,52,90
52,-33,-43,44,83
43,-34,-47,34,77
32,-35,-52,25,74
17,-39,-54,18,76
0,-43,-51,16,82
-16,-46,-43,22,89
-24,-43,-33,35,94
-18,-36,-23,51,97
0,-24,-16,65,96
26,-11,-12,75,95
48,0,-10,77,94
53,5,-10,74,96
40,6,-9,70,99
12,4,-8,69,102
-18,0,-11,69,104
-40,-5,-17,68,103
-51,-14,-29,62,99
-54,-27,-45,49,92
-56,-44,-62,32,84
-64,-62,-77,16,76
-76,-74,-86,6,69
-90,-78,-88,4,62
-101,-75,-87,7,55
-105,-68,-85,9,45
-102,-66,-85,7,33
-91,-73,-88,1,22
-75,-87,-93,-6,15
-58,-104,-93,-7,16
-48,-116,-87,-2,23
-53,-118,-74,8,34
-74,-112,-57,20,43
-107,-103,-43,29,46
-139,-98,-36,32,43
-157,-101,-40,29,38
-155,-111,-50,25,35
-135,-124,-62,20,37
-107,-136,-71,18,44
-84,-143,-77,17,52
-74,-146,-80,18,57
-77,-149,-84,16,58
-86,-155,-88,11,54
-93,-163,-91,3,50
-93,-172,-91,-6,48
-89,-179,-86,-14,49
-89,-183,-79,-14,53
-102,-184,-74,-7,58
-128,-183,-72,6,62
-158,-184,-74,21,68
-175,-184,-77,32,73
-168,-184,-78,37,79
-137,-183,-76,36,83
-98,-180,-71,32,85
-74,-178,-64,28,86
-78,-177,-59,28,85
-106,-178,-54,29,84
-139,-180,-49,29,83
-154,-183,-42,25,82
-143,-188,-34,19,81
-113,-194,-27,13,79
-81,-201,-22,10,79
-62,-207,-20,11,79
-59,-210,-21,14,81
-64,-209,-23,15,83
-71,-205,-23,13,83
-75,-200,-23,10,83
-80,-196,-21,9,82
-88,-193,-20,12,82
-96,-193,-20,19,83
-95,-195,-22,27,84
-80,-198,-25,33,85
-57,-203,-28,34,85
-39,-208,-30,29,83
-40,-212,-30,22,79
-64,-215,-29,16,76
-101,-215,-29,14,76
-134,-214,-33,17,77
-150,-213,-41,23,81
-147,-211,-52,32,86
-134,-209,-63,39,90
-121,-206,-74,43,90
-115,-203,-83,42,85
-116,-200,-91,37,77
-118,-199,-99,29,69
-121,-201,-103,21,66
-123,-206,-102,18,70
-126,-209,-95,21,81
-130,-207,-84,31,93
-130,-199,-74,42,100
-124,-185,-72,50,100
-111,-171,-79,51,93
-99,-161,-93,46,85
-94,-156,-105,41,83
-100,-153,-108,41,90
-112,-148,-99,48,105
-120,-137,-82,61,119
-116,-123,-65,71,126
-100,-110,-56,73,122
-77,-103,-59,65,108
-59,-105,-72,50,92
-57,-112,-89,35,80
-71,-119,-101,28,79
-92,-118,-101,33,89
-110,-105,-87,48,105
-113,-83,-64,68,120
-101,-59,-39,87,131
-79,-40,-21,97,134
-58,-31,-15,98,130
-47,-28,-19,92,123
-50,-29,-30,84,117
-62,-26,-38,78,113
-79,-18,-40,76,111
-92,-9,-35,77,107
-95,-5,-30,76,97
-88,-10,-31,67,78
-73,-26,-41,51,51
-55,-46,-60,30,21
-43,-65,-81,13,-2
-45,-74,-98,4,-14
-63,-72,-105,6,-12
-95,-62,-101,16,1
-131,-49,-86,25,15
-155,-38,-68,28,23
-156,-31,-51,23,22
-129,-28,-40,14,16
-82,-27,-36,6,10
-28,-25,-37,5,11
19,-23,-36,11,22
51,-20,-30,22,40
72,-15,-17,37,64
96,-6,4,54,92
136,10,31,77,125
203,35,61,107,168
295,68,92,143,220
402,106,121,181,275
507,141,144,212,321
592,168,156,231,346
648,182,152,235,342
672,181,131,225,313
669,169,96,207,268
647,150,53,183,219
610,126,9,155,173
555,102,-31,125,130
473,79,-67,91,85
357,56,-102,55,32
208,35,-136,21,-28
40,13,-170,-8,-88
-127,-6,-201,-27,-136
-271,-22,-225,-37,-166
-383,-33,-239,-41,-178
-466,-38,-245,-42,-177
-533,-39,-246,-43,-171
-592,-37,-246,-42,-166
-639,-34,-246,-37,-162
-658,-29,-245,-28,-155
-634,-25,-240,-13,-141
-565,-19,-229,3,-119
-466,-13,-213,17,-94
-365,-4,-196,26,-72
-285,5,-181,28,-58
-239,16,-169,26,-52
-220,27,-161,24,-51
-212,38,-154,24,-49
-197,48,-148,28,-43
-169,54,-144,34,-34
-129,56,-142,41,-24
-88,55,-141,48,-18
-58,53,-139,53,-16
-48,53,-135,56,-19
-60,54,-126,55,-25
-88,56,-116,49,-32
-119,55,-108,41,-37
-139,51,-106,31,-41
-140,44,-110,24,-43
-123,38,-117,21,-42
-98,34,-124,23,-40
-79,35,-127,27,-38
-73,38,-126,31,-37
-81,42,-125,34,-38
-95,45,-124,37,-38
-106,48,-125,40,-35
-108,50,-127,44,-30
-102,54,-127,47,-24
-92,57,-126,48,-20
-83,59,-125,45,-20
-73,57,-128,41,-27
-65,53,-135,39,-36
-60,49,-145,43,-44
-62,47,-157,53,-47
-73,51,-168,66,-44
-92,60,-178,76,-37
-110,71,-186,80,-29
-117,81,-193,76,-22
-107,87,-198,67,-15
-85,88,-198,58,-8
-61,85,-193,53,-1
-49,82,-183,54,4
-55,79,-172,58,5
-78,77,-164,62,3
-106,75,-162,63,-3
-128,72,-163,59,-9
-137,67,-166,53,-14
-135,61,-167,46,-16
-126,57,-163,40,-17
-117,55,-156,37,-17
-108,54,-147,34,-20
-97,55,-140,31,-24
-84,55,-136,28,-28
-72,53,-131,26,-30
-68,51,-124,26,-26
-76,52,-112,30,-17
-96,57,-95,39,-4
-117,66,-76,49,9
-126,77,-60,57,19
-117,88,-51,58,21
-94,94,-49,50,16
-69,93,-54,36,5
-56,86,-61,20,-6
-62,75,-67,7,-12
-80,63,-70,0,-12
-98,53,-71,1,-11
-106,46,-74,5,-13
-104,39,-79,7,-21
-97,33,-88,7,-34
-92,27,-99,4,-45
-91,23,-107,2,-48
-89,25,-109,5,-41
-82,32,-106,13,-30
-69,44,-99,20,-22
-59,55,-94,22,-25
-61,61,-93,17,-38
-78,60,-95,4,-55
-103,53,-97,-9,-65
-126,45,-92,-18,-65
-137,42,-79,-20,-55
-138,45,-61,-17,-44
-135,52,-45,-13,-39
-137,57,-36,-12,-41
-145,58,-39,-12,-48
-151,53,-49,-12,-54
-146,45,-61,-9,-54
-128,37,-68,-4,-50
-104,31,-69,1,-46
-88,29,-65,4,-44
-88,29,-62,6,-45
-102,32,-63,9,-46
-117,36,-68,14,-43
-119,40,-76,21,-37
-103,42,-81,24,-31
-79,39,-81,23,-26
-63,34,-73,15,-25
-67,29,-59,4,-24
-91,29,-42,-4,-20
-124,34,-26,-7,-13
-150,44,-15,-6,-4
-155,54,-11,-5,2
-141,60,-12,-7,0
-114,59,-16,-13,-9
-88,54,-22,-17,-19
-71,49,-27,-17,-24
-67,49,-33,-10,-22
-75,54,-40,0,-12
-91,62,-49,10,1
-108,68,-57,17,11
-118,70,-65,21,16
-118,70,-71,23,16
-106,67,-77,25,12
-89,65,-85,26,7
-73,63,-94,26,2
-65,61,-103,21,-2
-66,58,-111,15,-6
-73,54,-115,10,-8
-84,50,-115,9,-10
-97,48,-110,13,-11
-112,48,-103,20,-9
-129,50,-96,25,-6
-143,53,-90,27,-2
-150,57,-87,26,3
-150,59,-86,25,6
-144,59,-89,28,7
-140,59,-93,33,6
-139,59,-96,39,4
-140,59,-96,41,2
-136,60,-94,36,0
-125,59,-91,26,-4
-114,56,-91,14,-10
-108,51,-98,4,-20
-113,43,-110,0,-31
-119,37,-124,1,-40
-115,35,-137,4,-47
-91,36,-146,6,-49
-55,39,-152,4,-50
-25,39,-157,0,-50
-24,35,-162,-4,-51
-56,27,-166,-5,-51
-108,21,-165,-4,-49
-152,18,-157,-2,-43
-168,21,-145,-1,-36
-153,27,-130,-4,-31
-124,33,-119,-9,-30
-102,35,-115,-16,-35
-97,34,-117,-21,-43
-103,31,-121,-20,-52
-104,28,-123,-12,-55
-91,28,-121,1,-54
-66,31,-114,14,-49
-47,35,-105,22,-44
-49,40,-96,23,-43
-75,46,-90,18,-45
-113,53,-87,8,-48
-142,58,-86,-1,-48
-148,61,-86,-7,-44
-128,60,-86,-9,-38
-96,55,-88,-12,-32
-69,48,-93,-15,-28
-59,42,-102,-19,-27
-70,40,-111,-21,-27
-94,44,-118,-19,-26
-116,54,-118,-10,-23
-127,67,-111,2,-20
-125,80,-99,13,-17
-114,90,-85,20,-15
-105,95,-74,21,-14
-104,98,-67,21,-11
-111,101,-62,21,-5
-120,105,-57,24,1
-123,109,-51,27,6
-119,112,-46,28,6
-111,109,-43,23,1
-107,99,-48,14,-8
-116,83,-58,5,-16
-140,65,-71,-1,-21
-173,50,-80,-2,-23
-206,42,-82,1,-23
-227,41,-77,3,-25
-231,45,-68,0,-29
-214,51,-58,-8,-37
-181,53,-49,-19,-45
-138,52,-43,-27,-52
-97,47,-35,-29,-54
-69,41,-24,-24,-52
-63,38,-11,-15,-47
-81,38,-1,-8,-44
-116,39,2,-7,-45
-154,39,-6,-14,-49
-176,35,-23,-25,-56
-174,28,-46,-36,-61
-147,22,-66,-40,-62
-109,20,-79,-38,-57
-77,25,-84,-33,-49
-65,36,-84,-31,-42
-78,47,-84,-34,-38
-105,51,-86,-42,-38
-132,48,-90,-51,-40
-144,39,-93,-55,-40
-136,30,-91,-52,-37
-117,29,-83,-43,-30
-100,35,-71,-35,-24
-99,47,-60,-32,-21
-118,58,-54,-36,-26
-147,61,-54,-43,-35
-170,56,-55,-49,-46
-173,46,-53,-48,-51
-153,39,-46,-39,-46
-116,37,-33,-24,-31
-78,44,-21,-9,-11
-51,54,-15,2,4
-43,62,-19,7,7
-52,64,-34,4,-4
-68,58,-53,-2,-24
-86,49,-70,-9,-42
-101,39,-80,-15,-50
-110,34,-81,-18,-45
-115,35,-77,-20,-29
-116,40,-71,-21,-11
-113,47,-68,-22,1
-109,52,-68,-23,4
-104,53,-71,-24,-3
-99,50,-77,-28,-15
-98,42,-86,-34,-28
-99,31,-94,-42,-36
-102,20,-99,-51,-39
-103,10,-100,-56,-35
-97,6,-94,-56,-27
-84,8,-84,-52,-18
-66,15,-73,-44,-11
-52,23,-65,-39,-8
-48,28,-63,-36,-10
-59,29,-64,-38,-13
-81,26,-65,-39,-15
-103,24,-59,-37,-11
-115,26,-46,-28,-3
-110,32,-26,-16,8
-93,42,-5,-3,16
-74,51,12,7,17
-62,57,20,10,13
-61,57,20,8,3
-66,54,12,3,-7
-69,49,2,-2,-14
-66,44,-6,-6,-17
-58,41,-7,-10,-15
-51,39,0,-14,-12
-46,39,13,-19,-8
-43,38,28,-26,-5
-38,38,42,-32,-3
-29,39,52,-35,-2
-23,42,60,-33,-2
-23,46,66,-28,-2
-33,51,72,-21,-4
-47,57,77,-16,-8
-52,59,78,-15,-16
-42,56,72,-19,-25
-18,49,60,-26,-34
10,39,43,-35,-40
27,28,24,-41,-42
25,22,8,-43,-39
7,19,-1,-42,-35
-17,21,-3,-38,-33
-39,24,2,-32,-34
-53,27,14,-25,-37
-60,28,27,-18,-38
-61,28,38,-12,-38
-57,27,43,-9,-36
-47,25,38,-10,-37
-33,23,24,-12,-42
-21,21,5,-15,-49
-17,20,-14,-16,-56
-25,20,-28,-12,-56
-39,23,-32,-5,-48
-47,31,-27,2,-35
-39,42,-17,5,-23
-14,55,-6,1,-18
17,66,1,-9,-22
39,69,4,-23,-33
38,65,5,-36,-43
15,56,6,-43,-47
-19,47,11,-41,-43
-47,45,18,-34,-32
-58,51,26,-26,-22
-51,61,31,-23,-16
-35,68,30,-29,-17
-21,67,23,-41,-23
-18,59,16,-54,-31
-23,46,12,-61,-39
-31,37,12,-60,-47
-33,35,16,-52,-54
-26,38,21,-43,-60
-11,42,24,-39,-65
7,42,22,-42,-65
22,35,19,-49,-61
31,26,16,-56,-53
34,19,14,-59,-45
30,17,12,-57,-41
21,18,9,-51,-42
11,21,6,-46,-47
5,23,4,-43,-50
7,24,6,-42,-47
19,28,11,-43,-39
40,34,18,-43,-28
63,41,20,-42,-18
82,45,14,-41,-15
91,42,-1,-39,-19
90,34,-20,-37,-27
82,24,-37,-36,-35
73,19,-43,-36,-40
67,21,-39,-36,-41
66,29,-24,-39,-40
66,37,-5,-43,-39
64,41,14,-46,-37
55,41,28,-46,-37
41,39,36,-44,-36
23,40,38,-39,-35
7,44,34,-35,-33
-3,50,27,-34,-33
-4,53,18,-38,-36
2,50,8,-45,-41
10,41,-2,-54,-49
14,29,-12,-62,-57
12,19,-21,-65,-62
2,16,-26,-63,-59
-10,23,-24,-56,-50
-18,38,-14,-44,-37
-17,59,4,-30,-24
-4,80,24,-14,-16
15,99,41,1,-13
31,114,52,18,-12
36,125,59,38,-7
27,136,66,62,6
9,150,78,88,28
-6,167,97,114,54
-8,185,118,135,77
3,198,135,150,94
20,204,145,158,105
28,200,149,164,114
15,188,151,170,128
-21,171,156,178,149
-66,155,167,189,177
-102,139,181,199,205
-117,122,192,206,230
-111,100,193,206,248
-97,66,185,202,262
-92,20,170,194,275
-105,-35,152,186,290
-133,-93,135,178,308
-159,-148,120,170,326
-167,-197,105,160,338
-152,-240,85,146,344
-120,-281,59,129,341
-87,-327,27,108,334
-69,-379,-7,87,326
-72,-434,-41,66,319
-92,-487,-70,45,314
-115,-532,-92,25,307
-128,-564,-109,5,296
-127,-584,-122,-15,279
-115,-594,-134,-31,258
-103,-600,-145,-44,238
-101,-605,-156,-53,223
-111,-607,-166,-58,214
-127,-606,-172,-61,208
-138,-597,-173,-64,200
-134,-579,-170,-69,182
-115,-553,-167,-75,151
-89,-519,-167,-86,107
-67,-478,-170,-102,54
-59,-433,-174,-123,-3
-63,-383,-176,-148,-58
-70,-331,-172,-175,-110
-67,-277,-163,-198,-158
-49,-225,-151,-217,-204
-19,-179,-143,-231,-245
8,-143,-143,-239,-277
19,-117,-148,-243,-297
5,-101,-154,-243,-302
-28,-89,-152,-239,-295
-63,-75,-139,-228,-282
-85,-56,-117,-214,-269
-82,-33,-93,-199,-263
-59,-8,-74,-189,-263
-27,13,-65,-185,-267
-2,25,-63,-186,-270
7,30,-61,-189,-268
1,29,-57,-190,-263
-14,27,-48,-185,-258
-27,25,-41,-179,-256
-35,23,-40,-175,-259
-37,19,-46,-175,-263
-35,12,-60,-179,-263
-28,2,-74,-180,-255
-17,-8,-85,-175,-239
-3,-15,-89,-162,-218
10,-16,-89,-144,-199
17,-13,-85,-125,-184
12,-8,-80,-111,-173
-4,-3,-72,-100,-163
-26,1,-62,-92,-150
-44,3,-48,-82,-135
-51,5,-34,-69,-119
-49,5,-25,-56,-106
-41,4,-22,-47,-98
-32,2,-24,-41,-94
-26,0,-28,-40,-90
-22,1,-26,-38,-82
-18,5,-15,-36,-71
-14,12,4,-31,-58
-11,22,27,-27,-47
-11,29,46,-27,-43
-14,31,57,-31,-46
-20,28,56,-38,-52
-27,22,49,-42,-57
-33,17,42,-43,-57
-36,16,39,-40,-51
-35,21,42,-33,-40
-30,30,49,-24,-29
-23,39,57,-15,-20
-20,45,59,-8,-15
-27,48,58,-4,-14
-46,48,53,-3,-15
-71,46,48,-5,-15
-90,45,46,-11,-16
-89,44,45,-19,-18
-68,43,43,-28,-24
-36,41,36,-36,-34
-11,35,23,-44,-49
-8,24,8,-50,-66
-29,9,-6,-54,-79
-62,-5,-12,-56,-86
-89,-16,-7,-54,-81
-94,-18,10,-48,-68
-74,-10,32,-37,-47
-36,5,53,-25,-24
8,22,67,-12,-5
50,33,71,-3,8
89,36,70,4,17
129,31,71,8,26
176,24,84,15,45
234,25,115,31,81
306,42,162,58,135
390,76,218,95,200
485,122,270,136,263
586,168,308,171,308
682,202,322,192,327
762,215,313,195,319
814,206,283,182,292
829,181,241,159,257
804,151,198,132,223
740,124,161,106,193
640,104,135,81,164
513,90,119,57,128
369,77,107,30,83
220,58,93,-1,30
76,34,72,-32,-27
-59,6,45,-61,-79
-182,-20,17,-84,-119
-295,-40,-6,-99,-142
-396,-52,-18,-108,-149
-475,-58,-19,-112,-142
-523,-60,-10,-111,-127
-531,-59,3,-104,-110
-501,-55,17,-92,-94
-444,-48,30,-74,-80
-380,-37,38,-55,-68
-322,-26,41,-39,-56
-276,-19,38,-29,-46
-236,-17,32,-27,-38
-194,-19,25,-28,-31
-148,-21,21,-27,-25
-103,-18,25,-18,-17
-65,-8,38,-3,-6
-41,8,56,16,8
-29,25,76,32,21
-21,37,91,40,28
-11,42,97,39,26
2,38,95,29,19
12,29,86,17,9
13,18,74,6,4
3,10,65,-1,6
-11,5,60,-2,14
-22,4,62,1,23
-21,5,67,5,28
-9,8,73,9,26
8,12,77,9,22
21,14,80,7,19
25,14,84,4,21
21,12,90,4,31
12,7,97,9,45
5,3,103,19,57
3,-1,101,29,64
6,-1,92,36,65
13,2,78,40,65
19,9,67,41,68
22,19,66,45,76
19,30,76,53,88
10,41,93,64,100
-2,51,108,76,107
-12,57,114,84,108
-15,60,111,84,104
-10,59,103,78,97
2,55,97,69,91
16,48,97,57,86
26,39,102,45,80
28,27,108,33,74
22,15,108,22,66
9,2,101,14,58
-8,-9,91,10,49
-27,-18,83,11,41
-47,-25,82,14,35
-65,-29,88,17,29
-77,-31,100,18,27
-79,-33,113,18,29
-66,-35,124,19,36
-41,-35,129,24,47
-10,-35,130,33,57
16,-33,127,40,63
24,-31,121,44,62
10,-29,115,42,58
-19,-28,110,38,53
-51,-31,106,33,53
-69,-37,101,32,55
-67,-46,95,34,59
-48,-57,86,35,58
-26,-67,76,32,53
-14,-74,66,25,44
-19,-76,61,17,39
-32,-72,63,13,40
-41,-65,74,16,49
-39,-56,92,23,62
-26,-51,111,31,72
-16,-52,126,33,75
-18,-58,134,28,70
-34,-69,132,16,61
-56,-81,124,2,51
-67,-90,114,-9,45
-60,-95,106,-13,45
-35,-96,101,-10,50
-7,-94,100,-1,57
10,-92,102,12,64
12,-93,105,25,71
2,-96,108,37,76
-6,-101,110,45,79
-2,-107,109,48,79
13,-111,105,46,77
29,-113,99,38,72
33,-113,91,26,65
18,-115,85,13,58
-13,-119,83,1,54
-47,-125,86,-6,55
-68,-132,95,-8,62
-72,-138,108,-3,73
-63,-140,120,5,85
-55,-135,128,16,96
-59,-126,130,28,102
-76,-113,126,39,105
-94,-103,118,47,109
-93,-96,109,54,116
-66,-97,101,58,125
-20,-104,95,58,134
24,-115,91,54,138
43,-125,87,46,134
25,-133,83,35,123
-20,-135,81,25,109
-66,-131,82,19,101
-88,-125,87,19,101
-72,-119,96,24,108
-28,-117,108,34,118
20,-119,118,44,125
48,-125,121,50,124
45,-133,113,53,116
14,-140,94,52,105
-25,-146,68,49,96
-52,-149,44,47,92
-55,-151,28,48,92
-35,-154,24,50,93
-4,-157,30,51,94
24,-161,39,49,92
36,-163,44,44,92
31,-162,41,36,96
13,-160,33,29,104
-5,-157,23,27,115
-16,-153,17,30,124
-15,-151,17,39,130
-8,-150,19,47,131
-3,-148,22,51,130
-7,-146,23,48,130
-20,-144,22,39,133
-35,-143,22,30,140
-41,-143,27,25,150
-34,-145,38,26,159
-15,-148,54,32,163
5,-150,73,38,161
14,-149,89,41,154
5,-148,100,40,144
-19,-147,105,37,137
-47,-148,107,36,134
-63,-149,108,38,137
-57,-149,112,44,141
-27,-146,119,49,142
14,-139,124,51,138
50,-132,123,47,129
68,-128,116,39,119
61,-128,103,32,112
37,-132,91,28,112
7,-136,85,29,119
-13,-133,88,35,130
-15,-124,98,42,139
-2,-109,107,46,144
19,-95,110,47,144
34,-86,108,44,141
36,-85,106,40,139
24,-86,108,37,139
5,-86,119,37,142
-11,-80,134,41,145
-16,-68,145,47,142
-9,-57,144,52,133
3,-52,129,52,117
8,-58,107,46,100
0,-71,90,37,85
-15,-84,86,29,78
-27,-90,97,27,78
-21,-84,115,32,83
6,-68,130,43,86
47,-51,135,53,84
80,-39,128,58,75
87,-36,115,53,61
60,-41,101,42,47
11,-50,91,30,37
-40,-58,85,22,35
-69,-61,80,21,38
-68,-60,73,25,40
-43,-57,65,30,38
-13,-52,59,33,28
3,-48,57,31,13
-3,-43,61,27,-4
-27,-37,66,24,-16
-56,-31,69,25,-22
-73,-26,68,30,-22
-72,-23,63,36,-20
-53,-22,57,40,-19
-27,-22,54,40,-22
-5,-21,56,35,-27
4,-18,63,28,-33
-2,-14,72,23,-36
-19,-7,83,22,-36
-39,1,94,25,-32
-53,10,105,28,-26
-57,17,115,30,-20
-52,23,122,27,-16
-43,27,125,21,-16
-33,29,125,14,-19
-26,28,124,8,-26
-22,27,123,5,-35
-21,26,122,5,-43
-22,26,119,8,-47
-25,26,114,12,-45
-30,26,104,15,-39
-33,24,92,14,-33
-32,22,78,9,-33
-25,19,67,1,-40
-12,19,61,-8,-49
1,22,62,-13,-56
6,27,66,-11,-55
-3,35,73,-2,-44
-25,41,80,10,-28
-53,47,83,22,-16
-74,50,83,27,-14
-78,53,80,25,-24
-63,55,78,17,-39
-34,55,78,6,-53
-8,54,82,-5,-58
1,51,89,-14,-53
-13,44,94,-20,-44
-43,36,94,-23,-36
-72,28,89,-24,-33
-83,23,80,-23,-37
-71,21,71,-21,-44
-42,24,67,-18,-50
-15,30,68,-18,-53
-6,37,75,-21,-54
-20,43,81,-27,-54
-48,46,84,-34,-55
-72,44,82,-39,-56
-81,41,76,-42,-55
-72,38,67,-39,-49
-53,37,61,-31,-41
-34,41,59,-19,-32
-19,47,60,-3,-28
-9,53,63,13,-30
1,55,66,24,-37
11,54,65,28,-47
14,50,63,24,-55
4,47,58,13,-58
-17,46,56,-2,-56
-43,48,57,-14,-51
-59,50,63,-23,-45
-57,51,73,-28,-40
-36,49,85,-30,-37
-10,46,97,-32,-37
7,43,106,-35,-37
7,41,110,-37,-39
-7,41,110,-35,-42
-23,41,106,-29,-46
-29,41,98,-19,-51
-18,41,87,-12,-56
5,40,72,-9,-60
28,39,57,-13,-62
39,39,43,-21,-61
35,39,34,-29,-58
20,38,32,-32,-52
7,38,34,-28,-46
5,38,37,-20,-42
17,41,36,-12,-40
35,45,31,-8,-39
46,51,24,-11,-38
39,54,19,-16,-34
12,55,20,-20,-28
-24,53,28,-19,-20
-52,48,40,-14,-15
-57,44,51,-7,-13
-39,43,59,-1,-15
-10,46,63,4,-18
11,52,67,6,-18
13,61,73,9,-13
-5,72,82,14,-4
-29,82,92,20,3
-41,91,97,25,4
-34,97,94,27,-3
-11,98,82,25,-14
15,95,65,18,-26
31,85,48,8,-35
33,72,35,-3,-39
28,59,28,-13,-41
24,48,25,-21,-43
26,43,23,-27,-47
33,44,20,-29,-51
39,48,17,-28,-54
39,52,14,-26,-54
33,53,15,-22,-51
22,51,21,-18,-47
8,48,30,-15,-46
-8,49,39,-13,-48
-24,53,48,-12,-53
-36,60,53,-13,-60
-38,66,55,-14,-66
-26,67,54,-14,-69
-3,61,52,-14,-69
21,52,48,-12,-67
35,41,44,-9,-66
38,33,39,-7,-67
35,28,35,-4,-71
35,26,33,-2,-75
44,26,32,-2,-78
57,28,33,-1,-76
63,32,33,1,-71
54,38,32,2,-63
32,44,30,2,-55
13,50,29,1,-49
11,52,29,-1,-45
30,49,30,-2,-41
62,43,30,-3,-38
88,36,28,-1,-36
99,33,23,0,-38
97,34,18,0,-44
95,39,16,-4,-54
106,45,22,-10,-65
130,50,34,-16,-72
154,53,49,-20,-76
161,54,60,-20,-76
143,53,63,-16,-75
110,52,58,-13,-74
80,53,50,-10,-73
72,56,44,-9,-69
89,60,43,-7,-62
119,66,47,-3,-51
142,73,53,3,-40
145,81,55,11,-30
127,91,51,16,-24
100,100,41,17,-22
77,106,28,14,-23
65,105,15,8,-24
63,98,4,3,-26
64,88,-5,3,-29
62,77,-13,6,-32
56,69,-18,12,-38
51,67,-22,16,-44
52,67,-25,16,-51
62,66,-27,9,-57
73,62,-30,-2,-62
77,54,-32,-14,-66
67,46,-30,-24,-66
44,42,-22,-31,-65
19,42,-6,-35,-62
4,47,14,-37,-59
10,52,31,-40,-60
32,55,40,-43,-64
55,52,39,-46,-70
60,45,31,-48,-78
40,36,22,-48,-85
3,27,17,-48,-90
-29,18,18,-49,-94
-38,11,23,-50,-96
-19,5,27,-52,-97
15,2,29,-53,-97
43,2,29,-52,-94
48,5,30,-48,-88
28,10,34,-42,-82
-1,14,38,-37,-79
-21,16,41,-35,-79
-24,16,38,-35,-83
-14,16,31,-36,-88
-4,16,20,-37,-92
-7,18,10,-36,-91
-21,22,1,-33,-87
-39,25,-5,-29,-81
-47,26,-10,-25,-77
-39,24,-15,-21,-77
-19,22,-20,-17,-80
0,24,-22,-14,-82
8,33,-18,-10,-79
2,47,-9,-6,-70
-11,64,2,0,-55
-18,80,14,7,-41
-13,90,22,13,-31
3,94,24,18,-28
17,94,20,21,-33
17,92,12,21,-40
-5,91,3,19,-45
-38,90,-4,17,-44
-66,88,-9,16,-37
-72,83,-12,15,-29
-50,75,-13,14,-25
-10,66,-14,10,-30
29,57,-16,4,-42
49,50,-16,-5,-56
48,46,-12,-14,-66
34,46,-2,-19,-67
23,48,13,-19,-61
21,53,29,-15,-53
26,57,41,-9,-48
24,60,44,-5,-50
7,58,39,-7,-60
-22,52,30,-13,-73
-46,43,22,-22,-83
-49,35,19,-29,-86
-26,31,20,-35,-83
10,30,24,-39,-75
37,33,27,-42,-68
38,34,29,-47,-64
12,33,30,-51,-63
-20,28,32,-53,-65
-33,24,37,-50,-65
-13,21,42,-45,-64
33,24,44,-38,-61
81,30,42,-34,-59
105,37,38,-35,-59
94,43,35,-41,-63
54,44,37,-50,-67
8,41,44,-57,-70
-23,34,54,-62,-71
-31,26,62,-62,-69
-23,18,63,-58,-67
-14,13,57,-51,-67
-17,12,47,-43,-69
-32,15,35,-36,-73
-51,20,25,-32,-76
-61,26,17,-32,-76
-53,30,10,-37,-76
-28,31,2,-45,-74
4,29,-5,-53,-73
30,27,-9,-59,-73
41,28,-9,-59,-71
38,33,-3,-55,-66
26,40,4,-47,-59
15,47,10,-38,-52
13,50,9,-30,-48
18,47,0,-25,-47
28,39,-15,-25,-49
36,30,-32,-27,-51
38,25,-48,-33,-51
34,25,-59,-40,-50
25,29,-65,-46,-48
13,34,-67,-50,-49
-2,35,-65,-53,-54
-17,30,-61,-53,-61
-31,19,-55,-52,-69
-37,8,-49,-53,-76
-33,-1,-42,-55,-82
-20,-5,-35,-58,-86
-5,-3,-30,-62,-89
5,2,-24,-63,-93
3,9,-18,-63,-96
-10,13,-11,-61,-99
-25,15,-3,-60,-101
-33,14,6,-62,-104
-29,10,15,-68,-107
-14,4,21,-78,-109
6,0,26,-86,-108
25,0,33,-90,-100
44,6,44,-85,-85
66,16,61,-73,-63
97,30,81,-55,-38
140,43,101,-34,-11
194,56,119,-13,16
256,70,136,11,47
328,88,157,40,85
413,115,188,76,133
517,151,230,117,189
637,193,278,156,243
758,230,319,183,284
858,254,338,192,301
913,259,329,181,291
912,245,294,154,258
859,218,244,122,213
774,187,192,94,165
679,160,146,73,118
589,139,109,55,72
502,121,76,35,21
404,103,44,6,-36
285,81,13,-29,-96
139,58,-13,-64,-149
-23,38,-28,-89,-186
-180,26,-29,-99,-201
-311,24,-20,-95,-196
-404,28,-5,-81,-178
-457,36,10,-65,-157
-476,43,26,-54,-139
-469,50,43,-46,-123
-442,58,63,-39,-109
-400,69,86,-28,-94
-346,83,108,-14,-76
-289,95,124,0,-58
-233,103,132,10,-44
-182,103,133,11,-38
-137,97,130,4,-38
-93,89,128,-7,-42
-50,84,129,-17,-45
-10,85,132,-19,-46
19,94,134,-14,-44
32,106,133,-3,-42
32,116,128,7,-43
27,122,117,11,-49
27,119,103,4,-59
38,109,88,-13,-70
57,95,73,-34,-79
73,80,60,-51,-84
75,68,53,-58,-82
61,60,52,-54,-75
40,57,55,-42,-65
24,57,59,-30,-55
23,55,61,-25,-48
37,50,60,-27,-46
60,41,55,-34,-47
80,30,50,-39,-49
93,20,48,-38,-48
98,17,51,-31,-42
99,21,58,-21,-32
100,31,69,-13,-20
101,43,79,-9,-10
99,54,87,-8,-4
92,60,91,-9,-3
83,60,93,-8,-5
75,56,89,-8,-8
73,50,82,-10,-11
76,43,71,-17,-15
84,35,60,-26,-20
91,28,53,-34,-24
94,21,51,-36,-27
94,16,56,-31,-29
90,14,63,-22,-29
86,15,68,-18,-30
83,17,69,-22,-35
83,19,64,-36,-43
85,17,55,-56,-53
90,11,48,-74,-62
94,3,46,-82,-67
96,-2,49,-78,-67
94,-3,57,-66,-64
87,1,67,-54,-60
77,10,73,-47,-56
68,19,75,-47,-55
64,25,70,-51,-55
66,29,62,-57,-56
75,29,54,-60,-57
88,27,50,-62,-59
101,24,51,-64,-61
109,22,57,-67,-62
108,21,65,-72,-61
97,21,71,-76,-59
82,21,71,-78,-55
71,22,65,-78,-53
74,23,56,-77,-53
92,24,49,-78,-55
116,26,47,-79,-55
131,29,51,-79,-50
128,34,61,-75,-40
104,41,73,-66,-27
72,48,84,-54,-16
48,55,91,-43,-11
44,59,96,-37,-14
57,62,100,-37,-21
76,65,106,-38,-29
84,69,115,-36,-32
78,74,124,-28,-30
65,80,130,-14,-26
57,83,130,1,-23
62,83,123,11,-23
78,78,111,14,-27
93,71,101,9,-32
96,65,96,2,-35
88,60,97,-4,-36
78,58,101,-9,-36
79,56,104,-11,-35
92,55,104,-13,-36
111,52,100,-16,-38
118,49,93,-21,-39
105,48,88,-27,-41
74,49,87,-32,-41
41,54,89,-36,-42
23,62,92,-39,-42
32,69,96,-41,-42
61,75,98,-41,-41
96,79,99,-37,-37
121,81,100,-31,-30
126,83,102,-21,-21
114,85,108,-11,-10
96,90,119,-1,1
83,97,135,5,9
81,107,152,8,13
91,117,166,7,10
108,126,172,2,1
124,129,166,-7,-13
135,123,152,-18,-32
140,107,133,-32,-49
139,84,118,-47,-63
136,60,112,-60,-71
130,43,113,-69,-74
122,36,117,-74,-73
111,39,117,-75,-70
99,46,112,-73,-67
90,53,102,-70,-64
87,54,93,-66,-59
90,52,90,-63,-54
96,50,96,-57,-50
102,52,107,-47,-47
103,59,117,-34,-47
102,71,122,-18,-47
99,82,120,-1,-47
98,89,116,13,-44
98,88,114,21,-40
96,80,116,22,-37
89,68,119,16,-39
77,57,120,6,-45
66,50,115,-5,-53
61,47,105,-13,-59
62,48,95,-19,-60
69,49,91,-24,-56
77,50,94,-28,-49
82,48,104,-32,-44
86,46,112,-35,-42
92,45,116,-37,-46
99,47,111,-37,-53
104,51,102,-38,-60
105,54,94,-40,-64
100,55,92,-44,-63
96,53,97,-47,-57
99,50,109,-44,-47
112,49,125,-35,-35
130,52,138,-19,-25
143,61,147,-2,-17
144,71,150,11,-13
133,82,147,19,-11
120,92,144,25,-10
116,104,143,34,-6
126,120,149,52,1
144,140,160,76,11
158,161,175,103,24
160,178,187,125,35
149,188,194,140,44
132,189,193,147,52
120,183,189,151,59
114,175,184,155,69
112,165,182,163,84
106,155,185,173,105
93,143,192,184,129
76,128,200,194,155
63,109,207,201,179
61,83,213,205,201
69,51,219,204,224
84,15,226,199,250
96,-24,232,188,279
99,-62,236,174,309
91,-98,232,158,334
73,-133,219,143,351
49,-168,197,132,358
25,-206,171,124,359
8,-247,148,117,357
3,-291,131,108,355
13,-335,120,94,353
35,-376,110,73,347
60,-413,95,47,335
77,-445,72,17,315
80,-472,43,-11,290
68,-494,14,-34,266
48,-512,-9,-49,247
27,-526,-24,-56,234
13,-535,-32,-56,223
7,-538,-39,-55,210
7,-537,-47,-56,190
9,-528,-57,-60,161
11,-510,-67,-68,125
15,-482,-74,-80,85
22,-444,-74,-94,45
33,-397,-72,-109,6
49,-347,-70,-127,-34
65,-297,-72,-148,-76
80,-250,-81,-171,-122
93,-209,-94,-194,-169
105,-173,-108,-213,-211
117,-141,-120,-225,-240
130,-110,-125,-227,-254
142,-81,-122,-219,-253
150,-53,-113,-205,-243
148,-27,-99,-187,-232
136,-4,-82,-169,-224
116,16,-63,-154,-222
93,32,-47,-147,-225
73,43,-36,-147,-232
62,47,-34,-154,-240
61,46,-42,-168,-252
70,37,-60,-183,-265
84,25,-83,-195,-275
99,11,-102,-200,-280
112,0,-110,-195,-274
122,-3,-101,-183,-259
126,1,-80,-167,-239
122,10,-52,-152,-223
109,21,-30,-142,-216
90,27,-23,-134,-217
69,27,-32,-126,-222
53,21,-53,-114,-223
46,14,-77,-96,-214
47,8,-96,-76,-193
53,6,-103,-59,-166
60,8,-99,-48,-138
66,12,-89,-45,-114
72,15,-79,-46,-98
83,18,-71,-47,-88
100,19,-66,-45,-81
119,21,-63,-38,-77
134,21,-62,-30,-73
135,22,-61,-22,-71
120,20,-63,-16,-70
94,17,-66,-12,-69
68,14,-70,-9,-67
57,11,-71,-5,-62
67,12,-68,-3,-57
93,16,-57,-5,-51
122,24,-42,-11,-48
138,33,-27,-19,-48
130,39,-17,-25,-52
102,40,-14,-26,-57
68,35,-18,-21,-64
49,27,-27,-12,-68
54,18,-35,-4,-70
81,13,-40,-3,-70
115,13,-40,-6,-67
136,17,-37,-13,-63
138,22,-33,-16,-60
124,27,-30,-15,-57
108,29,-27,-9,-55
103,30,-25,-2,-53
107,29,-24,0,-51
109,28,-23,-3,-48
98,27,-24,-11,-46
75,25,-26,-20,-46
52,22,-30,-27,-49
50,18,-35,-30,-54
78,15,-38,-28,-59
127,16,-40,-24,-60
172,19,-40,-18,-56
189,26,-39,-13,-47
171,32,-41,-7,-37
134,37,-44,0,-29
106,39,-49,7,-27
107,37,-55,15,-30
136,33,-61,21,-38
175,28,-68,25,-50
198,24,-76,23,-60
191,19,-86,16,-68
161,13,-96,6,-70
123,6,-105,-4,-65
96,1,-110,-9,-56
83,-2,-109,-8,-44
81,-2,-102,-1,-34
78,-1,-90,9,-27
69,0,-76,19,-24
59,2,-63,25,-22
54,4,-52,28,-18
61,8,-44,31,-13
78,13,-38,34,-7
101,20,-35,38,-5
122,24,-33,43,-7
138,25,-31,45,-15
147,21,-30,43,-25
151,16,-28,39,-33
152,11,-26,33,-37
155,8,-24,29,-37
162,7,-26,27,-35
174,6,-30,30,-34
188,4,-35,36,-35
199,1,-37,43,-36
202,-1,-33,49,-37
196,0,-22,51,-36
184,4,-9,48,-36
175,7,3,42,-37
173,9,11,35,-37
176,10,14,32,-35
178,13,17,35,-27
173,19,24,46,-13
158,31,36,60,6
140,48,51,76,26
132,66,62,88,42
140,82,66,95,51
163,93,61,98,54
189,97,52,97,54
206,94,44,94,53
206,84,40,90,49
192,70,40,84,43
176,52,38,77,32
172,34,31,67,17
182,19,17,57,0
201,8,1,47,-15
214,2,-11,38,-26
212,-2,-16,31,-31
194,-5,-14,28,-32
169,-9,-9,28,-29
150,-12,-8,30,-24
147,-13,-12,32,-18
161,-10,-21,31,-13
182,-4,-31,26,-10
202,0,-41,20,-10
214,-2,-49,15,-13
221,-10,-56,14,-16
227,-22,-63,19,-18
236,-32,-70,29,-16
244,-36,-75,40,-12
247,-32,-76,47,-8
236,-25,-74,46,-8
211,-20,-70,39,-16
179,-21,-69,30,-27
150,-30,-71,23,-37
134,-40,-76,24,-40
133,-46,-79,32,-32
140,-44,-78,44,-17
146,-34,-73,56,-2
142,-21,-64,63,6
128,-13,-57,63,7
110,-12,-53,59,3
97,-17,-53,55,0
94,-25,-52,53,3
99,-32,-49,55,12
103,-35,-41,59,21
103,-37,-33,64,25
100,-40,-27,67,22
106,-44,-27,67,13
127,-49,-32,67,5
164,-51,-38,66,2
199,-49,-42,65,7
213,-44,-41,64,15
188,-39,-35,62,24
128,-38,-28,56,29
54,-42,-24,50,31
-6,-48,-22,43,33
-31,-53,-23,38,36
-17,-53,-27,36,42
20,-51,-32,34,48
61,-51,-40,34,51
92,-56,-48,37,51
112,-65,-55,44,51
125,-75,-60,56,54
135,-80,-61,70,61
141,-79,-61,83,70
136,-75,-59,90,80
119,-73,-60,89,85
93,-77,-62,82,85
70,-87,-64,73,82
59,-100,-64,65,78
63,-110,-58,60,77
77,-114,-50,58,80
87,-112,-41,57,84
85,-108,-37,54,86
67,-107,-40,51,84
43,-109,-50,48,79
22,-114,-64,47,72
16,-116,-76,48,68
26,-114,-83,51,69
45,-107,-81,53,75
65,-96,-74,53,83
76,-87,-64,51,89
77,-83,-57,47,90
73,-84,-53,45,86
73,-92,-50,44,80
82,-101,-46,45,78
99,-110,-37,49,81
115,-115,-25,54,90
120,-118,-13,58,100
109,-120,-9,60,109
87,-123,-15,60,114
65,-127,-28,58,114
55,-132,-42,58,113
60,-134,-47,61,114
75,-133,-41,66,117
89,-129,-27,70,123
95,-126,-14,71,126
89,-127,-11,67,127
77,-134,-22,59,125
67,-143,-41,50,123
63,-150,-60,45,124
68,-151,-70,45,130
78,-146,-66,53,142
89,-137,-51,67,156
95,-126,-33,84,169
94,-117,-21,103,178
88,-112,-18,119,182
81,-109,-25,130,184
80,-106,-37,135,185
88,-105,-48,131,185
101,-106,-57,121,184
117,-111,-63,105,180
131,-121,-70,88,170
142,-136,-80,71,157
153,-153,-92,57,144
163,-168,-103,47,134
169,-176,-108,42,130
161,-177,-104,41,134
135,-171,-94,46,143
97,-161,-81,55,153
64,-150,-72,65,161
53,-143,-73,73,162
73,-143,-83,75,156
118,-148,-99,71,145
166,-158,-115,62,134
194,-169,-129,52,127
192,-177,-137,45,128
163,-180,-141,43,134
126,-179,-141,45,142
99,-175,-139,51,148
90,-173,-137,56,150
98,-173,-136,59,148
111,-174,-137,60,144
115,-175,-139,60,140
105,-173,-141,61,136
83,-168,-140,63,130
58,-161,-137,65,120
39,-156,-132,66,104
33,-155,-128,65,86
41,-159,-128,62,70
56,-164,-131,58,62
72,-166,-133,57,66
87,-162,-127,60,80
103,-151,-111,68,100
127,-138,-86,78,119
162,-126,-61,86,133
203,-117,-41,92,140
246,-110,-30,94,148
287,-101,-24,99,165
331,-83,-11,112,199
392,-54,17,140,252
481,-13,61,182,315
597,33,114,231,376
724,76,161,274,421
837,106,190,297,441
916,120,192,295,435
951,118,173,270,412
950,106,140,235,377
921,93,106,202,338
871,83,77,178,296
799,78,54,165,252
698,73,33,155,204
570,64,8,140,154
422,49,-25,115,104
267,27,-64,82,56
118,5,-103,49,13
-18,-13,-136,22,-23
-142,-24,-156,6,-51
-254,-30,-162,0,-67
-348,-32,-157,2,-70
-414,-32,-146,8,-59
-442,-29,-134,15,-41
-425,-22,-123,23,-21
-372,-9,-113,30,-6
-300,8,-103,36,3
-229,24,-93,42,7
-173,36,-82,47,12
-134,41,-73,50,22
-104,41,-68,52,36
-73,41,-66,55,51
-33,46,-65,57,62
15,56,-62,59,65
63,69,-56,62,61
101,79,-46,65,52
123,84,-34,67,43
129,81,-22,68,36
124,72,-13,68,31
116,64,-8,68,26
108,60,-8,70,21
102,63,-11,76,16
99,73,-17,85,12
98,86,-25,93,12
102,98,-32,98,16
109,105,-38,96,22
118,106,-41,89,28
124,103,-41,80,31
124,97,-38,74,29
115,90,-35,71,23
98,84,-33,71,15
77,80,-31,69,8
59,77,-28,64,3
48,77,-24,57,2
49,81,-18,52,3
61,89,-9,54,5
82,102,1,62,8
105,117,8,73,10
125,132,12,82,13
138,142,12,85,18
145,149,10,83,26
147,153,7,77,36
148,156,4,71,45
147,158,2,67,49
144,157,0,61,47
139,149,-2,52,38
132,134,-8,38,26
127,115,-18,21,12
128,96,-31,6,-1
132,84,-46,-4,-13
138,79,-59,-6,-23
140,80,-65,0,-28
137,81,-61,10,-28
132,79,-47,22,-24
128,75,-26,33,-18
129,69,-5,40,-13
135,67,9,41,-10
142,68,14,38,-10
148,70,10,31,-12
155,71,2,23,-12
164,67,-4,18,-11
177,61,-6,16,-9
191,57,-4,17,-8
199,56,-1,18,-11
194,60,0,17,-16
176,65,-1,14,-21
150,68,-4,10,-22
129,67,-6,5,-20
122,61,-3,0,-17
133,54,6,-4,-17
155,51,19,-8,-20
176,52,35,-11,-23
185,57,49,-12,-24
177,66,61,-10,-20
158,75,70,-5,-13
137,83,77,2,-7
124,87,82,8,-7
123,86,86,9,-15
131,81,89,7,-26
139,72,92,4,-35
142,64,96,1,-38
139,61,101,4,-33
133,66,104,11,-24
129,76,103,20,-17
131,87,95,29,-15
134,93,81,34,-19
132,92,62,35,-24
124,86,44,31,-27
111,80,30,26,-27
102,79,20,19,-24
103,85,14,14,-22
114,94,8,8,-23
128,102,1,4,-27
136,104,-3,0,-33
133,101,-1,0,-37
121,95,9,2,-37
108,92,27,7,-34
104,95,46,13,-28
110,101,60,17,-24
122,106,66,18,-25
133,106,63,15,-30
138,101,57,9,-38
136,92,52,3,-46
131,84,49,-2,-50
127,80,49,-5,-51
123,80,47,-6,-48
118,83,42,-6,-44
110,86,33,-5,-39
102,88,24,-3,-34
100,89,18,-2,-29
110,90,14,0,-22
130,92,13,2,-15
151,94,12,4,-7
161,96,11,4,-2
154,96,9,3,2
133,97,8,2,4
113,99,9,2,5
112,102,11,4,6
136,105,14,6,6
174,106,15,8,4
202,103,15,10,1
202,96,14,11,-4
168,88,15,10,-8
119,82,19,8,-10
79,81,25,6,-9
70,84,32,3,-7
91,90,38,1,-5
124,96,41,1,-6
147,101,43,3,-9
152,103,44,8,-14
148,104,45,15,-22
150,104,45,20,-31
167,103,42,24,-40
194,99,36,24,-47
208,94,29,21,-49
195,92,24,20,-46
154,95,25,22,-35
107,106,36,27,-20
79,123,55,36,-5
87,141,78,44,6
124,156,99,49,8
166,163,111,49,3
191,163,111,46,-5
187,158,102,42,-12
165,151,87,38,-13
144,145,73,37,-10
140,139,64,35,-5
157,134,60,31,-4
183,128,60,24,-10
202,122,58,15,-21
207,115,55,7,-35
197,108,49,2,-46
180,102,44,0,-49
163,97,42,-1,-47
149,93,45,-3,-40
137,90,50,-6,-33
126,90,55,-8,-27
121,92,59,-6,-22
129,96,59,2,-18
151,100,55,14,-17
180,102,50,27,-19
204,101,43,36,-24
210,96,38,37,-30
193,88,36,31,-34
164,80,35,22,-34
140,74,36,15,-28
134,72,35,11,-22
147,72,30,11,-19
169,76,20,13,-23
183,81,6,13,-33
180,85,-10,11,-45
162,86,-25,6,-53
140,83,-39,0,-55
127,75,-49,-6,-54
128,65,-56,-13,-52
138,56,-60,-20,-55
151,51,-60,-28,-62
160,52,-56,-37,-72
166,60,-48,-44,-79
170,71,-39,-48,-81
175,81,-28,-48,-77
180,88,-19,-44,-70
180,91,-11,-36,-63
172,91,-7,-29,-60
158,90,-8,-23,-61
143,89,-14,-21,-63
133,88,-24,-21,-63
130,86,-35,-22,-58
132,83,-41,-21,-50
133,79,-41,-17,-41
129,77,-36,-12,-36
121,75,-32,-9,-38
110,73,-37,-8,-47
99,71,-52,-11,-58
90,69,-75,-14,-68
87,68,-97,-14,-72
91,70,-108,-8,-68
105,77,-103,3,-59
128,89,-87,14,-50
157,101,-66,20,-46
181,108,-50,19,-48
194,108,-42,11,-54
193,100,-40,0,-61
181,88,-38,-6,-66
169,79,-31,-6,-67
167,76,-20,1,-65
175,81,-9,7,-62
189,88,-4,9,-60
195,94,-8,3,-62
184,94,-17,-10,-65
158,87,-28,-24,-70
124,76,-35,-34,-74
97,66,-38,-37,-75
89,60,-37,-36,-73
103,63,-34,-33,-68
133,71,-28,-32,-61
164,82,-19,-34,-55
182,89,-6,-38,-50
179,90,8,-39,-47
159,84,20,-37,-48
134,72,27,-31,-49
119,61,26,-24,-50
125,52,19,-18,-51
149,49,10,-17,-49
177,51,3,-20,-47
194,55,1,-25,-43
196,58,2,-31,-38
189,59,1,-35,-34
188,57,-5,-38,-33
201,52,-17,-40,-35
225,45,-33,-42,-40
244,38,-48,-43,-43
239,34,-57,-44,-42
206,34,-58,-42,-35
159,41,-52,-37,-22
124,54,-41,-28,-9
120,69,-30,-15,-2
150,83,-23,-1,-4
191,91,-22,11,-13
217,94,-26,17,-25
209,91,-35,16,-34
172,86,-45,9,-37
132,81,-54,0,-36
117,76,-63,-7,-35
140,72,-72,-11,-36
192,71,-80,-11,-39
246,72,-87,-9,-42
274,76,-92,-9,-42
263,81,-94,-11,-38
224,85,-95,-14,-32
180,84,-93,-18,-29
156,78,-92,-19,-31
162,69,-92,-19,-39
186,59,-93,-19,-50
208,52,-95,-20,-59
209,48,-98,-21,-64
188,49,-101,-20,-61
157,52,-103,-16,-54
135,56,-105,-9,-44
139,60,-106,0,-36
166,63,-107,7,-32
201,65,-109,9,-33
226,65,-114,7,-38
228,63,-120,3,-43
209,61,-125,-1,-47
182,60,-126,-3,-46
163,60,-122,-3,-42
162,60,-112,-4,-37
180,61,-98,-8,-34
208,62,-84,-15,-35
232,63,-73,-24,-42
244,64,-65,-30,-50
238,65,-59,-33,-58
219,64,-54,-30,-60
195,61,-50,-25,-58
177,57,-46,-20,-52
174,53,-45,-17,-47
187,52,-46,-18,-46
209,55,-51,-21,-49
228,62,-57,-25,-55
235,71,-64,-27,-58
226,79,-69,-25,-57
206,82,-72,-21,-49
185,81,-74,-14,-39
172,76,-73,-8,-30
172,72,-70,-2,-24
186,71,-65,4,-23
206,74,-60,8,-24
226,82,-55,12,-25
239,90,-52,13,-26
240,94,-52,12,-26
228,92,-56,8,-25
209,84,-61,2,-26
190,74,-66,-2,-28
179,66,-67,-5,-28
183,64,-62,-6,-27
199,69,-53,-5,-24
221,78,-41,-4,-18
236,85,-32,-1,-12
239,87,-29,3,-6
229,82,-32,8,-1
215,71,-40,12,1
208,60,-47,13,-1
217,52,-50,9,-6
243,51,-48,4,-10
278,56,-42,-2,-11
311,63,-34,-4,-9
333,70,-25,-2,-5
337,73,-17,1,-3
325,71,-10,4,-6
303,65,-5,4,-15
279,57,-2,1,-26
260,51,-3,-4,-33
250,48,-4,-9,-34
251,50,-4,-12,-29
260,54,0,-14,-21
271,58,9,-15,-16
280,60,20,-14,-15
283,60,30,-10,-17
281,58,36,-4,-20
278,58,37,5,-19
274,60,35,12,-14
269,66,30,15,-10
260,73,25,12,-9
245,76,18,2,-11
226,73,13,-11,-16
208,65,9,-24,-21
200,55,8,-33,-23
206,47,11,-37,-22
222,44,16,-38,-20
242,46,21,-37,-19
255,52,23,-36,-22
258,57,23,-37,-26
252,59,20,-41,-31
240,57,16,-46,-35
227,53,12,-50,-35
213,49,10,-52,-31
196,49,11,-47,-22
179,55,17,-34,-11
166,69,28,-14,2
160,89,41,9,13
161,112,54,30,18
165,133,61,43,17
165,147,59,45,12
158,151,49,38,7
146,147,34,27,4
136,136,20,15,3
133,122,12,6,3
134,108,7,-1,0
135,96,4,-8,-9
132,85,-1,-16,-22
128,76,-12,-24,-35
125,70,-28,-31,-47
129,65,-46,-35,-54
134,61,-62,-37,-58
131,57,-76,-39,-60
115,53,-84,-41,-61
88,50,-86,-44,-60
63,50,-82,-46,-57
58,53,-73,-47,-50
80,60,-61,-45,-42
124,66,-51,-42,-33
170,70,-45,-39,-29
198,69,-45,-38,-29
197,65,-48,-39,-33
172,61,-51,-41,-40
142,59,-53,-42,-46
123,61,-50,-42,-51
125,65,-45,-42,-54
142,70,-38,-42,-56
163,76,-31,-43,-56
176,82,-24,-44,-55
175,86,-17,-47,-51
166,88,-12,-51,-46
157,86,-8,-58,-41
156,82,-7,-64,-36
165,77,-9,-67,-30
178,77,-13,-63,-25
189,82,-19,-52,-22
190,93,-27,-36,-22
181,105,-37,-20,-26
167,113,-50,-9,-32
155,114,-64,-4,-39
151,108,-76,-2,-42
153,102,-81,-1,-40
158,99,-76,3,-37
163,101,-64,7,-35
165,106,-49,9,-38
165,109,-37,4,-45
165,106,-32,-6,-53
165,96,-33,-18,-58
165,86,-35,-26,-58
161,79,-36,-27,-55
156,78,-33,-23,-55
153,81,-27,-19,-59
154,85,-22,-19,-68
159,83,-21,-24,-77
164,77,-25,-31,-80
164,66,-31,-35,-74
157,57,-36,-34,-62
150,53,-40,-27,-51
151,54,-44,-18,-45
164,59,-48,-12,-47
184,63,-56,-11,-54
201,65,-66,-13,-60
205,65,-77,-14,-61
193,64,-83,-12,-55
174,64,-83,-5,-47
160,67,-76,2,-41
159,72,-66,6,-42
170,78,-57,5,-48
183,84,-52,1,-53
187,91,-51,-3,-53
178,99,-51,0,-45
163,111,-49,11,-31
150,124,-42,31,-17
146,138,-29,52,-4
152,152,-12,72,6
161,165,7,87,17
165,179,27,100,31
162,195,50,113,51
152,212,76,130,75
141,226,101,149,100
134,235,123,169,122
130,236,137,184,139
128,229,140,192,152
129,217,132,194,162
133,201,117,194,173
139,184,100,193,185
147,162,85,191,197
153,131,72,188,207
153,88,61,180,213
145,35,49,168,217
128,-22,37,156,224
109,-74,27,146,238
93,-115,21,142,262
82,-144,23,142,294
79,-165,31,144,330
85,-186,42,144,362
100,-212,51,140,385
127,-244,54,133,398
166,-278,50,124,403
216,-311,40,113,406
275,-339,26,101,412
339,-362,15,87,421
405,-380,11,74,435
472,-392,18,68,453
542,-397,36,72,473
616,-393,61,88,496
693,-381,83,111,518
770,-364,96,132,531
840,-346,93,141,528
892,-332,74,131,502
917,-321,44,102,452
908,-311,7,61,383
864,-298,-30,16,302
789,-278,-65,-25,219
692,-253,-97,-62,136
579,-224,-129,-96,51
457,-194,-162,-131,-37
328,-167,-193,-170,-127
195,-145,-222,-209,-213
60,-129,-244,-242,-285
-69,-117,-259,-266,-337
-181,-109,-263,-276,-364
-268,-101,-256,-274,-371
-318,-89,-240,-262,-364
-330,-71,-216,-247,-352
-306,-48,-190,-231,-341
-259,-23,-166,-219,-332
-204,-2,-147,-211,-324
-154,14,-135,-205,-313
-116,25,-125,-198,-298
-88,32,-116,-190,-279
-58,40,-104,-178,-261
-16,49,-93,-165,-246
41,59,-85,-152,-237
105,66,-85,-140,-232
160,69,-91,-130,-228
190,68,-100,-121,-219
190,66,-106,-112,-202
168,66,-104,-101,-180
141,70,-96,-88,-157
126,76,-84,-77,-139
133,80,-74,-70,-131
158,80,-69,-67,-130
186,75,-68,-67,-132
202,66,-70,-66,-130
198,57,-71,-61,-120
176,53,-70,-51,-102
148,52,-67,-37,-82
128,55,-64,-24,-65
126,57,-62,-16,-55
142,57,-61,-14,-52
167,55,-59,-15,-51
186,55,-55,-15,-47
188,58,-48,-12,-38
172,64,-39,-3,-24
145,73,-27,8,-9
121,80,-16,16,2
111,84,-10,20,5
119,84,-9,18,0
143,82,-16,15,-10
172,81,-29,13,-21
192,80,-43,14,-27
197,81,-54,18,-27
184,82,-59,21,-21
159,81,-59,22,-12
134,81,-55,19,-4
117,81,-53,13,-2
115,84,-55,9,-7
126,88,-58,7,-15
144,91,-57,11,-23
160,92,-49,20,-25
168,92,-35,32,-20
168,90,-17,44,-12
165,91,-5,54,-5
165,94,-3,58,-3
169,99,-11,55,-7
175,104,-23,46,-14
180,106,-33,34,-20
182,106,-33,24,-23
185,104,-24,19,-23
190,103,-12,22,-21
198,105,-4,30,-20
202,108,-3,42,-20
190,111,-10,52,-21
160,112,-20,56,-20
120,110,-27,54,-16
87,108,-27,46,-9
80,107,-23,35,-2
105,110,-18,23,3
151,115,-15,13,4
192,118,-15,6,3
206,119,-19,4,2
183,117,-21,8,3
136,115,-19,18,7
91,116,-10,31,14
70,120,4,45,20
79,126,21,53,22
108,131,33,54,20
134,130,38,48,13
143,125,34,39,7
133,118,26,33,3
118,114,18,35,6
113,116,19,45,13
121,125,30,61,25
138,139,50,78,38
149,153,73,89,49
146,165,93,92,58
132,171,104,89,64
116,172,109,83,68
111,170,109,75,70
120,166,109,67,70
137,162,108,60,67
149,160,107,53,62
149,159,101,45,53
136,157,90,36,44
116,151,77,29,35
97,141,64,25,29
86,126,54,25,27
85,111,49,29,28
94,98,46,36,31
113,91,43,43,33
142,92,38,48,33
177,98,31,46,30
209,104,21,38,26
227,106,11,24,23
220,100,2,6,23
186,89,-7,-9,27
136,75,-11,-17,35
91,66,-10,-16,45
70,66,-2,-6,55
82,73,14,10,65
121,82,32,27,72
167,88,47,41,77
196,86,55,51,80
195,75,52,56,82
167,62,39,56,81
128,51,23,53,80
99,47,8,48,81
93,51,0,41,84
110,60,-1,36,90
139,69,3,34,98
165,77,7,35,106
179,80,8,38,110
177,79,2,41,109
162,75,-10,41,106
140,70,-24,38,102
119,64,-37,35,101
102,60,-45,35,103
93,59,-48,39,105
91,62,-47,46,104
94,66,-47,51,99
97,68,-49,52,92
98,65,-53,47,88
96,59,-55,40,91
95,52,-52,36,103
99,47,-42,38,119
112,47,-24,46,134
130,52,-3,55,140
146,57,16,58,136
154,58,28,54,125
150,55,32,44,115
138,47,28,33,113
125,39,19,28,120
117,34,12,31,132
113,34,10,39,140
111,40,15,49,140
104,48,24,53,129
90,54,34,48,112
72,56,39,37,96
59,52,40,23,89
56,44,38,14,92
66,34,38,12,101
83,27,42,18,112
97,25,49,29,116
100,27,57,39,114
89,29,57,44,107
73,28,47,42,101
62,22,28,34,101
66,12,6,26,107
83,4,-12,23,115
105,2,-22,25,120
115,6,-26,32,117
107,14,-29,39,108
83,19,-36,42,98
57,17,-47,40,91
47,9,-57,35,92
60,0,-60,30,98
90,-7,-55,28,104
121,-8,-45,30,106
135,-5,-36,34,102
124,-1,-33,36,95
94,-1,-36,34,91
62,-4,-41,29,93
46,-8,-40,24,100
52,-12,-33,20,108
76,-15,-23,20,113
102,-19,-16,23,112
116,-25,-16,27,107
111,-34,-22,31,102
90,-42,-25,33,102
65,-44,-21,33,107
47,-41,-5,32,116
45,-33,16,32,123
57,-25,36,36,128
77,-20,47,43,128
95,-18,49,54,127
104,-16,46,66,129
99,-11,43,76,136
81,-2,43,83,146
55,6,45,84,154
30,9,45,79,154
15,2,40,70,143
15,-14,29,58,124
34,-36,17,47,102
65,-58,8,37,86
98,-75,5,28,80
121,-86,6,21,84
126,-91,10,15,92
116,-92,13,11,98
98,-93,12,8,99
83,-96,10,8,95
79,-101,6,11,92
82,-107,2,15,93
85,-114,-2,19,100
79,-120,-4,20,111
62,-122,-5,19,121
41,-121,-5,17,127
28,-117,-3,16,126
31,-112,0,17,121
53,-110,4,18,114
84,-112,7,17,107
112,-116,11,14,104
125,-120,16,9,105
123,-123,24,4,109
111,-122,35,3,114
100,-118,48,4,118
96,-113,59,7,119
98,-110,64,9,117
100,-110,65,11,115
94,-114,64,13,114
80,-119,64,15,116
63,-124,67,20,117
52,-126,72,25,118
53,-125,76,29,114
68,-123,73,29,108
88,-121,63,27,100
106,-120,49,25,93
113,-120,37,23,91
112,-119,31,23,91
107,-114,32,23,92
106,-106,38,22,91
114,-96,45,19,87
128,-87,47,14,83
140,-83,44,11,79
142,-83,37,11,79
131,-85,31,13,83
111,-86,28,15,89
93,-83,31,16,95
89,-76,39,16,97
104,-68,49,16,96
131,-61,58,16,91
156,-57,63,16,86
159,-56,65,15,84
133,-53,66,14,85
85,-46,71,12,89
36,-34,82,14,93
9,-19,100,21,93
14,-3,120,34,89
43,9,139,48,81
75,17,151,60,73
91,22,154,64,69
84,26,151,63,69
62,32,146,58,74
46,41,143,56,80
48,51,144,58,85
68,59,147,64,87
95,63,148,70,86
112,63,142,70,82
112,60,130,64,75
98,57,115,52,68
79,56,101,40,60
64,57,92,31,53
55,59,89,26,47
50,60,90,27,45
47,60,93,29,46
46,60,94,30,49
50,62,94,31,51
61,67,92,29,51
75,75,89,27,47
83,82,87,25,39
79,86,85,23,29
62,86,83,20,19
39,85,82,19,11
23,83,80,20,8
20,84,79,24,8
31,85,79,31,12
50,87,82,39,16
68,88,88,43,20
78,89,97,43,23
82,93,108,39,24
84,101,120,32,27
85,114,130,26,31
85,130,137,25,38
83,144,143,29,46
75,154,148,37,54
64,160,152,47,56
54,163,153,54,52
51,162,150,55,41
56,159,139,50,27
66,151,120,39,12
75,137,98,26,1
80,120,76,13,-7
81,106,61,5,-13
79,98,54,4,-18
77,101,54,8,-24
74,110,57,14,-29
68,121,58,16,-33
59,126,57,13,-34
48,122,53,6,-32
41,112,48,-2,-29
44,102,46,-6,-27
57,99,49,-5,-25
76,104,58,0,-23
96,115,72,5,-22
112,128,88,7,-22
124,136,99,7,-21
134,136,103,5,-19
147,130,99,5,-18
161,121,89,8,-17
171,113,76,12,-16
173,109,64,15,-18
163,109,55,12,-23
143,109,45,4,-30
121,107,33,-6,-40
101,101,19,-14,-46
85,92,6,-14,-47
73,85,0,-6,-40
63,83,7,7,-28
54,89,25,21,-15
50,100,50,32,-7
54,112,72,37,-5
67,120,82,37,-7
84,122,78,32,-12
98,119,64,24,-18
101,114,49,14,-23
91,110,39,1,-30
74,106,38,-11,-39
61,104,40,-22,-50
60,101,41,-30,-60
73,99,35,-33,-67
91,98,22,-33,-69
99,98,6,-31,-67
87,100,-7,-29,-64
54,101,-12,-28,-64
14,101,-10,-30,-66
-16,97,-3,-35,-71
-23,92,1,-41,-76
-8,88,2,-47,-80
20,86,-2,-52,-81
44,88,-5,-54,-80
53,95,-3,-50,-78
46,103,6,-41,-75
30,112,17,-30,-72
17,118,26,-19,-69
15,121,29,-13,-67
24,119,23,-14,-67
38,115,12,-22,-68
46,110,2,-34,-73
42,105,-2,-47,-79
24,101,2,-58,-85
-2,98,13,-65,-87
-24,97,24,-68,-82
-34,96,34,-65,-72
-28,97,39,-60,-60
-10,100,42,-53,-49
7,103,45,-46,-44
17,107,49,-40,-46
16,108,54,-35,-53
13,106,58,-29,-62
16,101,60,-24,-66
27,93,57,-19,-64
41,86,52,-15,-57
46,83,45,-14,-49
35,85,40,-17,-45
7,92,36,-24,-47
-24,101,36,-33,-55
-45,109,36,-44,-67
-46,114,37,-52,-79
-30,113,37,-55,-85
-5,109,39,-52,-83
18,106,44,-42,-73
29,108,55,-28,-60
27,117,71,-12,-47
14,132,89,0,-40
-5,149,103,8,-39
-22,164,110,10,-45
-30,172,110,8,-53
-24,173,104,6,-57
-6,170,100,4,-55
19,166,100,1,-47
39,161,106,-4,-38
47,157,116,-9,-33
44,151,123,-15,-35
38,144,125,-19,-44
36,135,120,-22,-57
41,126,110,-25,-71
51,119,97,-30,-82
54,114,86,-39,-90
44,112,79,-50,-96
23,110,75,-60,-100
-2,107,75,-66,-103
-22,104,78,-68,-105
-32,98,79,-67,-106
-35,91,79,-67,-105
-36,82,77,-71,-105
-37,73,73,-77,-104
-36,67,70,-83,-102
-28,65,71,-83,-98
-10,70,75,-77,-92
15,79,79,-66,-88
40,89,80,-54,-87
55,96,76,-44,-88
54,98,67,-39,-92
38,95,59,-40,-94
13,89,53,-44,-93
-12,82,53,-51,-90
-26,78,58,-58,-86
-26,76,65,-63,-85
-12,77,73,-64,-86
12,81,80,-59,-87
39,89,85,-52,-86
65,97,90,-45,-82
85,104,93,-43,-77
98,107,92,-47,-72
103,105,89,-54,-71
99,100,84,-59,-71
87,97,79,-59,-70
70,99,76,-53,-67
51,106,73,-44,-61
34,115,69,-36,-57
22,123,61,-35,-58
20,124,48,-39,-66
28,119,34,-46,-81
43,110,22,-53,-97
62,99,13,-59,-109
79,89,10,-64,-116
89,81,10,-70,-117
88,74,12,-76,-115
75,69,14,-82,-114
54,64,15,-85,-114
29,63,15,-83,-116
7,64,14,-76,-118
-4,65,14,-68,-120
-3,65,15,-61,-119
10,62,19,-55,-116
27,55,26,-52,-111
41,48,36,-50,-104
49,43,48,-48,-97
57,44,59,-46,-89
72,51,66,-43,-83
104,61,69,-39,-78
156,70,69,-35,-73
219,75,67,-30,-66
284,76,70,-24,-53
341,77,81,-12,-30
396,86,104,7,6
458,110,140,36,55
538,149,186,76,113
638,199,234,118,170
745,247,275,156,216
839,283,300,178,241
901,300,304,182,243
924,298,288,167,222
911,281,256,141,184
869,256,216,112,137
804,229,173,84,87
722,202,133,59,39
625,177,97,33,-9
517,154,66,3,-56
401,133,37,-32,-105
275,114,11,-67,-153
136,96,-14,-97,-197
-18,79,-35,-116,-232
-178,62,-50,-120,-253
-323,48,-58,-111,-261
-427,38,-60,-95,-257
-471,36,-58,-77,-245
-457,40,-54,-64,-230
-408,50,-50,-55,-214
-355,61,-44,-50,-197
-319,72,-33,-46,-179
-297,81,-15,-43,-160
-272,88,10,-40,-142
-224,96,37,-39,-126
-149,103,60,-38,-111
-63,111,76,-35,-98
9,118,83,-29,-85
50,125,83,-17,-75
59,131,78,-3,-70
53,137,69,8,-70
49,142,58,13,-75
56,148,48,13,-79
70,153,41,11,-80
80,160,41,13,-75
79,167,47,20,-66
73,173,56,30,-59
71,176,64,36,-59
81,174,65,35,-66
99,166,60,24,-77
112,154,53,8,-87
107,140,50,-8,-92
83,129,54,-21,-94
53,120,63,-30,-94
36,114,73,-40,-99
45,109,77,-51,-108
76,103,72,-64,-119
109,97,60,-76,-129
123,89,44,-85,-134
106,82,31,-87,-132
72,78,24,-84,-127
44,76,24,-78,-120
47,77,29,-70,-115
84,80,36,-63,-114
135,83,41,-58,-115
170,86,44,-57,-116
165,85,45,-58,-117
121,81,46,-60,-115
63,76,48,-60,-112
28,71,51,-58,-107
36,68,55,-53,-103
82,70,60,-46,-101
137,75,64,-41,-100
165,82,67,-38,-99
146,88,69,-38,-96
89,93,69,-40,-90
24,96,67,-40,-81
-13,98,65,-36,-71
-5,99,62,-29,-63
40,99,61,-20,-57
94,99,59,-12,-55
127,98,58,-9,-56
126,97,54,-11,-59
102,94,50,-17,-63
78,92,44,-24,-68
77,92,40,-30,-71
100,94,39,-33,-69
134,97,43,-34,-63
154,101,49,-32,-54
143,103,53,-29,-45
106,103,53,-25,-41
63,99,47,-22,-42
37,93,39,-20,-47
38,89,34,-19,-53
61,89,35,-20,-55
87,93,43,-22,-52
102,100,55,-26,-48
101,107,64,-32,-45
95,111,66,-38,-45
98,111,64,-45,-45
116,110,61,-48,-42
146,111,64,-49,-35
176,116,77,-48,-25
195,124,98,-45,-17
197,130,118,-44,-16
184,129,129,-45,-22
164,121,128,-47,-32
143,109,116,-48,-40
126,99,102,-48,-40
116,96,93,-45,-34
114,101,91,-42,-25
117,112,93,-40,-20
119,122,96,-40,-21
114,125,94,-41,-26
98,122,88,-41,-29
74,114,84,-39,-28
53,107,83,-34,-21
45,103,87,-27,-12
57,103,91,-19,-6
85,106,91,-13,-6
117,109,84,-6,-11
137,110,75,0,-18
138,108,66,6,-22
124,104,62,10,-24
103,98,61,9,-23
87,91,60,2,-22
80,84,56,-8,-23
78,78,48,-20,-26
76,75,39,-29,-27
71,74,36,-32,-26
65,76,40,-31,-21
65,78,50,-29,-13
76,79,60,-27,-7
95,78,64,-28,-5
116,78,62,-28,-7
132,80,54,-27,-11
138,86,46,-21,-15
135,95,40,-12,-16
128,103,35,-3,-16
118,105,29,2,-15
105,98,20,1,-15
87,84,8,-5,-16
66,68,-4,-13,-17
47,57,-9,-19,-15
39,55,-4,-20,-10
46,64,12,-18,-1
63,78,35,-15,9
79,93,60,-13,15
79,103,81,-13,18
61,108,95,-15,15
31,107,101,-18,9
7,104,100,-19,1
3,99,95,-18,-5
25,95,88,-17,-10
64,89,82,-18,-14
104,83,78,-19,-19
128,75,74,-22,-26
130,67,69,-26,-33
110,58,61,-31,-40
81,50,50,-35,-45
53,42,36,-40,-48
35,33,21,-44,-49
32,27,10,-48,-47
43,23,6,-49,-44
65,25,9,-46,-39
90,31,17,-41,-34
110,42,27,-33,-29
117,53,33,-25,-26
106,61,32,-20,-25
77,62,27,-20,-27
40,58,19,-25,-30
10,50,13,-32,-34
-3,43,13,-39,-37
8,41,17,-44,-37
37,43,23,-46,-36
71,49,29,-46,-33
96,55,33,-45,-30
104,60,36,-45,-28
96,65,40,-45,-26
80,70,45,-43,-25
66,77,52,-39,-25
58,83,59,-31,-24
56,86,64,-24,-24
54,85,67,-19,-24
48,80,69,-17,-24
41,75,72,-20,-23
35,73,76,-26,-24
36,76,80,-34,-26
45,83,82,-42,-31
59,88,80,-47,-38
70,88,74,-51,-47
72,82,66,-51,-57
63,71,58,-51,-66
45,59,53,-52,-73
26,51,50,-58,-76
16,46,49,-69,-76
22,45,49,-82,-74
48,46,49,-91,-69
84,48,52,-91,-64
113,51,58,-82,-61
119,54,67,-66,-59
93,56,77,-49,-59
46,59,86,-36,-58
2,61,93,-28,-54
-16,65,97,-23,-47
4,73,99,-20,-39
51,85,100,-16,-34
96,98,98,-15,-34
112,108,93,-17,-41
93,110,85,-24,-52
52,104,73,-34,-63
16,94,63,-44,-69
5,84,54,-50,-69
20,79,49,-51,-64
46,77,46,-50,-59
62,77,42,-48,-57
60,74,37,-50,-57
45,67,31,-54,-59
34,58,26,-58,-59
37,52,26,-60,-57
50,51,32,-58,-52
63,56,42,-53,-47
66,65,52,-46,-44
58,74,61,-41,-43
47,80,67,-39,-45
42,81,69,-41,-47
45,79,68,-45,-48
50,75,65,-49,-47
49,71,61,-52,-47
37,67,57,-51,-48
20,65,53,-49,-49
3,65,51,-45,-50
-7,68,52,-41,-47
-12,74,57,-36,-38
-17,85,66,-27,-24
-23,100,80,-14,-6
-29,119,97,5,12
-31,139,116,29,29
-23,159,136,54,45
-6,179,154,80,63
17,198,173,106,84
42,216,191,133,110
65,232,211,161,138
83,243,231,187,164
95,248,251,208,186
98,243,266,219,202
93,227,273,219,214
82,201,269,210,224
65,168,255,196,234
45,131,234,185,245
25,92,212,181,255
6,53,192,182,264
-7,11,176,184,270
-12,-33,162,183,273
-5,-80,149,174,276
8,-130,136,155,279
20,-181,123,131,286
22,-230,112,107,295
10,-275,105,86,306
-9,-315,99,70,312
-25,-352,90,57,309
-29,-389,75,40,294
-21,-427,52,17,267
-9,-466,26,-11,235
-2,-502,1,-40,206
-3,-531,-17,-63,187
-10,-549,-28,-75,181
-14,-554,-34,-75,184
-9,-548,-39,-67,187
5,-535,-46,-56,184
21,-516,-55,-49,172
33,-494,-64,-48,151
38,-469,-69,-53,125
35,-439,-68,-62,95
30,-405,-64,-75,62
26,-365,-59,-92,22
28,-322,-56,-113,-24
36,-275,-57,-136,-74
51,-229,-59,-157,-123
69,-185,-61,-172,-165
84,-147,-59,-178,-195
89,-116,-53,-177,-214
82,-91,-43,-173,-225
70,-70,-30,-172,-232
63,-51,-19,-176,-241
72,-33,-11,-184,-250
97,-18,-10,-189,-258
128,-4,-14,-190,-264
149,7,-20,-185,-266
146,17,-25,-177,-267
123,28,-27,-173,-269
93,40,-25,-175,-272
77,51,-20,-182,-277
88,57,-15,-188,-280
122,59,-11,-185,-278
160,57,-8,-171,-267
179,56,-6,-148,-249
169,59,-3,-123,-230
134,65,-2,-103,-214
94,71,-5,-93,-206
69,74,-10,-93,-205
71,72,-16,-98,-208
93,65,-21,-103,-208
118,59,-20,-103,-201
128,56,-13,-96,-187
117,59,-3,-85,-167
91,63,8,-70,-146
65,68,17,-53,-125
56,73,23,-35,-104
69,77,27,-19,-85
100,82,29,-6,-66
133,89,31,2,-50
154,95,31,3,-38
151,97,29,0,-31
127,96,26,-5,-27
90,92,22,-8,-22
57,91,21,-9,-14
42,94,25,-8,-4
52,98,33,-8,5
82,102,45,-9,10
119,101,60,-10,10
147,96,74,-7,7
159,91,86,0,2
157,90,94,8,0
150,95,96,14,0
151,104,94,14,0
162,108,89,8,-3
176,104,83,1,-10
182,90,78,-5,-19
172,73,76,-4,-25
149,60,78,2,-26
126,54,82,8,-21
114,58,87,9,-13
118,66,91,5,-6
134,73,94,-1,-6
149,76,96,-5,-12
153,75,96,-3,-21
147,73,98,6,-29
137,71,102,17,-31
134,72,107,26,-27
142,73,112,28,-19
158,72,118,23,-12
173,67,121,14,-10
178,61,122,4,-15
169,54,120,-5,-24
150,48,114,-12,-34
128,42,104,-18,-43
110,37,92,-24,-49
96,31,82,-27,-51
84,28,78,-27,-53
72,29,81,-23,-55
59,36,90,-16,-57
49,46,101,-9,-58
44,56,110,-4,-56
46,62,114,-4,-49
48,63,114,-7,-38
45,61,114,-12,-26
35,60,118,-14,-14
22,62,126,-13,-6
17,70,137,-8,-2
26,80,146,0,1
46,89,152,7,4
70,96,154,14,7
84,99,158,17,10
82,101,164,16,10
66,101,172,10,5
47,99,178,1,-4
34,93,176,-9,-17
32,82,166,-16,-30
37,67,148,-20,-39
41,50,129,-23,-45
39,36,115,-25,-46
32,26,110,-30,-46
23,22,112,-37,-44
19,22,119,-44,-43
20,25,126,-46,-40
23,30,129,-40,-35
28,37,131,-29,-29
32,44,132,-15,-23
34,51,135,-3,-19
34,57,141,3,-17
28,59,148,3,-19
14,58,153,-3,-23
-5,53,153,-11,-29
-20,45,146,-18,-34
-23,35,134,-24,-39
-11,27,122,-26,-41
10,21,115,-24,-39
26,18,116,-21,-36
26,20,122,-19,-33
7,22,129,-20,-34
-16,25,131,-23,-39
-29,25,125,-26,-47
-22,24,113,-27,-53
1,20,101,-24,-54
21,14,94,-19,-50
22,7,94,-16,-43
-3,-4,100,-18,-37
-40,-15,108,-23,-35
-67,-23,113,-28,-36
-65,-24,118,-26,-36
-31,-16,122,-16,-30
19,-1,129,1,-18
61,16,137,16,-5
80,29,143,24,2
73,32,142,20,-2
53,27,135,8,-14
35,18,125,-7,-27
30,9,116,-17,-33
33,4,115,-20,-28
36,3,122,-19,-15
28,3,133,-17,1
8,1,145,-17,10
-14,-4,153,-18,11
-29,-9,157,-19,5
-30,-13,156,-16,-5
-19,-15,152,-8,-12
-5,-16,145,1,-13
3,-16,138,8,-7
5,-18,131,11,2
6,-19,129,10,12
13,-19,135,7,22
28,-16,149,7,27
43,-12,167,10,28
50,-10,184,16,25
40,-11,195,22,20
15,-15,200,27,17
-13,-21,201,29,16
-33,-26,201,29,18
-33,-30,204,28,20
-15,-31,211,27,20
12,-31,217,24,17
32,-31,222,21,13
38,-30,223,18,11
27,-30,222,16,13
5,-31,222,16,22
-20,-32,222,17,35
-41,-35,224,19,46
-54,-38,224,18,51
-61,-43,221,14,47
-65,-49,216,8,36
-66,-56,211,1,24
-63,-63,211,-3,16
-53,-70,216,-4,15
-31,-75,224,-3,21
-2,-75,231,-1,28
26,-73,233,0,30
43,-70,227,-2,25
41,-72,214,-6,14
18,-81,197,-12,4
-17,-98,182,-19,-1
-51,-116,172,-25,2
-74,-130,169,-30,12
-82,-136,168,-32,22
-77,-131,168,-29,26
-66,-120,166,-23,22
-52,-109,161,-15,10
-37,-103,156,-7,-2
-19,-102,156,-1,-7
3,-105,164,0,0
29,-106,182,0,19
58,-105,206,0,46
91,-102,229,2,73
129,-100,247,7,97
176,-99,260,17,119
236,-95,273,34,145
309,-82,295,59,184
396,-54,332,94,238
493,-12,382,136,303
594,38,433,180,366
688,84,472,217,412
763,112,487,239,433
808,119,475,240,427
818,105,443,223,402
794,83,403,195,369
742,61,367,161,336
671,45,338,128,302
584,32,310,96,263
486,16,280,64,214
376,-11,242,28,154
257,-52,199,-11,86
134,-101,157,-51,21
13,-150,121,-87,-32
-105,-189,94,-111,-68
-216,-213,74,-121,-85
-317,-223,60,-117,-86
-401,-221,50,-102,-78
-458,-215,46,-82,-67
-481,-209,47,-63,-56
-466,-204,54,-46,-47
-421,-202,64,-34,-38
-360,-202,71,-25,-26
-294,-202,73,-18,-9
-229,-201,71,-13,11
-164,-198,68,-8,32
-98,-191,68,-4,49
-32,-180,75,0,62
25,-169,86,3,69
61,-160,99,6,74
74,-154,106,8,78
67,-152,106,10,83
54,-153,101,12,88
48,-152,95,15,90
53,-149,94,21,90
66,-143,101,29,90
77,-136,114,37,90
80,-130,127,41,91
74,-128,135,38,91
64,-130,133,26,87
53,-136,124,9,77
42,-141,112,-7,64
28,-144,103,-15,53
12,-143,100,-11,47
-3,-137,103,1,47
-11,-127,111,17,51
-5,-118,120,29,53
13,-114,131,34,52
36,-114,143,31,48
54,-118,158,26,46
63,-121,176,26,49
70,-118,193,32,58
80,-108,204,43,70
100,-94,206,55,78
125,-81,198,61,76
146,-73,184,59,66
151,-72,168,51,51
139,-75,157,42,37
116,-79,152,37,28
92,-79,154,39,24
75,-76,157,43,22
67,-71,159,46,18
62,-68,157,44,13
57,-66,155,37,8
52,-63,154,29,8
53,-56,155,25,12
64,-46,158,27,20
80,-34,160,35,27
92,-25,158,43,30
90,-23,153,49,30
72,-25,148,51,28
47,-28,146,52,28
32,-27,149,55,31
39,-18,157,61,34
71,-4,166,67,33
113,10,172,68,27
143,19,171,63,17
146,20,162,52,7
120,16,147,39,2
79,11,132,29,1
44,11,118,26,2
32,18,110,28,2
41,27,108,33,-3
56,34,110,36,-11
61,37,118,35,-18
47,35,131,33,-21
19,31,148,30,-17
-5,29,167,29,-11
-7,31,183,29,-4
15,35,194,29,-2
51,37,197,29,-4
82,37,193,27,-11
92,33,188,24,-19
81,31,187,20,-26
61,32,192,15,-33
48,38,200,9,-38
52,46,205,2,-42
67,53,203,-4,-44
80,55,193,-8,-43
79,55,180,-10,-39
62,55,170,-10,-34
33,58,169,-9,-28
8,66,175,-7,-25
-6,73,184,-7,-25
-2,77,191,-5,-27
17,76,193,-2,-30
47,69,191,3,-32
84,62,190,9,-33
121,60,194,15,-32
147,64,204,18,-29
153,73,221,20,-22
133,86,240,19,-14
92,99,257,18,-5
48,110,272,18,2
21,120,283,19,5
22,128,288,22,4
48,133,288,25,-2
79,132,282,26,-11
95,124,271,21,-22
86,109,256,11,-32
57,90,242,-5,-42
29,73,232,-23,-51
20,61,228,-40,-58
38,56,228,-50,-63
72,57,228,-53,-66
104,60,226,-50,-68
115,64,220,-45,-68
99,65,210,-42,-68
63,65,202,-44,-67
24,63,200,-48,-63
-3,61,207,-53,-57
-9,58,221,-54,-49
5,55,240,-50,-41
31,54,257,-44,-36
61,55,266,-38,-37
88,57,265,-37,-46
107,61,253,-41,-60
115,61,233,-49,-75
112,56,211,-58,-88
98,47,193,-64,-93
80,35,183,-64,-90
66,27,183,-58,-83
60,27,189,-48,-74
64,34,198,-38,-69
71,44,206,-31,-68
74,54,210,-28,-71
68,59,213,-28,-73
57,60,216,-29,-71
52,60,220,-30,-64
60,62,227,-31,-54
83,67,234,-30,-46
112,73,238,-31,-41
133,78,240,-32,-41
132,79,241,-33,-43
112,78,242,-33,-46
83,77,244,-31,-48
60,76,245,-27,-50
52,76,243,-25,-53
59,74,233,-26,-57
69,69,216,-32,-64
70,59,194,-42,-71
60,45,173,-53,-78
46,32,156,-62,-83
37,23,149,-67,-87
45,22,150,-67,-87
67,29,157,-60,-84
95,43,163,-49,-77
118,57,164,-34,-70
129,67,156,-19,-65
130,70,140,-7,-63
128,65,121,-2,-65
131,57,108,-2,-66
142,51,105,-7,-63
155,52,115,-11,-56
163,62,133,-14,-48
159,75,152,-14,-43
146,85,162,-13,-45
132,87,160,-15,-53
125,78,147,-19,-64
131,64,130,-25,-71
143,49,119,-30,-73
151,40,118,-31,-69
149,40,125,-28,-62
135,47,136,-22,-57
120,57,145,-16,-56
115,66,148,-12,-58
128,71,144,-13,-62
152,70,135,-18,-65
172,66,126,-26,-65
174,59,118,-36,-65
153,52,113,-44,-64
119,46,112,-48,-64
91,42,114,-47,-64
84,41,119,-42,-64
100,42,124,-35,-63
126,44,129,-30,-63
146,47,132,-29,-64
148,51,132,-32,-68
130,54,127,-37,-75
103,56,119,-42,-83
80,54,110,-44,-89
69,49,100,-45,-90
67,43,92,-46,-86
68,36,84,-48,-80
66,30,77,-52,-75
60,26,72,-58,-75
56,23,68,-64,-80
59,22,67,-69,-89
69,22,69,-70,-96
78,25,71,-67,-98
79,29,73,-62,-95
68,35,74,-56,-89
51,40,73,-48,-83
39,43,74,-39,-79
43,46,78,-31,-75
63,54,87,-23,-67
91,67,100,-17,-56
112,87,114,-12,-45
116,110,126,-10,-36
104,128,133,-12,-35
83,136,136,-17,-40
65,134,139,-25,-48
55,125,140,-33,-55
55,112,141,-40,-58
61,101,136,-44,-59
70,92,124,-48,-62
82,84,105,-52,-70
99,74,82,-60,-83
118,61,60,-71,-99
134,48,44,-84,-113
139,37,37,-95,-122
130,31,34,-98,-125
109,30,33,-91,-123
88,33,30,-76,-119
79,36,24,-59,-118
89,38,17,-45,-120
116,37,11,-40,-124
149,35,9,-43,-129
172,32,13,-50,-130
174,29,23,-55,-126
154,26,37,-58,-119
120,22,53,-56,-109
90,16,67,-55,-100
76,9,76,-56,-95
84,3,80,-60,-93
108,0,80,-64,-92
132,-1,78,-62,-91
142,1,76,-55,-89
135,3,75,-44,-87
117,4,72,-34,-87
102,3,65,-31,-92
101,-1,54,-35,-101
115,-8,40,-47,-111
133,-17,26,-60,-120
145,-26,16,-71,-125
144,-32,11,-76,-125
134,-34,11,-75,-122
123,-30,14,-70,-117
120,-21,18,-64,-112
123,-10,22,-57,-109
128,1,25,-54,-109
124,6,27,-54,-111
110,7,28,-58,-114
89,4,30,-64,-117
69,1,34,-69,-116
59,0,40,-69,-112
60,1,49,-64,-104
71,4,57,-55,-96
89,7,64,-46,-90
107,9,67,-42,-88
120,10,65,-45,-90
123,10,61,-52,-95
117,12,55,-60,-99
103,15,49,-65,-100
92,18,43,-67,-98
90,20,39,-65,-94
99,18,36,-62,-90
116,14,34,-60,-88
131,8,33,-57,-89
136,4,32,-55,-91
129,5,30,-51,-95
116,11,30,-49,-97
104,18,30,-47,-98
98,22,33,-48,-98
96,19,36,-50,-95
93,10,40,-52,-91
88,-2,43,-52,-85
84,-10,47,-50,-80
86,-9,51,-48,-76
96,0,58,-47,-74
110,14,68,-49,-74
121,25,79,-51,-75
122,30,88,-53,-74
115,29,93,-52,-70
107,24,93,-50,-66
107,19,90,-47,-64
120,18,87,-47,-69
143,19,88,-51,-81
163,19,93,-58,-96
171,18,100,-64,-108
162,15,109,-67,-110
141,12,116,-63,-99
121,13,119,-55,-81
112,15,120,-46,-62
118,19,119,-39,-50
135,22,117,-36,-46
151,24,115,-34,-47
157,25,114,-32,-48
152,26,117,-27,-47
141,29,122,-21,-41
136,32,129,-18,-36
145,34,137,-18,-33
167,34,145,-21,-34
195,32,151,-26,-37
216,30,157,-28,-37
223,29,163,-26,-34
217,29,169,-24,-30
210,29,175,-23,-30
212,27,177,-28,-35
227,23,175,-38,-45
248,16,168,-47,-54
261,11,159,-49,-58
257,10,153,-43,-52
237,16,151,-29,-38
212,29,154,-11,-20
194,45,159,3,-5
189,58,162,12,5
194,65,160,15,11
200,68,155,15,15
200,67,150,15,21
192,68,145,14,26
181,69,141,12,29
175,68,132,5,26
175,61,116,-5,15
179,45,93,-17,-1
181,23,68,-27,-18
181,-1,48,-32,-33
182,-20,38,-33,-43
188,-29,37,-31,-49
195,-30,43,-31,-53
197,-27,47,-32,-58
183,-26,46,-36,-64
151,-29,38,-39,-70
108,-36,27,-41,-76
72,-44,16,-41,-81
55,-50,9,-41,-86
62,-52,7,-43,-89
83,-51,10,-48,-92
104,-49,16,-57,-91
113,-47,24,-66,-87
111,-47,31,-75,-82
108,-51,38,-83,-77
111,-57,42,-88,-75
123,-65,46,-89,-77
135,-70,50,-87,-82
135,-72,54,-82,-87
117,-70,57,-75,-91
84,-67,55,-66,-93
50,-67,48,-58,-94
28,-69,35,-51,-96
23,-74,22,-47,-99
31,-78,12,-45,-103
44,-77,10,-45,-105
53,-70,14,-47,-105
56,-61,17,-50,-103
60,-54,16,-53,-99
68,-54,7,-55,-96
84,-60,-7,-56,-95
101,-69,-20,-56,-97
110,-77,-27,-57,-101
107,-80,-25,-59,-105
92,-79,-17,-63,-107
74,-77,-9,-67,-107
64,-76,-6,-68,-104
70,-76,-9,-68,-100
89,-77,-17,-65,-98
113,-76,-23,-62,-99
129,-74,-25,-60,-102
131,-69,-20,-58,-105
121,-63,-9,-55,-103
112,-56,2,-50,-96
113,-46,11,-45,-86
129,-34,15,-39,-78
151,-22,13,-35,-75
166,-11,6,-34,-77
163,-6,-3,-34,-82
143,-7,-12,-34,-86
115,-13,-20,-34,-88
96,-21,-26,-36,-91
97,-29,-33,-40,-97
115,-35,-39,-45,-106
140,-38,-45,-49,-116
157,-38,-46,-49,-122
158,-36,-41,-42,-121
146,-33,-30,-33,-114
131,-29,-15,-25,-108
121,-27,-1,-24,-108
118,-28,7,-32,-114
117,-32,6,-44,-123
113,-38,-2,-56,-131
106,-44,-13,-62,-134
98,-45,-24,-60,-133
96,-44,-33,-54,-133
101,-43,-40,-51,-137
112,-46,-48,-51,-144
121,-54,-59,-54,-149
126,-65,-70,-56,-147
125,-76,-78,-53,-138
123,-82,-79,-45,-125
122,-81,-74,-35,-112
124,-74,-66,-30,-105
126,-67,-58,-33,-104
128,-62,-54,-43,-108
129,-63,-53,-54,-112
131,-66,-53,-62,-115
134,-71,-52,-62,-115
137,-74,-49,-55,-116
135,-76,-47,-45,-117
125,-77,-51,-37,-119
106,-78,-60,-34,-122
83,-80,-71,-36,-126
65,-82,-79,-42,-133
59,-82,-80,-50,-141
67,-80,-75,-58,-149
84,-77,-68,-64,-153
100,-74,-62,-66,-148
109,-72,-61,-65,-136
108,-73,-62,-60,-122
104,-76,-62,-53,-112
103,-79,-60,-47,-110
111,-82,-54,-44,-116
124,-83,-46,-44,-123
135,-83,-39,-46,-126
137,-81,-34,-47,-122
126,-80,-32,-46,-114
110,-77,-33,-42,-106
96,-75,-36,-37,-101
94,-72,-42,-30,-100
103,-69,-48,-24,-100
117,-66,-54,-18,-98
125,-63,-55,-12,-95
121,-61,-54,-7,-92
103,-57,-50,-4,-91
78,-52,-48,-3,-93
56,-45,-48,-3,-96
49,-37,-49,-5,-96
59,-29,-49,-6,-94
86,-21,-44,-5,-89
118,-13,-32,-1,-82
144,1,-16,8,-72
159,21,3,22,-54
165,46,22,41,-28
170,73,40,64,5
187,95,57,90,41
224,107,72,116,75
279,108,88,141,104
347,101,107,166,134
419,95,133,194,172
491,96,169,225,227
566,108,215,262,297
650,126,267,300,373
742,141,312,331,440
832,144,339,350,483
903,125,340,350,499
938,85,313,333,490
929,26,269,304,468
881,-41,220,271,445
807,-110,175,240,424
719,-176,137,212,404
624,-238,99,183,378
520,-299,55,149,342
402,-363,-1,105,293
271,-432,-64,56,238
130,-503,-127,5,184
-9,-570,-177,-40,139
-137,-630,-208,-74,107
-243,-676,-219,-99,88
-321,-708,-218,-117,76
-368,-729,-213,-132,66
-384,-741,-212,-146,55
-374,-748,-216,-156,46
-349,-751,-222,-159,42
-319,-749,-223,-151,48
-286,-738,-213,-133,61
-249,-715,-191,-111,75
-197,-681,-162,-94,81
-128,-637,-135,-89,70
-45,-589,-117,-101,40
36,-542,-112,-126,-5
98,-499,-114,-157,-54
134,-457,-118,-185,-102
154,-416,-117,-204,-144
173,-373,-112,-213,-179
201,-330,-108,-218,-210
236,-291,-109,-222,-237
262,-260,-118,-229,-260
263,-236,-130,-237,-275
239,-218,-138,-242,-283
205,-204,-137,-241,-284
185,-189,-125,-233,-284
193,-174,-108,-222,-286
225,-161,-93,-213,-290
259,-150,-84,-209,-295
276,-142,-80,-209,-298
266,-134,-77,-211,-296
238,-123,-72,-211,-291
211,-110,-66,-205,-284
199,-96,-62,-194,-279
205,-86,-63,-181,-277
218,-82,-71,-168,-277
225,-84,-84,-160,-277
220,-91,-98,-157,-277
206,-99,-111,-158,-277
193,-107,-120,-158,-276
190,-114,-127,-156,-272
198,-118,-130,-149,-263
211,-121,-129,-139,-248
217,-121,-123,-128,-228
209,-118,-113,-117,-207
189,-113,-102,-109,-189
167,-108,-94,-102,-176
157,-104,-90,-97,-169
167,-104,-90,-92,-166
196,-107,-91,-87,-162
230,-113,-88,-82,-157
253,-117,-77,-76,-148
255,-118,-60,-67,-138
237,-113,-41,-56,-128
207,-105,-23,-43,-120
181,-97,-11,-32,-113
167,-92,-7,-25,-109
167,-90,-10,-24,-108
175,-93,-19,-28,-111
182,-97,-29,-35,-118
184,-101,-38,-42,-128
180,-105,-46,-47,-137
175,-109,-51,-50,-142
173,-113,-54,-49,-141
179,-117,-54,-46,-134
191,-118,-51,-42,-125
205,-117,-48,-40,-117
212,-112,-44,-41,-113
205,-105,-41,-47,-111
184,-98,-40,-56,-109
154,-93,-39,-66,-104
125,-92,-37,-72,-96
110,-94,-34,-72,-87
117,-99,-31,-64,-80
143,-104,-27,-52,-78
177,-107,-24,-41,-79
207,-107,-19,-33,-82
222,-102,-14,-28,-83
220,-93,-8,-25,-80
204,-83,0,-22,-73
184,-73,8,-16,-65
168,-66,16,-8,-60
158,-61,24,1,-58
153,-57,30,9,-61
151,-52,34,15,-66
149,-46,33,19,-70
147,-42,29,19,-72
145,-43,20,14,-71
147,-50,10,5,-68
153,-62,-2,-6,-65
162,-76,-12,-15,-62
169,-87,-21,-20,-61
174,-94,-28,-19,-61
176,-97,-35,-15,-62
179,-97,-41,-11,-65
184,-97,-47,-11,-69
194,-98,-53,-13,-74
205,-101,-61,-17,-81
212,-104,-73,-18,-88
213,-108,-91,-16,-95
208,-113,-112,-14,-100
203,-118,-134,-14,-103
201,-124,-150,-20,-104
206,-130,-159,-30,-103
217,-136,-161,-39,-101
230,-141,-157,-43,-99
240,-142,-152,-39,-97
245,-142,-149,-31,-95
244,-142,-149,-24,-91
235,-143,-152,-23,-87
218,-147,-154,-30,-84
195,-153,-156,-40,-82
173,-160,-157,-48,-82
160,-166,-155,-50,-83
162,-169,-152,-44,-83
178,-170,-146,-33,-80
202,-169,-139,-22,-76
218,-167,-133,-13,-71
217,-166,-130,-10,-67
200,-167,-130,-9,-66
173,-171,-133,-9,-66
149,-176,-135,-10,-66
133,-182,-133,-10,-65
124,-186,-129,-11,-65
121,-186,-125,-12,-66
122,-184,-127,-12,-70
131,-179,-136,-11,-75
155,-175,-150,-8,-79
189,-172,-166,-6,-80
223,-172,-179,-4,-77
242,-173,-186,-4,-74
237,-174,-189,-6,-73
215,-177,-190,-9,-74
193,-180,-191,-13,-76
186,-184,-192,-19,-76
198,-186,-191,-27,-73
216,-186,-187,-35,-67
220,-181,-178,-38,-57
199,-172,-167,-32,-47
162,-161,-155,-17,-38
133,-151,-146,4,-32
132,-147,-141,24,-30
164,-149,-144,34,-33
210,-157,-153,32,-40
241,-165,-164,19,-47
238,-170,-172,3,-51
200,-169,-172,-9,-50
150,-161,-163,-13,-42
114,-152,-147,-11,-32
110,-146,-132,-7,-25
130,-146,-123,-5,-22
156,-152,-122,-6,-24
164,-159,-127,-6,-28
149,-163,-132,-3,-28
123,-162,-132,3,-24
110,-158,-126,11,-17
128,-155,-116,15,-10
177,-158,-107,13,-8
237,-167,-105,5,-10
279,-181,-110,-4,-17
283,-194,-120,-12,-26
250,-202,-131,-16,-33
198,-203,-137,-18,-36
153,-200,-136,-20,-35
132,-198,-130,-24,-30
139,-199,-120,-29,-25
161,-206,-111,-32,-20
182,-216,-107,-32,-17
193,-224,-110,-27,-16
192,-228,-118,-17,-16
186,-225,-131,-7,-16
180,-218,-144,2,-13
177,-210,-153,8,-7
177,-206,-156,14,0
175,-207,-153,21,8
174,-209,-145,31,15
174,-208,-134,43,21
181,-201,-127,54,26
194,-189,-124,60,31
210,-174,-128,61,35
222,-161,-138,56,41
226,-156,-148,49,46
218,-156,-156,45,53
206,-160,-159,45,60
196,-163,-156,49,65
196,-165,-152,52,67
205,-168,-149,51,63
218,-175,-149,41,52
223,-190,-152,23,34
215,-210,-154,-1,14
193,-233,-152,-22,-6
165,-252,-143,-36,-22
144,-263,-131,-37,-29
136,-266,-118,-28,-30
143,-263,-111,-13,-24
153,-258,-112,2,-16
158,-255,-120,11,-8
153,-253,-133,13,-2
140,-255,-148,11,2
132,-257,-163,9,3
134,-260,-176,10,3
149,-263,-186,16,1
168,-265,-193,23,-1
179,-267,-196,28,-2
176,-269,-196,31,-1
159,-270,-197,31,2
139,-272,-200,30,9
131,-275,-207,30,17
141,-280,-215,31,25
168,-285,-222,32,31
197,-292,-222,30,32
211,-300,-217,26,30
202,-307,-208,19,25
172,-312,-200,13,18
139,-314,-196,8,13
121,-314,-196,6,10
127,-310,-195,6,11
153,-306,-191,8,14
182,-301,-180,13,20
196,-296,-164,22,27
191,-290,-147,33,33
175,-286,-134,44,38
165,-285,-127,51,42
172,-287,-126,50,44
194,-294,-128,39,43
219,-305,-128,21,40
231,-317,-126,1,34
224,-328,-121,-17,28
203,-336,-115,-28,23
183,-340,-110,-31,22
172,-340,-107,-28,24
172,-338,-107,-19,29
177,-334,-109,-6,35
180,-329,-110,7,40
183,-320,-107,21,45
190,-310,-100,32,49
206,-300,-90,38,53
227,-294,-79,37,58
243,-294,-70,31,62
241,-301,-66,22,65
216,-312,-67,13,66
178,-322,-72,9,67
147,-330,-80,10,68
139,-332,-89,14,70
160,-330,-97,19,71
198,-325,-103,23,71
232,-321,-107,24,68
244,-317,-109,22,65
231,-313,-110,18,60
204,-309,-112,12,57
184,-305,-116,8,56
184,-302,-121,5,58
205,-299,-127,5,61
233,-295,-129,8,66
250,-289,-126,13,70
244,-279,-116,18,73
219,-266,-102,24,74
189,-250,-86,29,74
173,-232,-73,35,71
179,-214,-64,40,68
203,-200,-63,44,65
229,-189,-68,46,59
240,-184,-78,44,52
229,-186,-91,38,41
200,-191,-103,30,28
168,-199,-112,24,15
150,-206,-116,23,6
156,-209,-117,27,2
182,-206,-115,35,4
214,-199,-112,41,9
236,-190,-109,44,15
240,-180,-108,42,19
228,-172,-108,36,20
210,-167,-109,31,16
201,-162,-110,27,11
204,-158,-111,26,5
216,-153,-110,26,3
226,-149,-107,26,5
224,-146,-103,25,10
210,-146,-99,25,16
193,-150,-98,24,19
185,-156,-101,23,17
192,-161,-106,24,10
208,-162,-112,26,1
218,-157,-113,31,-7
208,-147,-106,36,-11
178,-135,-94,40,-11
141,-125,-79,42,-9
120,-120,-68,39,-9
131,-120,-66,33,-12
173,-122,-72,26,-17
225,-124,-83,23,-23
260,-124,-93,23,-28
260,-121,-97,28,-29
228,-118,-93,33,-29
187,-116,-84,36,-29
164,-116,-73,35,-29
173,-116,-65,31,-31
210,-115,-63,27,-32
253,-109,-64,27,-30
278,-100,-66,33,-25
277,-88,-65,41,-17
258,-77,-58,49,-10
241,-69,-49,52,-7
240,-63,-39,49,-9
259,-59,-35,40,-14
284,-56,-38,31,-20
299,-53,-47,26,-23
294,-50,-55,27,-21
273,-48,-59,34,-16
249,-48,-58,41,-12
234,-50,-54,45,-12
228,-54,-54,42,-15
225,-58,-62,34,-21
214,-61,-78,24,-26
194,-62,-96,15,-28
175,-61,-110,9,-26
171,-59,-114,5,-23
192,-58,-110,3,-21
230,-59,-102,0,-22
265,-62,-97,-1,-24
275,-67,-100,-1,-27
249,-73,-110,1,-30
197,-79,-123,3,-33
143,-83,-136,2,-37
110,-85,-145,-2,-42
109,-86,-151,-8,-48
134,-86,-154,-12,-53
164,-87,-157,-11,-54
181,-90,-158,-5,-52
177,-92,-158,7,-46
156,-94,-158,21,-40
131,-92,-157,35,-35
113,-87,-157,47,-34
108,-80,-158,56,-36
111,-73,-162,59,-41
116,-70,-165,58,-46
116,-72,-167,52,-49
109,-77,-165,42,-50
97,-82,-162,30,-48
85,-85,-157,20,-44
77,-86,-154,11,-42
73,-85,-153,5,-41
73,-85,-156,0,-43
74,-88,-161,-5,-44
75,-93,-167,-10,-44
76,-97,-175,-15,-43
77,-98,-184,-20,-39
77,-96,-191,-23,-36
75,-91,-196,-24,-32
69,-86,-195,-23,-28
60,-83,-189,-18,-24
54,-82,-178,-9,-19
56,-82,-166,2,-17
73,-83,-158,13,-16
100,-85,-156,20,-19
128,-87,-158,21,-24
145,-89,-162,17,-30
139,-90,-164,11,-34
113,-89,-164,8,-35
76,-86,-164,9,-35
43,-82,-167,15,-34
25,-79,-174,25,-31
25,-77,-183,33,-28
37,-78,-189,35,-23
48,-80,-190,29,-17
52,-80,-184,17,-12
45,-77,-177,5,-9
33,-73,-172,-2,-7
25,-69,-171,-2,-4
28,-66,-174,6,-1
43,-65,-177,16,2
62,-66,-176,23,5
77,-69,-173,23,6
80,-74,-169,15,3
71,-79,-170,1,-2
56,-83,-174,-13,-7
45,-87,-181,-23,-10
47,-89,-186,-25,-10
61,-88,-188,-20,-9
78,-86,-185,-9,-8
90,-82,-181,3,-10
92,-79,-179,13,-15
85,-78,-181,19,-22
74,-80,-187,20,-28
64,-83,-193,18,-33
52,-86,-198,17,-35
36,-85,-199,17,-34
13,-82,-199,18,-33
-10,-77,-197,18,-32
-25,-73,-196,16,-31
-24,-72,-195,11,-31
-7,-75,-195,4,-29
16,-79,-196,0,-26
32,-83,-197,0,-22
32,-84,-198,3,-17
18,-83,-198,7,-12
3,-79,-198,10,-8
-2,-75,-195,13,-5
12,-71,-191,17,-2
42,-69,-187,22,-1
77,-68,-186,30,-1
106,-69,-190,36,-5
121,-71,-196,39,-10
120,-75,-203,37,-15
108,-78,-207,30,-19
90,-78,-206,23,-18
71,-75,-201,18,-14
55,-70,-193,17,-9
42,-66,-186,19,-4
34,-66,-182,22,-1
32,-68,-179,24,2
38,-72,-177,24,5
53,-74,-174,22,9
74,-73,-168,18,12
93,-71,-163,12,12
103,-70,-159,7,8
100,-73,-159,3,1
88,-79,-160,2,-6
76,-84,-161,7,-8
73,-84,-161,16,-5
80,-76,-159,27,2
87,-63,-158,36,9
82,-48,-158,42,15
56,-36,-157,42,18
14,-29,-155,37,17
-29,-25,-150,30,13
-56,-23,-144,21,9
-59,-20,-141,11,3
-43,-17,-146,2,-4
-26,-17,-159,-8,-13
-17,-22,-179,-17,-22
-19,-34,-200,-26,-30
-19,-50,-218,-33,-35
-5,-68,-228,-36,-35
30,-84,-230,-35,-28
80,-91,-225,-27,-12
130,-90,-216,-13,10
170,-81,-204,6,34
197,-67,-190,25,55
222,-52,-174,42,74
257,-39,-156,58,94
318,-25,-132,76,121
409,-8,-100,99,163
525,15,-61,127,218
651,44,-19,157,277
767,75,16,182,325
853,99,35,196,351
895,112,32,194,349
891,110,9,182,323
850,97,-26,163,285
785,78,-62,144,244
707,58,-91,125,205
619,40,-114,104,167
517,20,-134,78,124
394,-2,-159,46,73
249,-28,-191,12,15
91,-56,-229,-18,-43
-67,-83,-264,-39,-92
-212,-103,-291,-49,-126
-330,-114,-305,-50,-141
-415,-116,-307,-47,-139
-462,-114,-298,-44,-127
-471,-111,-286,-42,-112
-449,-111,-273,-42,-98
-407,-115,-265,-40,-86
-361,-121,-262,-35,-76
-321,-124,-262,-28,-64
-291,-121,-261,-19,-47
-266,-110,-257,-10,-26
-234,-95,-247,-5,-4
-187,-79,-234,-3,15
-126,-68,-219,-3,29
-59,-64,-208,-3,35
5,-67,-201,-2,35
55,-72,-199,3,33
87,-78,-201,10,29
96,-79,-203,20,26
82,-78,-206,29,24
52,-75,-208,36,23
14,-73,-210,38,20
-16,-73,-212,35,14
-26,-77,-215,27,6
-14,-84,-219,16,-1
10,-93,-220,5,-5
30,-100,-219,-3,-4
35,-104,-213,-7,2
26,-103,-202,-6,8
15,-99,-191,-3,11
15,-95,-183,1,11
29,-96,-181,5,9
51,-103,-186,9,10
67,-114,-194,14,17
69,-122,-202,22,30
59,-125,-204,29,45
48,-120,-202,34,57
43,-110,-196,37,64
48,-100,-191,37,67
52,-97,-189,37,69
49,-99,-191,39,75
36,-103,-196,41,82
19,-106,-202,42,87
7,-106,-208,39,85
7,-104,-215,29,74
16,-105,-222,15,57
28,-112,-228,2,41
36,-121,-233,-8,29
36,-131,-234,-12,25
31,-135,-233,-13,25
24,-132,-230,-13,26
15,-124,-226,-15,25
6,-117,-222,-21,23
-2,-115,-220,-27,22
-4,-119,-219,-33,26
8,-128,-219,-34,32
36,-136,-221,-32,38
73,-140,-224,-26,41
105,-139,-228,-19,39
117,-135,-232,-12,33
99,-130,-236,-8,26
56,-128,-239,-7,21
6,-129,-239,-9,18
-30,-130,-237,-14,17
-35,-130,-231,-17,14
-9,-127,-224,-17,9
33,-122,-217,-13,1
66,-118,-214,-8,-8
72,-117,-215,-5,-16
45,-121,-220,-5,-20
-1,-126,-225,-9,-21
-43,-129,-226,-15,-21
-60,-127,-223,-21,-20
-43,-118,-216,-25,-21
-3,-104,-206,-26,-23
40,-90,-197,-24,-24
64,-76,-187,-17,-20
60,-64,-177,-5,-11
33,-50,-165,11,5
0,-34,-153,31,25
-22,-16,-142,48,43
-24,1,-135,59,55
-10,14,-134,58,58
9,19,-139,48,52
21,17,-148,33,39
24,10,-157,18,25
21,3,-168,9,15
20,-2,-178,6,10
24,-4,-188,6,10
30,-4,-199,2,9
30,-5,-209,-7,5
18,-8,-216,-20,-5
-7,-12,-221,-33,-19
-35,-17,-223,-40,-32
-55,-21,-226,-38,-38
-57,-24,-229,-29,-36
-42,-25,-230,-17,-28
-15,-25,-228,-7,-19
13,-26,-220,-1,-15
34,-26,-209,1,-16
45,-26,-197,1,-21
48,-25,-191,1,-23
46,-25,-192,2,-21
41,-24,-200,1,-16
32,-24,-210,-3,-11
18,-23,-216,-8,-11
0,-22,-217,-12,-16
-20,-20,-212,-13,-23
-37,-17,-204,-11,-25
-45,-14,-195,-5,-19
-45,-11,-188,1,-4
-43,-8,-183,4,12
-44,-4,-179,6,23
-52,1,-176,5,24
-61,8,-176,5,16
-62,14,-179,6,4
-46,18,-185,8,-6
-15,18,-192,9,-8
22,14,-199,8,-4
50,8,-202,5,2
56,2,-204,0,6
40,-3,-204,-7,7
14,-6,-204,-16,5
-6,-7,-202,-25,4
-11,-6,-197,-31,5
-1,-4,-190,-32,7
13,-1,-181,-29,7
16,1,-176,-22,4
5,0,-178,-15,-3
-15,-5,-185,-11,-10
-34,-12,-195,-10,-14
-41,-16,-202,-10,-15
-33,-14,-201,-6,-11
-14,-4,-191,4,-4
5,13,-175,19,5
17,30,-159,36,14
16,41,-148,49,22
2,44,-145,55,30
-22,41,-149,51,36
-50,38,-156,43,38
-76,38,-164,34,37
-92,43,-170,29,34
-96,51,-173,30,29
-88,59,-174,34,23
-73,64,-172,36,16
-57,65,-170,34,8
-48,64,-167,27,-1
-50,65,-164,22,-7
-62,70,-158,25,-7
-78,78,-147,42,3
-90,90,-130,71,22
-94,106,-109,104,46
-88,123,-89,132,71
-76,140,-75,147,92
-67,153,-69,149,110
-65,160,-70,145,126
-73,159,-73,143,144
-85,153,-72,150,166
-95,142,-64,164,191
-97,129,-52,180,213
-92,114,-42,190,231
-87,96,-41,190,245
-88,72,-51,182,256
-99,40,-69,172,270
-115,-1,-88,165,286
-127,-47,-105,163,305
-128,-95,-117,163,321
-120,-142,-129,162,332
-113,-186,-145,154,336
-118,-226,-165,141,337
-139,-264,-190,126,339
-167,-300,-213,113,346
-190,-337,-231,103,354
-195,-376,-242,93,359
-182,-417,-252,80,354
-162,-461,-263,58,338
-149,-505,-281,29,313
-151,-543,-304,-5,286
-160,-571,-329,-37,263
-163,-587,-349,-60,248
-147,-590,-361,-72,239
-115,-586,-362,-74,234
-82,-579,-357,-70,229
-66,-573,-349,-65,220
-76,-567,-344,-65,206
-104,-558,-344,-71,187
-131,-542,-349,-83,161
-142,-514,-356,-98,130
-129,-475,-362,-114,94
-104,-428,-366,-127,55
-86,-375,-365,-135,17
-87,-320,-360,-139,-17
-109,-265,-351,-139,-49
-138,-214,-338,-139,-80
-155,-169,-325,-142,-110
-150,-136,-314,-149,-140
-125,-116,-306,-159,-165
-93,-107,-302,-166,-178
-70,-100,-297,-166,-177
-65,-86,-288,-156,-164
-73,-62,-274,-137,-145
-83,-26,-257,-116,-131
-84,11,-245,-100,-128
-73,43,-241,-94,-138
-55,62,-248,-100,-155
-43,68,-261,-111,-173
-43,69,-275,-121,-186
-55,69,-283,-125,-192
-69,72,-283,-124,-193
-75,75,-279,-121,-193
-68,73,-277,-121,-192
-52,64,-279,-125,-192
-35,49,-285,-133,-189
-26,34,-292,-139,-182
-27,25,-294,-140,-168
-35,24,-287,-132,-150
-45,30,-273,-119,-129
-55,37,-257,-104,-109
-66,39,-244,-91,-94
-78,34,-238,-84,-85
-89,23,-238,-82,-82
-95,9,-240,-83,-82
-90,-2,-239,-84,-82
-73,-8,-233,-81,-80
-51,-8,-225,-72,-75
-31,-4,-218,-59,-67
-20,2,-215,-44,-58
-19,5,-218,-32,-51
-24,5,-224,-24,-46
-28,1,-229,-21,-40
-30,-4,-230,-20,-32
-30,-7,-225,-18,-24
-31,-5,-217,-15,-18
-35,1,-210,-11,-17
-38,7,-208,-8,-22
-39,11,-212,-8,-29
-34,10,-219,-9,-34
-26,5,-223,-10,-31
-19,-1,-221,-8,-23
-17,-6,-213,-4,-12
-20,-8,-200,-1,-4
-27,-9,-187,1,-3
-37,-7,-176,0,-5
-52,-5,-168,-2,-7
-72,-3,-164,-2,-7
-93,0,-164,-1,-6
-111,2,-167,-1,-8
-116,0,-174,-5,-14
-106,-6,-181,-11,-25
-82,-14,-186,-20,-35
-57,-19,-184,-25,-38
-40,-17,-174,-25,-31
-37,-8,-160,-19,-17
-45,4,-146,-13,-2
-51,13,-137,-8,8
-47,15,-136,-6,10
-31,12,-138,-6,8
-11,6,-138,-4,6
3,5,-133,2,9
0,10,-123,12,16
-18,20,-113,21,24
-44,29,-107,26,30
-64,34,-106,25,31
-70,33,-110,17,28
-60,29,-112,7,25
-40,26,-109,-3,23
-23,28,-100,-10,24
-16,34,-88,-13,25
-24,39,-78,-13,26
-42,40,-73,-10,25
-61,36,-71,-5,21
-70,29,-70,-1,16
-65,22,-66,1,10
-48,19,-58,2,6
-28,20,-49,0,6
-18,22,-41,-3,9
-24,25,-38,-6,15
-41,26,-40,-6,20
-56,26,-43,-4,23
-55,26,-43,2,22
-32,25,-38,11,19
3,24,-27,21,17
31,24,-15,30,17
35,25,-4,35,20
9,27,1,36,24
-33,30,3,32,26
-67,34,2,24,24
-74,36,1,15,19
-52,35,2,10,15
-16,33,5,8,15
14,31,7,11,21
23,32,9,16,30
13,36,10,22,39
-1,41,9,26,43
-5,43,7,27,40
6,41,3,23,32
25,34,-3,17,21
38,25,-11,9,13
39,16,-21,0,8
31,9,-31,-6,8
26,4,-40,-8,10
32,-1,-46,-6,14
49,-5,-49,-1,17
72,-8,-49,5,19
91,-8,-46,9,21
104,-5,-42,11,22
111,-1,-38,11,22
114,3,-34,11,23
111,3,-31,11,25
96,-1,-28,12,28
68,-7,-23,10,32
31,-13,-16,5,33
-2,-16,-8,-2,32
-19,-16,0,-8,29
-15,-14,7,-10,26
3,-10,10,-6,25
22,-9,8,3,29
31,-10,-1,11,36
28,-16,-15,15,44
19,-23,-31,13,50
14,-31,-44,7,51
17,-36,-53,0,48
24,-37,-57,-2,41
27,-35,-59,0,34
18,-32,-62,7,28
-1,-31,-66,16,27
-26,-31,-68,25,29
-48,-29,-65,35,34
-64,-23,-56,45,41
-74,-11,-42,53,46
-79,4,-25,58,49
-80,18,-11,57,50
-76,25,-1,51,51
-71,23,6,43,54
-70,15,12,36,59
-81,5,18,30,63
-106,-4,19,25,63
-137,-14,14,19,57
-162,-25,0,11,46
-167,-40,-22,2,34
-152,-57,-44,-6,24
-124,-73,-63,-11,19
-102,-84,-72,-14,17
-98,-89,-74,-17,16
-113,-88,-70,-24,16
-137,-86,-64,-34,18
-155,-85,-57,-42,22
-157,-87,-50,-46,30
-142,-90,-43,-44,41
-120,-93,-38,-37,51
-103,-95,-37,-31,58
-100,-97,-40,-29,59
-110,-99,-46,-34,57
-129,-102,-52,-40,53
-145,-104,-57,-44,50
-151,-107,-59,-41,49
-146,-110,-58,-32,51
-136,-114,-56,-19,56
-132,-117,-53,-5,63
-143,-119,-49,5,74
-169,-119,-42,9,85
-204,-116,-33,6,92
-231,-115,-26,-3,94
-237,-116,-20,-15,88
-218,-122,-18,-26,79
-186,-130,-17,-32,71
-158,-136,-16,-30,71
-147,-139,-12,-22,78
-153,-137,-6,-12,88
-163,-134,-1,-5,96
-163,-133,0,-5,95
-147,-136,-5,-11,88
-125,-143,-16,-17,79
-115,-150,-29,-21,74
-128,-155,-40,-18,76
-161,-157,-49,-14,83
-194,-157,-54,-10,88
-205,-160,-56,-11,89
-186,-164,-56,-16,86
-143,-170,-52,-22,82
-101,-173,-43,-25,82
-81,-171,-30,-24,87
-91,-166,-14,-22,94
-122,-162,-2,-20,99
-150,-161,3,-21,100
-155,-165,1,-25,97
-130,-172,-5,-29,95
-88,-180,-11,-31,96
-50,-184,-12,-32,103
-35,-185,-9,-30,111
-50,-184,-4,-28,119
-84,-184,-2,-23,122
-118,-185,-2,-15,123
-136,-187,-5,-3,123
-133,-188,-6,11,123
-120,-186,-6,23,123
-111,-182,-5,31,122
-115,-179,-7,32,119
-132,-178,-12,28,114
-147,-181,-21,22,108
-147,-186,-30,15,101
-126,-190,-36,11,98
-91,-193,-38,10,98
-56,-193,-36,11,103
-37,-191,-35,12,111
-42,-188,-37,14,119
-67,-186,-45,15,125
-101,-185,-58,19,127
-130,-184,-73,24,127
-145,-184,-87,31,126
-143,-181,-96,39,127
-128,-176,-98,46,132
-110,-170,-97,50,139
-101,-163,-92,49,146
-105,-159,-89,46,151
-119,-158,-86,40,152
-129,-161,-85,32,148
-121,-166,-85,23,141
-90,-171,-86,14,132
-44,-174,-85,5,124
-3,-175,-83,0,118
12,-172,-79,-1,117
-4,-168,-72,5,118
-43,-164,-64,12,119
-83,-162,-59,17,113
-105,-164,-61,13,98
-108,-170,-69,0,75
-103,-178,-82,-16,52
-104,-187,-94,-29,35
-119,-192,-102,-33,30
-139,-193,-102,-29,34
-145,-187,-98,-20,44
-125,-176,-93,-10,53
-79,-163,-88,-3,61
-23,-150,-83,2,70
25,-141,-74,8,83
58,-133,-58,16,101
84,-127,-37,27,122
122,-118,-12,41,144
185,-102,15,60,167
275,-79,41,87,196
378,-46,71,124,238
475,-5,107,169,293
551,39,145,215,353
607,80,180,248,404
651,112,201,259,430
690,130,199,244,424
723,132,175,209,390
735,122,137,168,341
709,105,98,133,293
636,90,69,112,254
521,83,54,103,222
383,84,46,98,191
242,88,36,90,151
113,89,17,73,102
-6,80,-13,49,47
-121,62,-46,24,-4
-240,37,-73,2,-42
-362,14,-85,-13,-65
-475,-4,-84,-20,-74
-564,-14,-75,-23,-74
-613,-19,-65,-24,-71
-622,-24,-60,-25,-66
-598,-29,-60,-26,-61
-556,-34,-61,-27,-54
-509,-36,-60,-24,-45
-463,-33,-54,-16,-32
-415,-23,-45,-3,-19
-360,-10,-36,12,-8
-295,3,-29,27,-1
-226,11,-26,37,3
-165,14,-26,40,6
-122,13,-26,35,10
-104,9,-25,25,15
-105,8,-23,16,22
-112,9,-23,11,27
-111,13,-27,10,28
-97,17,-38,11,24
-73,19,-54,13,18
-52,18,-72,14,13
-46,15,-87,13,14
-58,13,-95,13,19
-81,14,-95,13,24
-100,19,-91,14,27
-102,27,-89,16,25
-86,34,-90,17,19
-64,38,-94,17,14
-52,40,-99,16,14
-61,40,-101,14,18
-91,40,-99,11,23
-125,42,-96,9,27
-147,44,-94,8,25
-145,43,-95,9,20
-121,38,-95,11,14
-88,31,-92,14,13
-61,27,-84,18,17
-46,29,-71,21,25
-44,38,-57,21,34
-47,52,-46,19,40
-52,64,-38,13,41
-59,71,-32,6,38
-69,70,-25,-4,31
-80,64,-18,-13,23
-86,58,-12,-20,14
-85,55,-10,-25,7
-77,56,-15,-25,4
-71,60,-24,-22,8
-77,63,-32,-17,17
-97,64,-36,-11,30
-122,62,-35,-8,40
-134,58,-31,-7,45
-123,56,-27,-8,41
-91,58,-25,-10,30
-57,61,-23,-10,17
-41,64,-20,-7,6
-55,64,-13,0,2
-92,60,-5,8,3
-131,55,4,15,10
-151,53,11,20,18
-144,55,17,23,25
-117,65,22,26,30
-87,78,27,29,34
-70,92,30,33,36
-74,102,30,35,38
-91,104,26,33,37
-111,98,19,25,35
-122,89,11,13,32
-123,80,5,2,31
-116,74,4,-4,33
-112,73,6,0,39
-115,76,11,12,48
-126,80,15,29,57
-137,83,15,43,63
-140,85,11,51,62
-131,85,4,50,58
-114,88,-3,42,52
-97,91,-8,30,47
-92,94,-10,18,44
-106,92,-10,9,42
-134,85,-9,1,41
-167,72,-7,-3,41
-194,58,-5,-4,42
-206,51,-2,-1,45
-206,53,2,4,50
-199,65,6,10,55
-192,80,10,14,59
-188,92,13,14,59
-184,96,15,12,55
-175,92,17,8,49
-160,83,20,7,44
-143,75,24,8,39
-132,70,30,11,36
-134,70,37,12,33
-151,74,43,9,32
-180,79,49,4,34
-214,84,51,-1,40
-245,87,52,0,50
-267,89,51,9,62
-275,89,48,23,71
-268,88,44,37,73
-247,86,39,43,66
-218,83,34,39,53
-189,80,29,25,37
-170,75,26,9,25
-167,68,23,-4,21
-182,60,23,-8,25
-210,54,26,-3,36
-238,53,34,9,50
-257,60,46,23,62
-261,72,62,34,71
-253,86,78,40,76
-239,99,88,41,76
-227,106,88,39,72
-223,108,75,34,65
-225,105,52,28,55
-232,101,26,22,43
-240,98,5,16,33
-248,95,-4,13,27
-256,95,-1,13,27
-264,94,10,14,30
-268,94,22,16,34
-266,92,29,16,34
-258,90,30,15,31
-252,87,29,16,28
-253,86,31,20,29
-266,88,41,30,38
-284,95,58,42,53
-298,106,80,54,68
-298,120,102,60,78
-282,134,120,60,80
-257,146,131,55,76
-236,153,138,48,71
-230,154,140,39,69
-242,148,138,30,70
-263,137,132,18,70
-285,124,123,7,67
-300,112,111,-2,59
-306,103,99,-5,50
-307,99,88,0,44
-305,97,80,9,42
-302,96,72,18,44
-295,93,63,22,44
-287,90,51,20,39
-282,89,38,13,29
-285,89,28,8,18
-297,92,24,7,14
-313,94,31,11,19
-323,95,45,17,31
-318,95,62,21,44
-297,93,75,20,51
-269,93,81,15,50
-248,94,80,8,43
-245,94,74,3,35
-263,92,71,1,31
-298,86,74,2,35
-335,77,81,5,45
-362,70,90,9,58
-371,67,95,13,67
-359,70,95,17,70
-334,75,87,21,67
-306,81,76,22,60
-285,82,64,21,51
-277,80,55,18,43
-284,76,51,13,38
-301,72,50,9,36
-322,71,52,6,37
-340,73,55,8,38
-350,76,58,12,40
-354,78,59,21,42
-351,80,60,30,44
-344,82,62,38,45
-333,86,64,43,45
-321,91,65,43,44
-312,95,63,37,43
-311,96,59,29,45
-319,92,54,23,50
-333,86,51,20,58
-348,82,53,22,67
-356,82,61,27,71
-356,88,71,32,67
-350,95,78,34,57
-345,99,78,31,46
-345,97,71,27,41
-350,92,62,26,46
-355,89,55,32,61
-355,92,55,43,78
-347,101,61,55,90
-336,114,68,63,90
-326,123,73,65,83
-322,124,74,62,74
-323,117,74,58,73
-325,107,76,56,81
-322,100,82,58,94
-314,99,91,61,104
-302,102,101,61,104
-293,105,107,54,93
-292,101,109,40,80
-302,92,108,25,72
-320,78,108,13,73
-339,67,108,8,79
-351,62,108,8,84
-354,63,104,11,81
-351,66,96,13,70
-349,69,86,13,57
-356,70,78,12,49
-372,68,76,11,53
-390,67,81,13,65
-399,69,89,18,80
-391,72,95,25,92
-371,76,94,30,98
-350,79,85,32,96
-340,79,72,29,91
-347,79,57,22,85
-363,79,46,13,78
-375,78,40,6,71
-370,76,36,3,64
-351,72,33,4,61
-326,66,30,8,63
-309,58,26,13,69
-305,52,22,14,77
-311,48,20,12,83
-315,49,22,7,84
-311,54,27,3,79
-300,61,34,1,73
-289,69,43,4,69
-286,76,50,10,70
-293,80,55,16,75
-307,82,57,20,81
-317,82,55,21,83
-319,80,52,20,79
-311,77,48,20,69
-300,75,45,19,58
-294,73,41,18,50
-297,74,39,16,48
-310,76,39,13,53
-326,81,45,11,63
-338,88,57,11,74
-341,98,74,14,82
-334,108,93,18,87
-320,117,108,20,86
-305,121,114,19,82
-295,122,111,17,78
-293,120,102,15,78
-300,120,94,18,82
-310,122,94,24,89
-319,128,102,31,92
-321,134,114,33,88
-316,136,122,29,74
-306,133,121,18,54
-294,126,110,8,32
-285,119,94,4,18
-280,116,78,10,14
-280,121,70,26,22
-282,132,70,47,36
-285,147,75,65,51
-288,162,82,75,62
-291,171,86,76,69
-297,174,86,68,71
-306,173,82,58,72
-314,170,79,49,73
-319,168,78,44,75
-317,169,79,44,78
-307,170,80,43,80
-294,167,79,38,77
-284,158,72,26,69
-282,141,58,9,55
-288,118,41,-7,39
-298,94,23,-17,27
-306,76,10,-18,22
-307,67,3,-11,24
-300,67,3,0,31
-293,72,5,7,36
-293,77,6,9,35
-304,79,4,4,30
-323,76,-2,-3,23
-340,72,-10,-7,20
-345,69,-16,-5,24
-335,69,-17,3,34
-312,72,-12,13,46
-291,77,-4,22,53
-280,83,6,26,52
-284,85,13,24,43
-296,84,16,15,29
-302,80,15,4,16
-294,72,15,-6,10
-273,64,19,-14,12
-252,59,29,-18,21
-243,58,44,-18,33
-252,62,61,-18,43
-272,68,77,-19,48
-288,73,86,-20,47
-287,75,90,-20,42
-269,72,89,-16,37
-242,69,86,-8,37
-224,66,83,4,42
-221,67,81,14,51
-231,71,79,21,62
-239,77,76,22,70
-232,81,74,19,74
-208,84,74,15,74
-177,86,77,11,71
-159,90,80,10,65
-167,95,82,9,58
-200,100,79,10,52
-244,105,74,15,50
-276,112,72,28,54
-281,124,78,49,67
-259,141,96,79,87
-226,164,121,110,110
-202,186,148,137,132
-200,203,168,156,148
-222,209,179,170,161
-257,206,183,181,174
-289,197,186,196,192
-304,188,193,215,219
-298,182,205,234,251
-275,178,219,244,282
-246,169,229,240,305
-224,153,231,224,319
-217,126,222,200,326
-227,89,206,179,332
-252,47,185,166,342
-285,2,163,164,358
-318,-43,143,167,378
-347,-89,126,167,397
-369,-135,110,160,411
-384,-180,95,144,418
-391,-225,79,124,422
-388,-267,62,105,426
-374,-305,44,89,429
-352,-340,26,74,430
-330,-374,7,55,424
-318,-406,-15,30,407
-323,-437,-39,-2,379
-342,-467,-66,-32,346
-363,-493,-94,-52,316
-374,-512,-119,-56,298
-369,-520,-135,-46,294
-352,-517,-137,-30,299
-339,-504,-128,-20,303
-341,-484,-112,-22,297
-361,-461,-96,-39,274
-389,-437,-86,-65,235
-407,-409,-82,-91,185
-404,-377,-84,-111,132
-381,-337,-88,-124,81
-351,-292,-92,-134,36
-329,-243,-94,-144,-5
-325,-195,-93,-156,-41
-336,-152,-90,-169,-72
-350,-115,-82,-179,-97
-359,-84,-69,-183,-114
-359,-57,-52,-180,-125
-355,-34,-35,-171,-134
-353,-14,-21,-161,-142
-353,1,-14,-156,-151
-353,11,-16,-157,-160
-345,17,-22,-165,-168
-328,19,-29,-175,-173
-304,21,-32,-183,-175
-282,26,-28,-184,-172
-272,35,-17,-177,-165
-276,48,2,-162,-156
-291,67,25,-145,-145
-309,86,49,-133,-136
-322,104,71,-127,-130
-327,115,86,-127,-126
-324,117,91,-129,-124
-316,112,89,-129,-120
-306,104,83,-123,-113
-294,95,79,-113,-102
-278,90,80,-101,-90
-260,90,87,-90,-79
-243,91,97,-81,-71
-236,94,108,-73,-65
-244,97,117,-63,-57
-267,100,125,-51,-44
-298,106,134,-38,-27
-323,111,143,-26,-7
-330,114,152,-17,13
-314,114,161,-11,29
-284,111,168,-5,39
-253,108,174,3,46
-235,109,179,14,51
-233,117,183,28,55
-242,129,184,39,57
-250,140,180,45,55
-250,144,170,44,49
-246,138,154,36,38
-248,123,135,24,26
-269,105,117,12,14
-308,88,103,3,8
-352,78,97,-2,7
-381,76,99,-3,11
-380,82,107,-2,14
-348,89,117,-1,15
-301,95,123,-3,8
-263,95,124,-7,-3
-249,89,118,-13,-17
-259,79,111,-16,-26
-280,71,109,-16,-27
-296,69,116,-12,-19
-299,76,132,-4,-4
-292,88,151,4,10
-288,99,165,10,19
-293,103,166,13,21
-305,96,155,15,18
-315,82,137,17,13
-314,67,119,21,10
-301,57,108,25,11
-283,56,103,26,13
-271,62,103,22,15
-273,68,101,14,16
-284,71,97,6,18
-295,69,92,2,23
-295,65,88,5,30
-282,65,87,14,37
-261,70,88,23,41
-245,78,91,27,38
-242,86,91,23,27
-256,87,89,13,12
-278,81,86,3,-1
-298,70,82,-4,-11
-307,59,79,-5,-15
-301,51,74,-1,-16
-286,46,67,2,-17
-270,43,58,2,-18
-260,39,52,1,-18
-258,36,54,2,-13
-257,36,66,7,0
-248,42,86,20,20
-225,53,106,36,43
-183,69,119,54,67
-128,86,122,71,89
-65,101,121,88,114
0,118,126,109,145
64,141,149,138,188
131,173,193,176,242
205,214,249,217,302
292,256,302,252,355
387,289,335,273,391
480,305,338,274,401
552,303,313,258,385
587,286,273,229,350
571,262,231,196,307
507,238,196,166,265
406,215,171,140,228
284,194,149,116,192
158,170,123,90,150
34,140,87,59,97
-91,106,44,23,35
-221,70,-2,-12,-29
-355,36,-42,-40,-82
-484,9,-73,-57,-116
-596,-9,-92,-62,-127
-679,-18,-102,-57,-122
-732,-19,-106,-48,-109
-759,-13,-105,-40,-97
-769,-5,-100,-35,-88
-767,5,-90,-32,-79
-749,12,-76,-31,-67
-708,18,-59,-27,-48
-641,22,-40,-21,-25
-555,26,-23,-13,-3
-463,29,-9,-3,14
-380,32,1,8,24
-319,34,11,19,28
-281,33,22,27,32
-263,30,35,32,38
-258,27,49,35,47
-262,25,61,36,57
-269,23,67,38,66
-278,23,65,42,72
-283,23,58,48,76
-281,23,51,54,81
-271,23,47,59,86
-258,25,51,59,91
-247,27,61,55,95
-247,28,73,48,96
-257,27,84,40,94
-276,23,90,34,88
-295,17,91,29,80
-312,9,88,26,71
-324,3,83,22,64
-333,-2,78,16,59
-340,-5,75,10,59
-343,-7,78,3,62
-336,-8,89,-2,67
-318,-6,106,-6,69
-291,-3,126,-6,69
-260,3,141,-5,65
-234,8,145,1,62
-219,10,137,10,63
-219,8,121,21,70
-231,5,107,32,81
-250,4,102,38,92
-271,6,109,38,101
-286,14,126,33,104
-292,23,144,25,103
-287,31,155,21,102
-274,34,157,25,104
-260,34,152,38,110
-254,33,147,55,117
-259,34,146,69,122
-271,38,150,74,121
-281,40,154,68,115
-282,37,153,53,104
-272,26,143,36,94
-256,7,127,22,87
-243,-14,110,14,85
-238,-32,100,11,86
-241,-44,97,9,87
-244,-50,101,8,85
-245,-54,104,6,80
-244,-58,102,6,74
-248,-62,92,8,69
-260,-66,78,13,67
-280,-68,64,22,69
-300,-66,54,29,72
-311,-64,51,31,76
-306,-62,52,29,79
-288,-62,55,23,81
-264,-62,59,18,86
-244,-60,64,18,91
-232,-55,73,23,97
-226,-49,85,32,101
-225,-44,99,40,103
-228,-45,112,43,102
-236,-52,121,39,102
-252,-63,124,31,103
-272,-75,124,23,105
-290,-85,125,18,108
-298,-88,129,17,108
-292,-86,136,19,107
-274,-80,144,24,105
-254,-73,149,28,104
-244,-68,148,33,106
-250,-67,139,37,110
-269,-71,126,40,115
-292,-78,111,40,118
-308,-85,99,37,119
-309,-89,95,35,117
-299,-89,99,35,115
-286,-85,109,37,114
-280,-80,122,43,115
-286,-75,132,48,119
-302,-72,138,51,125
-317,-73,139,49,132
-320,-76,138,43,138
-307,-81,139,34,141
-282,-87,143,24,141
-259,-93,147,16,139
-246,-99,149,12,138
-248,-104,147,12,141
-258,-108,142,16,147
-265,-112,138,22,153
-261,-116,138,27,155
-246,-120,144,28,151
-230,-124,156,26,144
-221,-127,170,20,138
-223,-128,183,14,137
-230,-126,191,10,142
-236,-123,191,8,147
-235,-123,185,7,149
-229,-126,174,5,146
-228,-133,163,4,140
-236,-138,154,6,136
-252,-136,151,13,138
-268,-127,152,26,146
-272,-112,153,39,155
-259,-100,150,45,158
-233,-94,144,41,154
-205,-97,137,31,145
-185,-104,136,21,138
-180,-108,146,22,139
-186,-103,164,34,148
-199,-90,183,55,161
-211,-75,194,73,171
-221,-63,191,80,172
-227,-59,174,73,165
-228,-62,153,56,152
-222,-67,134,37,137
-211,-71,123,23,125
-196,-70,118,15,114
-183,-67,115,11,106
-178,-64,108,8,98
-182,-62,100,5,93
-193,-60,94,4,92
-205,-56,97,10,96
-213,-47,109,22,102
-216,-36,125,38,110
-216,-25,137,53,114
-218,-16,142,63,115
-223,-12,140,65,111
-229,-12,136,64,103
-232,-11,136,61,94
-226,-7,142,61,85
-211,0,152,63,79
-191,8,160,65,76
-169,16,162,65,76
-153,21,159,62,78
-148,24,153,57,79
-155,25,148,51,78
-174,26,145,47,74
-199,26,143,44,66
-223,26,140,42,58
-238,25,136,41,52
-240,24,133,39,49
-230,28,133,38,51
-214,37,137,38,55
-198,50,144,38,60
-190,65,148,36,64
-193,75,149,32,66
-207,78,146,26,64
-226,76,145,20,59
-244,74,149,16,53
-251,76,158,16,45
-243,83,168,19,36
-225,94,174,22,27
-205,103,171,23,20
-197,105,162,22,15
-204,103,154,21,15
-221,100,155,23,20
-234,101,168,29,28
-231,110,189,39,37
-205,124,209,48,42
-166,140,217,53,41
-131,151,212,55,34
-117,157,196,55,25
-130,158,178,55,16
-162,157,165,56,9
-196,156,159,56,5
-218,154,157,52,1
-222,151,155,42,-3
-214,145,149,27,-8
-201,136,139,11,-12
-192,125,129,-2,-17
-188,114,121,-9,-22
-187,104,116,-10,-28
-184,97,116,-9,-34
-176,95,118,-6,-38
-164,96,124,-3,-37
-153,101,131,0,-33
-149,109,139,3,-27
-157,114,143,5,-23
-178,116,142,5,-24
-208,113,136,3,-29
-236,108,127,0,-38
-253,102,120,-2,-46
-250,98,120,-1,-51
-228,97,126,1,-52
-193,96,137,0,-50
-158,95,146,-3,-46
-137,92,153,-8,-41
-132,91,155,-12,-38
-141,93,156,-13,-39
-152,98,155,-12,-46
-158,102,152,-10,-59
-156,102,147,-12,-75
-149,96,140,-19,-88
-146,87,132,-29,-96
-151,79,127,-39,-97
-161,76,127,-45,-92
-170,78,132,-45,-87
-170,83,142,-42,-82
-160,87,152,-37,-78
-142,89,161,-32,-72
-126,90,168,-26,-64
-118,92,172,-20,-54
-120,94,172,-16,-45
-131,95,168,-14,-41
-146,93,161,-17,-42
-160,87,155,-23,-47
-167,78,149,-30,-52
-161,71,145,-34,-55
-144,69,142,-33,-57
-119,71,137,-27,-59
-96,76,132,-20,-62
-89,82,127,-13,-65
-103,86,124,-9,-65
-133,87,123,-8,-61
-164,86,123,-7,-54
-180,85,118,-7,-49
-172,83,108,-6,-49
-148,83,95,-4,-55
-123,84,83,-2,-66
-113,89,81,0,-75
-121,96,89,2,-79
-138,105,104,2,-77
-151,113,120,2,-72
-151,117,129,2,-66
-140,117,129,3,-61
-128,113,124,5,-58
-122,109,120,8,-55
-121,108,121,12,-53
-122,109,128,15,-54
-120,111,135,16,-60
-118,113,139,17,-71
-125,111,135,19,-84
-145,107,129,22,-93
-172,102,124,28,-94
-190,97,126,33,-87
-182,96,135,36,-75
-145,97,148,35,-64
-94,100,158,30,-57
-53,101,161,24,-55
-45,100,155,17,-55
-70,97,146,12,-54
-113,94,140,10,-51
-148,93,141,9,-46
-156,95,149,9,-43
-137,97,159,8,-44
-105,96,163,6,-49
-82,92,158,3,-58
-81,85,144,1,-66
-102,80,127,0,-70
-134,81,116,3,-68
-162,88,115,8,-64
-173,101,125,13,-59
-169,111,139,14,-57
-154,115,149,11,-60
-135,110,149,3,-65
-119,100,139,-8,-69
-104,92,123,-16,-72
-93,90,107,-18,-71
-85,94,94,-13,-70
-84,101,84,-5,-70
-88,105,74,4,-72
-93,102,64,10,-76
-93,96,55,11,-80
-83,90,49,9,-82
-66,89,49,6,-82
-51,93,54,3,-81
-48,99,59,1,-80
-61,101,62,0,-78
-81,98,61,3,-76
-93,91,59,7,-72
-82,84,59,14,-67
-48,83,64,19,-64
-1,88,72,22,-64
38,97,82,20,-69
56,105,87,14,-74
51,109,88,7,-79
34,110,84,4,-79
16,111,78,4,-75
5,112,71,8,-68
-1,114,65,12,-61
-6,114,59,15,-54
-10,112,54,15,-50
-12,109,50,12,-46
-5,106,46,7,-43
9,107,45,3,-41
24,111,47,-1,-39
33,117,52,-4,-40
30,119,59,-6,-42
18,117,69,-8,-47
7,109,79,-9,-52
3,101,88,-11,-55
6,95,95,-11,-56
13,95,99,-10,-53
14,101,102,-5,-48
6,113,107,4,-41
-10,126,112,16,-36
-30,138,118,28,-32
-48,147,122,38,-28
-59,151,122,43,-24
-62,151,119,46,-18
-56,150,113,46,-13
-44,147,108,46,-10
-32,145,105,44,-14
-26,140,103,41,-24
-29,132,99,34,-36
-40,121,91,26,-48
-52,109,81,19,-54
-56,102,70,17,-53
-51,101,60,20,-50
-39,106,54,28,-46
-30,113,49,36,-47
-30,118,43,40,-51
-37,118,35,39,-58
-47,114,28,35,-64
-52,112,23,31,-66
-52,114,22,28,-64
-50,120,25,26,-59
-48,127,26,23,-54
-50,131,24,17,-51
-52,129,16,8,-53
-52,121,3,1,-60
-48,111,-10,-1,-68
-45,104,-20,4,-75
-48,101,-24,12,-75
-56,101,-22,20,-70
-64,104,-17,23,-62
-68,105,-10,21,-56
-66,103,-6,15,-57
-66,97,-4,8,-65
-75,89,-7,4,-76
-101,79,-13,3,-85
-136,69,-19,5,-88
-166,63,-21,6,-86
-175,59,-20,3,-82
-156,59,-17,-3,-79
-118,60,-17,-12,-79
-81,58,-24,-21,-80
-66,53,-39,-27,-80
-79,45,-57,-30,-77
-112,36,-73,-30,-73
-145,30,-80,-29,-72
-159,29,-78,-29,-76
-148,33,-71,-29,-83
-118,38,-62,-28,-90
-86,43,-58,-25,-94
-67,44,-60,-20,-94
-67,40,-67,-16,-91
-79,34,-75,-13,-88
-95,26,-83,-15,-88
-105,20,-88,-18,-89
-108,17,-89,-21,-89
-104,17,-85,-20,-86
-99,18,-78,-16,-80
-94,20,-72,-11,-74
-89,21,-71,-8,-70
-82,21,-76,-10,-72
-75,21,-87,-15,-76
-70,23,-99,-21,-80
-69,28,-105,-24,-80
-70,35,-104,-21,-76
-70,42,-96,-15,-71
-66,50,-85,-9,-67
-60,55,-76,-5,-69
-57,57,-68,-5,-75
-62,58,-60,-8,-84
-76,56,-50,-12,-92
-92,51,-38,-17,-98
-101,46,-27,-23,-100
-93,41,-21,-27,-99
-65,38,-23,-31,-97
-24,39,-32,-31,-96
18,44,-43,-29,-96
46,51,-50,-23,-96
51,57,-50,-17,-93
34,59,-43,-12,-88
3,58,-33,-9,-79
-29,59,-24,-9,-71
-50,64,-17,-10,-64
-55,74,-15,-13,-64
-48,86,-16,-17,-69
-37,94,-21,-22,-77
-33,95,-28,-25,-85
-38,87,-35,-25,-88
-48,77,-40,-21,-85
-54,70,-40,-15,-79
-52,70,-34,-10,-72
-42,78,-22,-7,-69
-35,89,-9,-7,-69
-37,95,-2,-10,-73
-50,95,-3,-12,-77
-69,89,-13,-13,-80
-80,81,-27,-14,-82
-75,76,-38,-14,-84
-52,78,-41,-16,-87
-22,84,-34,-19,-91
1,90,-21,-21,-95
6,93,-7,-21,-99
-6,93,2,-19,-100
-28,89,5,-18,-100
-47,84,3,-19,-98
-56,81,0,-23,-94
-54,81,-1,-30,-89
-45,84,1,-38,-84
-37,89,5,-43,-81
-33,94,9,-44,-80
-34,99,12,-43,-83
-34,102,14,-41,-87
-30,102,14,-38,-94
-22,99,11,-34,-100
-13,94,6,-31,-106
-7,88,-2,-29,-110
-8,82,-13,-29,-114
-14,79,-25,-34,-119
-21,77,-37,-44,-124
-26,75,-46,-55,-130
-27,70,-52,-66,-136
-27,63,-55,-71,-140
-26,55,-54,-69,-139
-23,51,-46,-61,-131
-13,53,-32,-49,-119
9,62,-12,-37,-103
44,77,11,-26,-88
88,92,31,-16,-74
135,105,48,-3,-59
181,116,63,15,-36
232,128,84,44,2
299,148,116,82,58
391,180,161,127,125
507,225,211,173,192
633,275,257,210,245
744,319,286,234,275
820,348,293,242,280
850,357,280,237,266
837,348,255,222,241
794,328,225,201,210
731,303,193,176,175
655,276,156,145,135
568,247,111,108,86
466,214,58,64,29
352,178,3,19,-33
226,145,-46,-22,-94
93,117,-83,-52,-149
-41,100,-105,-67,-192
-169,91,-114,-68,-219
-281,90,-114,-57,-230
-369,93,-106,-38,-223
-425,99,-92,-13,-199
-451,110,-68,16,-163
-452,128,-35,47,-121
-437,149,5,80,-79
-409,172,46,113,-41
-368,190,80,143,-7
-310,199,104,166,24
-239,198,115,180,54
-165,188,115,186,87
-104,169,112,185,120
-68,143,109,180,152
-56,110,109,174,179
-56,71,112,167,200
-52,30,114,161,217
-32,-10,113,153,233
-2,-50,106,144,249
26,-89,95,136,267
36,-131,80,131,286
22,-175,65,128,299
-7,-223,51,126,304
-38,-270,38,120,298
-55,-314,26,108,283
-54,-352,14,87,264
-39,-385,0,61,247
-21,-414,-16,31,231
-7,-441,-32,0,218
-1,-467,-47,-30,203
-1,-490,-57,-57,184
-6,-507,-62,-80,165
-12,-515,-62,-96,147
-18,-515,-57,-102,134
-23,-507,-53,-98,127
-25,-494,-50,-89,120
-23,-477,-51,-78,107
-16,-456,-55,-72,84
-6,-430,-60,-72,49
5,-396,-63,-78,5
16,-353,-66,-88,-42
26,-303,-69,-100,-89
36,-250,-75,-115,-135
46,-200,-84,-134,-178
55,-156,-94,-155,-218
58,-121,-100,-172,-251
55,-92,-96,-180,-274
46,-67,-81,-175,-285
35,-42,-56,-159,-286
28,-17,-29,-139,-281
27,5,-6,-124,-274
32,24,6,-119,-270
38,37,7,-124,-268
43,46,2,-134,-268
48,53,-4,-142,-270
56,59,-8,-146,-272
73,65,-6,-148,-277
99,70,-3,-150,-286
127,74,2,-153,-297
148,77,7,-158,-305
151,79,12,-160,-305
137,79,18,-157,-295
112,77,26,-151,-278
90,74,33,-143,-259
84,69,38,-137,-243
98,65,40,-133,-234
126,63,38,-128,-230
153,65,32,-121,-224
163,70,25,-109,-212
147,74,16,-96,-192
109,74,10,-85,-168
65,70,8,-79,-144
32,62,15,-75,-125
26,57,30,-69,-113
46,58,52,-57,-106
80,65,74,-39,-101
107,77,89,-18,-94
110,86,94,-1,-85
88,90,87,10,-73
56,87,77,12,-63
36,80,68,9,-56
43,75,66,5,-53
77,74,71,2,-55
119,77,79,1,-60
148,82,84,3,-64
148,86,85,7,-65
121,89,80,13,-60
87,89,71,18,-50
70,91,61,24,-41
80,95,51,29,-37
115,100,40,32,-39
155,105,29,31,-47
177,107,20,27,-57
168,106,16,20,-63
131,103,18,10,-64
87,102,25,0,-59
59,103,35,-8,-54
61,104,44,-10,-51
92,104,49,-7,-51
131,100,46,-1,-54
157,90,39,5,-57
154,77,30,8,-58
126,65,24,7,-56
92,57,24,4,-54
75,56,30,3,-54
87,62,41,8,-56
124,73,53,17,-59
165,84,63,30,-62
188,94,66,40,-61
181,99,65,46,-57
153,103,61,47,-51
123,106,58,45,-42
111,112,61,43,-31
124,123,70,45,-19
156,136,82,48,-7
188,148,94,50,2
204,155,102,48,4
198,156,105,41,-1
176,151,104,30,-13
151,143,101,19,-26
134,136,102,13,-33
131,131,108,11,-31
140,128,117,13,-22
155,125,127,14,-13
171,121,136,12,-10
182,113,141,6,-17
187,104,141,-2,-32
187,94,137,-9,-50
185,84,129,-11,-65
183,76,117,-9,-71
183,70,103,-4,-68
185,64,89,2,-60
186,58,79,7,-52
186,55,72,9,-48
183,52,68,9,-50
182,51,66,8,-57
187,49,60,7,-66
197,44,51,4,-71
209,36,39,0,-72
214,25,28,-6,-67
206,14,23,-11,-57
186,6,26,-13,-46
163,5,36,-12,-37
151,9,50,-6,-30
159,16,61,4,-25
187,22,66,16,-23
224,23,62,28,-20
249,19,54,38,-18
250,12,46,44,-16
222,9,42,47,-17
180,10,42,45,-21
142,16,43,38,-27
126,22,42,29,-34
136,23,39,17,-38
163,19,35,7,-37
190,12,35,-1,-32
201,6,40,-4,-24
194,5,48,-4,-18
180,8,54,-3,-17
175,12,53,-5,-20
188,12,44,-8,-24
215,8,30,-13,-27
239,-1,20,-17,-25
244,-7,18,-17,-19
222,-8,24,-11,-11
183,-3,35,-1,-5
149,7,45,10,-3
138,17,50,18,-5
154,24,51,22,-10
187,26,52,21,-16
218,26,56,15,-21
232,24,64,7,-24
230,20,75,3,-26
222,15,82,4,-28
219,8,84,11,-30
227,-1,79,21,-33
237,-9,68,30,-36
237,-13,56,34,-36
222,-14,45,34,-34
196,-10,39,30,-29
175,-7,37,27,-23
174,-6,39,27,-19
196,-8,42,30,-16
233,-14,46,35,-16
265,-20,49,39,-14
276,-24,50,41,-9
263,-25,49,42,-2
233,-25,47,41,4
204,-24,44,41,7
189,-24,45,42,4
192,-25,49,44,-1
205,-26,57,46,-6
216,-27,65,47,-6
217,-28,68,46,-1
206,-28,63,42,7
191,-29,48,35,15
179,-31,29,29,20
174,-32,11,24,22
176,-34,-1,22,23
180,-36,-7,23,23
182,-38,-10,25,23
183,-43,-13,27,23
185,-49,-17,26,23
192,-56,-23,21,22
206,-64,-25,16,22
222,-71,-22,13,23
236,-75,-15,13,24
245,-78,-7,17,23
245,-80,-5,22,19
238,-80,-8,27,15
229,-80,-16,30,13
222,-79,-24,32,15
219,-80,-27,33,21
222,-81,-25,36,30
225,-81,-20,39,37
223,-82,-17,43,40
213,-81,-19,45,37
197,-81,-23,44,31
183,-80,-27,42,25
179,-78,-27,40,20
192,-77,-22,38,19
218,-77,-16,37,20
245,-80,-12,34,21
264,-86,-13,27,20
269,-97,-21,15,18
264,-113,-30,0,17
258,-129,-37,-12,18
256,-140,-37,-14,23
260,-142,-31,-4,32
261,-137,-23,14,41
253,-127,-17,32,47
238,-118,-15,44,50
225,-116,-14,43,49
226,-120,-10,34,48
249,-126,0,21,50
287,-128,19,11,57
323,-123,42,9,67
338,-112,64,14,75
325,-101,78,19,79
288,-96,83,22,80
241,-98,79,22,79
203,-104,72,23,83
188,-108,66,28,93
197,-105,63,38,106
224,-94,62,52,119
257,-83,61,60,125
285,-78,56,57,121
300,-86,46,42,110
300,-104,33,19,97
291,-128,22,-1,86
276,-149,14,-10,80
264,-161,14,-5,78
256,-163,18,11,78
254,-160,24,27,76
255,-155,28,34,71
256,-154,28,27,65
256,-156,23,11,59
256,-161,15,-8,55
256,-167,7,-20,54
261,-174,3,-20,54
270,-180,5,-11,57
284,-184,12,3,62
301,-184,23,13,67
315,-179,32,17,71
323,-173,37,14,73
323,-167,34,6,70
316,-164,25,-3,62
308,-167,13,-13,52
303,-174,0,-23,40
303,-183,-11,-32,30
308,-190,-20,-40,24
312,-193,-28,-44,22
314,-192,-34,-41,22
313,-187,-37,-31,22
314,-181,-38,-18,20
319,-174,-38,-5,17
326,-170,-39,5,14
330,-167,-42,12,13
329,-164,-44,19,17
319,-156,-40,29,25
302,-141,-28,43,37
283,-121,-8,59,47
264,-99,15,73,52
246,-81,31,79,50
232,-70,36,76,44
227,-68,30,66,37
238,-70,23,55,33
267,-72,23,46,33
309,-69,34,43,35
348,-62,55,46,36
367,-55,76,50,34
360,-49,89,53,30
333,-47,91,52,26
305,-47,83,49,24
295,-45,73,44,22
312,-39,65,38,19
346,-32,63,36,15
381,-23,64,38,10
400,-15,65,45,5
396,-8,64,54,3
379,-3,61,61,3
361,0,57,63,1
356,1,55,58,-4
366,0,55,49,-12
384,-1,57,42,-20
398,1,62,40,-23
398,8,66,46,-20
383,19,68,55,-13
361,31,66,63,-5
344,40,61,64,0
341,43,54,58,1
354,43,49,51,-1
374,43,47,46,-5
388,46,49,46,-9
385,53,54,49,-11
366,61,59,53,-13
341,68,63,53,-13
324,72,69,49,-12
321,74,75,44,-10
328,76,82,39,-8
332,79,87,37,-8
322,83,87,38,-11
297,87,79,40,-18
270,89,65,43,-26
253,88,50,44,-33
255,85,38,44,-39
269,80,34,42,-43
281,76,38,39,-45
278,71,47,34,-44
258,67,57,28,-41
228,67,63,24,-37
205,70,63,24,-33
199,78,57,29,-28
212,87,50,37,-25
238,95,42,46,-22
263,98,38,53,-22
279,97,34,54,-25
283,92,30,49,-32
278,85,22,39,-42
269,79,11,28,-53
260,74,1,20,-64
255,71,-5,16,-70
253,70,-2,15,-73
252,70,10,15,-74
251,70,24,12,-74
250,70,35,7,-74
247,69,39,1,-73
243,68,37,-1,-70
236,68,31,3,-65
226,69,27,12,-59
213,71,26,22,-54
201,75,27,27,-50
192,78,28,26,-48
190,79,26,21,-44
195,78,21,15,-37
207,77,15,12,-28
223,77,9,14,-20
239,78,5,16,-17
249,81,1,16,-19
252,86,-4,14,-24
248,91,-7,11,-30
241,95,-7,12,-32
236,98,-2,18,-31
235,98,6,27,-29
240,94,15,32,-29
246,84,20,31,-33
249,70,20,22,-40
243,57,17,10,-47
228,47,17,1,-50
209,44,22,0,-49
193,49,34,5,-45
184,56,48,13,-42
181,60,57,17,-40
181,60,58,13,-40
181,54,51,1,-41
179,47,42,-12,-40
178,43,36,-24,-38
181,43,37,-30,-35
190,47,43,-30,-33
202,50,48,-26,-34
211,51,49,-21,-38
214,49,45,-17,-45
211,46,38,-13,-53
206,43,32,-8,-59
206,42,28,-3,-61
214,43,27,3,-59
229,45,26,9,-54
242,47,22,13,-51
247,49,17,13,-52
236,51,11,9,-59
215,52,6,1,-69
192,53,2,-8,-77
182,54,-1,-13,-79
191,55,-2,-13,-73
215,59,-3,-7,-63
236,65,0,3,-52
237,71,5,11,-46
213,74,13,15,-47
177,72,20,14,-52
155,65,25,8,-59
170,55,26,2,-64
222,49,26,-2,-66
288,48,28,-2,-65
333,54,33,0,-64
330,61,40,2,-62
280,66,45,1,-61
214,65,43,-4,-59
169,57,34,-11,-57
170,45,19,-19,-53
211,35,4,-24,-49
265,29,-6,-25,-46
300,29,-9,-25,-45
301,35,-5,-25,-46
276,43,2,-28,-50
246,49,5,-34,-56
231,52,2,-41,-61
235,52,-6,-45,-65
245,49,-16,-45,-66
247,47,-25,-41,-67
235,44,-31,-36,-67
215,41,-35,-32,-68
198,37,-40,-30,-70
193,30,-48,-30,-72
200,25,-58,-29,-72
211,24,-67,-28,-71
218,28,-74,-25,-71
220,37,-77,-23,-74
219,46,-79,-24,-82
223,49,-83,-30,-95
231,43,-93,-38,-109
239,31,-105,-46,-118
242,19,-115,-49,-117
240,14,-115,-45,-102
242,21,-102,-33,-78
260,39,-76,-16,-50
302,62,-46,3,-26
364,82,-17,20,-8
435,96,4,35,7
500,104,20,50,26
557,112,38,70,59
615,126,67,96,107
691,151,109,130,167
792,184,159,166,226
913,219,203,199,271
1030,247,228,222,291
1112,260,223,230,283
1138,257,191,224,254
1106,241,140,209,212
1034,219,84,190,167
944,198,35,171,125
854,181,-2,152,84
764,165,-27,131,43
662,147,-47,103,-2
534,121,-68,67,-51
379,88,-91,26,-101
210,51,-115,-14,-147
52,19,-134,-46,-183
-72,-2,-143,-63,-204
-151,-9,-141,-63,-208
-193,-5,-131,-52,-199
-213,4,-120,-35,-180
-224,14,-112,-22,-159
-229,19,-110,-15,-139
-218,22,-111,-13,-124
-183,24,-112,-14,-112
-122,30,-109,-11,-100
-46,40,-103,-2,-85
28,55,-94,12,-66
86,71,-85,27,-44
128,85,-78,38,-25
160,95,-75,42,-12
194,101,-77,38,-7
231,106,-83,30,-9
264,110,-91,23,-15
280,115,-98,22,-19
276,121,-102,28,-20
255,124,-100,40,-17
230,125,-93,52,-12
215,122,-86,60,-8
215,115,-82,60,-9
227,104,-87,52,-16
241,92,-99,40,-28
248,80,-116,27,-44
249,69,-131,16,-57
247,61,-140,10,-65
250,56,-141,7,-67
265,55,-137,5,-62
289,58,-132,4,-56
315,61,-128,1,-54
332,64,-128,-4,-58
333,62,-131,-11,-68
316,55,-135,-18,-79
291,43,-140,-23,-87
270,30,-149,-27,-87
264,17,-160,-29,-81
274,9,-173,-28,-71
292,6,-186,-28,-64
306,7,-195,-27,-61
307,12,-199,-28,-64
297,17,-195,-31,-71
288,20,-188,-35,-77
293,19,-179,-40,-82
316,16,-172,-44,-85
346,12,-167,-46,-85
366,11,-162,-44,-85
364,16,-155,-39,-83
340,27,-145,-32,-81
307,41,-132,-27,-79
282,53,-122,-27,-77
276,56,-120,-34,-76
285,50,-127,-45,-75
298,36,-142,-57,-75
302,22,-159,-65,-73
293,12,-170,-68,-69
274,10,-172,-67,-64
255,15,-166,-62,-58
244,22,-156,-57,-51
245,29,-150,-52,-43
259,34,-151,-47,-37
283,37,-158,-45,-34
312,40,-168,-46,-36
338,43,-173,-49,-41
349,47,-171,-53,-47
339,51,-159,-55,-51
307,55,-141,-52,-51
265,57,-122,-45,-47
231,59,-105,-34,-43
220,60,-92,-25,-41
236,61,-83,-20,-43
269,64,-75,-19,-45
299,69,-69,-19,-47
310,76,-64,-17,-46
296,85,-62,-13,-44
270,93,-64,-8,-46
248,96,-69,-8,-53
244,93,-74,-15,-64
261,84,-75,-29,-75
289,72,-71,-45,-80
312,63,-62,-58,-79
318,58,-53,-63,-73
306,61,-46,-61,-69
281,68,-44,-54,-69
257,77,-48,-46,-73
243,84,-57,-42,-80
241,87,-66,-41,-84
249,89,-74,-40,-85
260,91,-80,-38,-84
268,95,-82,-32,-84
270,101,-82,-23,-86
268,106,-82,-14,-90
261,107,-84,-9,-95
251,102,-88,-11,-99
240,92,-92,-19,-99
232,80,-94,-29,-97
231,72,-92,-36,-93
242,70,-84,-35,-88
263,75,-72,-26,-82
291,85,-58,-13,-78
313,95,-46,-3,-76
319,103,-39,-1,-80
302,108,-36,-9,-88
265,112,-39,-22,-97
219,114,-43,-35,-104
182,116,-47,-43,-108
166,116,-48,-45,-107
176,113,-47,-44,-106
206,105,-43,-43,-106
242,96,-38,-44,-107
270,86,-34,-45,-108
280,78,-30,-43,-107
275,74,-28,-39,-103
263,73,-28,-35,-97
256,73,-31,-32,-95
259,71,-35,-34,-97
272,68,-41,-39,-103
289,62,-48,-42,-108
302,57,-54,-42,-108
307,54,-56,-35,-102
302,55,-52,-25,-90
287,62,-40,-15,-77
265,74,-23,-10,-65
238,87,-5,-8,-58
213,99,7,-9,-52
196,107,11,-9,-47
192,111,4,-3,-41
203,114,-10,8,-35
222,118,-24,23,-30
242,127,-32,38,-26
253,141,-32,48,-26
254,156,-26,51,-28
248,167,-20,49,-31
241,173,-19,43,-35
237,172,-24,40,-37
235,170,-30,42,-34
232,172,-31,53,-23
225,182,-22,70,-6
217,198,-4,92,17
210,216,17,115,40
205,229,35,136,62
199,233,44,153,81
188,227,46,168,98
174,216,44,181,114
163,205,47,192,131
167,194,56,200,147
189,183,71,203,162
221,168,85,199,176
248,144,91,190,190
251,111,86,178,207
227,69,75,166,232
185,25,62,160,262
146,-18,55,159,293
128,-58,54,161,320
135,-95,57,161,337
158,-132,55,152,342
182,-172,44,134,338
193,-216,23,109,331
186,-263,-3,84,325
168,-310,-29,62,318
149,-354,-53,45,308
139,-395,-76,28,291
142,-430,-101,8,267
156,-461,-130,-19,240
176,-487,-159,-47,215
190,-506,-184,-70,196
189,-519,-199,-82,183
169,-525,-205,-83,172
135,-524,-205,-79,156
99,-514,-208,-80,132
81,-498,-219,-90,99
92,-475,-238,-110,63
128,-446,-261,-131,27
175,-411,-281,-147,-7
211,-372,-294,-154,-41
223,-329,-299,-158,-77
213,-282,-299,-166,-119
193,-234,-298,-181,-167
181,-186,-300,-203,-216
185,-141,-306,-228,-260
200,-103,-315,-247,-294
217,-73,-324,-258,-315
225,-51,-331,-260,-325
228,-34,-334,-256,-326
233,-19,-334,-247,-323
247,-4,-331,-236,-316
270,13,-325,-221,-306
290,28,-318,-205,-295
295,41,-310,-192,-285
280,51,-302,-187,-279
253,59,-294,-189,-279
228,65,-289,-195,-281
217,71,-284,-198,-282
226,77,-279,-195,-279
243,81,-272,-183,-268
259,84,-261,-167,-251
263,85,-248,-151,-233
255,85,-236,-141,-218
241,83,-227,-137,-209
227,81,-223,-136,-204
215,77,-222,-135,-199
202,74,-220,-131,-192
184,71,-213,-124,-179
160,71,-201,-115,-164
137,72,-187,-106,-148
124,73,-176,-99,-136
127,71,-171,-94,-128
146,67,-174,-91,-123
174,60,-178,-86,-116
199,54,-181,-81,-107
213,54,-178,-76,-96
212,60,-170,-70,-86
200,71,-159,-64,-77
185,83,-150,-58,-71
174,91,-143,-52,-68
170,93,-139,-45,-65
172,91,-136,-38,-61
176,86,-134,-34,-57
176,80,-134,-32,-54
170,76,-136,-34,-53
162,73,-141,-36,-53
154,71,-148,-35,-52
151,71,-153,-31,-49
152,72,-156,-23,-43
156,74,-156,-13,-39
158,75,-156,-5,-38
157,73,-156,0,-42
152,69,-157,2,-49
145,63,-159,3,-54
137,60,-159,3,-53
132,60,-156,3,-46
133,65,-148,3,-35
141,71,-138,2,-25
159,77,-127,1,-20
181,78,-116,2,-22
202,75,-108,6,-26
214,70,-102,12,-29
210,67,-98,21,-28
194,69,-95,31,-23
175,76,-95,38,-18
161,85,-95,42,-15
160,93,-97,40,-17
171,97,-98,35,-22
185,98,-97,27,-27
193,97,-95,21,-30
190,96,-93,17,-28
175,95,-90,16,-25
157,93,-90,16,-23
143,87,-92,15,-24
139,78,-97,12,-29
144,68,-102,9,-36
151,60,-106,8,-41
154,59,-107,11,-42
152,61,-105,15,-39
149,64,-101,19,-34
150,62,-97,18,-32
161,55,-93,13,-34
177,43,-89,3,-41
188,33,-82,-5,-48
184,28,-72,-8,-53
162,29,-59,-6,-50
129,32,-46,-1,-42
103,33,-38,4,-32
98,31,-36,4,-25
116,25,-42,-2,-26
145,19,-51,-12,-34
165,17,-60,-21,-44
165,19,-64,-27,-51
145,24,-59,-26,-51
121,31,-48,-19,-44
112,38,-36,-9,-36
128,41,-28,3,-33
161,40,-27,13,-37
192,36,-36,22,-44
200,29,-49,29,-48
182,24,-61,35,-44
147,21,-67,39,-31
118,23,-65,40,-16
112,27,-55,36,-4
132,31,-41,31,1
169,33,-25,25,0
208,30,-10,24,-1
235,26,4,29,2
249,22,13,37,10
252,21,17,46,18
250,23,14,50,21
243,27,3,47,16
227,30,-12,38,7
202,30,-28,27,-1
175,27,-39,20,-3
156,21,-43,17,3
159,15,-38,20,13
184,11,-29,23,21
224,10,-21,24,21
261,10,-18,20,15
279,11,-22,14,7
271,10,-30,7,0
247,7,-38,5,0
224,3,-44,9,7
219,0,-45,17,15
237,0,-43,25,22
268,3,-42,29,25
291,8,-45,26,22
288,11,-52,16,17
254,9,-60,3,12
201,3,-65,-7,10
154,-6,-66,-11,11
136,-15,-61,-8,13
157,-21,-53,0,16
204,-22,-47,8,18
253,-18,-45,12,17
277,-12,-48,11,14
264,-8,-56,6,10
224,-9,-65,2,5
181,-15,-73,0,2
156,-23,-78,2,2
160,-32,-80,5,4
185,-38,-82,7,6
210,-41,-85,6,6
217,-42,-91,3,3
199,-46,-101,-2,-3
163,-54,-111,-6,-10
126,-64,-119,-7,-14
101,-75,-123,-6,-13
97,-82,-120,-4,-6
112,-83,-112,-2,5
135,-78,-104,-1,15
157,-71,-100,-1,22
164,-66,-102,1,23
150,-65,-110,5,22
114,-68,-121,12,21
64,-73,-131,22,24
18,-76,-135,32,29
-6,-77,-135,40,35
3,-77,-131,42,39
38,-77,-127,37,38
78,-79,-125,25,33
98,-83,-123,10,28
84,-86,-121,-3,26
43,-88,-115,-10,30
-3,-88,-106,-10,36
-27,-87,-96,-5,42
-19,-88,-90,0,45
13,-91,-87,4,43
50,-95,-86,4,39
68,-100,-85,2,34
59,-103,-79,-2,32
32,-105,-69,-5,30
5,-107,-57,-6,27
-7,-112,-47,-7,23
1,-120,-42,-5,17
20,-129,-43,-1,14
37,-137,-45,7,15
39,-141,-45,16,20
24,-139,-42,26,30
0,-132,-34,33,41
-20,-122,-25,36,51
-26,-113,-16,34,59
-16,-106,-12,28,68
5,-104,-14,20,75
24,-104,-20,14,82
31,-106,-26,12,86
24,-108,-31,14,87
7,-110,-33,19,85
-10,-113,-32,24,80
-16,-118,-32,26,76
-8,-129,-39,22,72
12,-144,-53,13,68
33,-161,-74,1,63
49,-179,-94,-13,58
52,-193,-108,-24,52
43,-203,-112,-33,49
26,-210,-107,-40,48
11,-215,-98,-43,49
4,-219,-90,-42,52
8,-221,-87,-39,55
22,-221,-89,-33,56
38,-219,-94,-27,57
45,-216,-98,-23,58
37,-214,-100,-21,61
16,-213,-103,-21,66
-7,-213,-105,-19,71
-20,-215,-109,-13,74
-13,-215,-112,-4,74
13,-215,-115,5,69
46,-214,-115,8,62
70,-214,-115,3,54
74,-217,-116,-9,49
57,-221,-119,-25,46
29,-226,-125,-39,45
6,-230,-133,-49,43
1,-233,-142,-54,38
19,-234,-149,-55,30
55,-235,-153,-53,22
98,-236,-153,-49,17
132,-239,-147,-43,16
147,-242,-137,-34,21
139,-242,-126,-25,29
116,-237,-116,-17,38
90,-227,-112,-12,44
73,-214,-115,-10,47
71,-205,-126,-11,45
80,-204,-141,-15,41
91,-212,-157,-20,36
92,-226,-169,-24,32
81,-237,-175,-25,29
64,-238,-171,-22,30
51,-224,-159,-16,34
49,-199,-142,-7,39
58,-173,-125,0,46
69,-155,-114,1,52
71,-149,-109,-3,55
62,-153,-108,-10,56
47,-159,-107,-16,55
36,-160,-103,-15,53
35,-154,-95,-5,51
44,-141,-86,10,48
54,-128,-82,22,44
54,-121,-85,26,35
41,-120,-94,19,23
19,-123,-107,3,8
-4,-125,-117,-12,-4
-16,-123,-122,-20,-11
-14,-118,-125,-19,-13
2,-113,-129,-10,-13
26,-112,-139,-1,-14
48,-115,-154,4,-18
62,-119,-168,1,-23
66,-121,-174,-5,-22
62,-117,-166,-8,-12
57,-104,-143,-2,9
61,-85,-111,12,35
85,-64,-76,31,58
134,-43,-46,48,76
208,-23,-21,63,93
298,-2,4,78,119
395,23,36,99,160
492,54,76,131,217
586,90,119,168,280
678,124,156,202,329
765,148,178,221,351
839,158,179,221,342
882,152,161,204,307
879,136,132,181,262
822,115,101,161,219
718,97,72,144,181
590,81,45,129,142
462,67,16,105,94
347,51,-21,70,32
242,29,-64,26,-38
127,4,-110,-19,-106
-12,-21,-151,-55,-159
-174,-43,-181,-77,-190
-336,-56,-196,-86,-200
-465,-60,-198,-86,-196
-531,-56,-191,-83,-187
-532,-48,-182,-78,-179
-486,-39,-171,-71,-171
-424,-31,-161,-61,-159
-373,-25,-148,-49,-142
-337,-21,-132,-37,-121
-306,-15,-115,-30,-100
-261,-8,-98,-27,-85
-197,2,-85,-29,-78
-123,10,-79,-31,-76
-59,16,-79,-31,-75
-24,18,-82,-30,-73
-23,17,-85,-28,-69
-43,14,-87,-27,-64
-63,12,-88,-28,-60
-63,11,-87,-31,-59
-38,12,-86,-35,-59
4,13,-82,-39,-58
42,13,-76,-43,-56
61,12,-70,-44,-53
55,13,-65,-42,-49
32,16,-64,-35,-45
7,24,-66,-24,-40
-5,33,-68,-11,-33
1,44,-66,0,-23
17,54,-56,8,-11
34,63,-38,13,-1
43,74,-15,17,5
45,86,7,21,4
45,97,21,24,-2
48,101,22,24,-11
51,96,10,16,-21
48,79,-12,2,-30
34,54,-38,-15,-35
12,29,-59,-29,-38
-6,9,-71,-34,-41
-9,-1,-73,-30,-43
5,-2,-68,-20,-47
27,1,-62,-11,-52
40,2,-56,-8,-56
32,0,-51,-12,-60
7,-5,-46,-20,-61
-17,-10,-40,-30,-62
-20,-12,-33,-37,-63
7,-10,-29,-40,-64
53,-4,-32,-42,-65
97,1,-42,-41,-63
115,5,-56,-39,-57
100,5,-67,-35,-48
64,4,-72,-28,-38
31,2,-69,-18,-32
20,2,-64,-7,-32
34,4,-63,5,-37
63,6,-67,13,-43
86,8,-75,18,-46
88,10,-79,18,-43
71,12,-73,15,-35
45,15,-57,13,-26
26,19,-37,11,-23
22,22,-22,9,-26
27,24,-18,8,-33
31,25,-24,6,-39
27,23,-32,3,-39
16,22,-35,0,-32
6,22,-31,0,-19
11,25,-20,3,-7
31,31,-10,8,-1
59,37,-6,12,-5
81,42,-9,13,-15
85,45,-15,10,-27
71,44,-19,4,-35
50,41,-17,-2,-37
34,38,-9,-4,-32
31,39,0,-2,-24
40,42,5,4,-19
48,48,4,11,-19
47,52,-4,15,-25
32,53,-17,13,-36
10,48,-33,7,-45
-11,39,-48,-1,-50
-24,32,-59,-7,-48
-28,29,-66,-8,-39
-25,32,-70,-4,-28
-18,36,-73,2,-19
-3,40,-78,5,-15
20,39,-85,3,-16
47,32,-93,-3,-20
69,23,-97,-11,-24
73,15,-97,-14,-23
54,11,-91,-12,-19
20,11,-82,-5,-12
-12,15,-73,4,-7
-26,20,-69,11,-6
-20,23,-68,13,-10
-2,22,-69,11,-20
9,18,-69,7,-31
3,11,-67,1,-41
-19,4,-63,-3,-48
-47,-2,-57,-5,-51
-68,-4,-52,-4,-50
-77,0,-45,1,-45
-76,7,-35,8,-39
-68,16,-23,15,-31
-51,24,-9,18,-24
-20,30,3,16,-18
27,33,12,8,-16
78,35,16,-2,-19
115,35,17,-10,-25
116,36,15,-12,-31
78,37,14,-9,-34
18,40,15,-2,-33
-30,44,15,3,-28
-44,50,14,3,-22
-18,54,12,-2,-18
25,54,8,-10,-19
50,49,6,-17,-24
38,41,5,-20,-32
-10,32,8,-19,-38
-65,27,13,-15,-39
-94,28,19,-11,-35
-80,36,26,-8,-29
-33,45,32,-8,-25
17,53,36,-10,-25
40,54,39,-12,-31
23,50,40,-13,-38
-22,41,41,-12,-42
-67,34,41,-10,-40
-88,30,42,-7,-31
-75,31,45,-3,-19
-39,36,48,0,-10
-2,42,48,1,-8
21,45,42,0,-16
25,43,28,-3,-31
22,37,9,-6,-47
20,29,-9,-8,-56
25,23,-21,-8,-55
28,22,-22,-4,-47
20,27,-15,1,-36
-2,35,-6,5,-31
-31,44,-5,7,-35
-51,50,-14,5,-47
-54,50,-33,1,-61
-41,46,-54,-4,-69
-22,42,-67,-5,-66
-12,43,-67,0,-50
-16,51,-53,10,-29
-30,65,-30,22,-10
-42,82,-8,31,-1
-43,96,8,34,-4
-35,104,15,31,-14
-26,104,16,25,-26
-26,98,15,20,-36
-36,90,15,19,-41
-50,80,15,20,-45
-60,72,12,20,-50
-59,63,0,17,-60
-49,55,-21,10,-72
-33,48,-50,1,-82
-16,42,-79,-5,-88
0,38,-102,-10,-88
18,35,-114,-12,-86
38,32,-117,-16,-85
55,29,-115,-22,-88
61,24,-115,-31,-95
50,19,-118,-38,-102
24,15,-126,-41,-107
-10,11,-135,-40,-106
-41,10,-142,-35,-101
-60,9,-146,-30,-93
-61,9,-147,-27,-86
-46,10,-150,-27,-82
-18,11,-154,-31,-82
13,12,-159,-37,-86
39,12,-165,-42,-91
49,10,-168,-44,-96
40,8,-168,-43,-99
14,6,-164,-39,-97
-20,7,-157,-32,-90
-52,10,-147,-27,-81
-74,15,-135,-25,-71
-87,19,-120,-26,-63
-97,20,-106,-32,-60
-108,18,-94,-40,-60
-121,14,-85,-45,-64
-128,11,-79,-48,-68
-121,12,-73,-46,-70
-97,15,-67,-43,-70
-61,20,-61,-42,-71
-26,24,-56,-44,-75
-3,22,-55,-51,-83
2,16,-57,-60,-93
-5,6,-59,-66,-103
-15,-2,-56,-67,-108
-20,-6,-47,-63,-107
-19,-5,-31,-56,-101
-18,1,-16,-50,-92
-26,8,-6,-45,-86
-44,14,-7,-42,-83
-69,18,-15,-37,-82
-89,20,-25,-27,-79
-95,22,-29,-15,-73
-83,23,-25,-2,-64
-59,23,-16,4,-54
-35,20,-9,0,-49
-19,15,-7,-13,-51
-15,10,-14,-29,-58
-20,6,-23,-41,-67
-26,5,-28,-44,-71
-26,8,-25,-37,-69
-21,13,-13,-24,-62
-18,18,2,-11,-56
-21,21,13,-2,-55
-35,21,16,0,-60
-54,20,11,-1,-68
-72,19,1,-4,-75
-82,17,-9,-6,-77
-82,13,-15,-8,-75
-75,4,-17,-13,-73
-66,-9,-18,-23,-74
-57,-25,-19,-36,-81
-48,-41,-23,-50,-91
-35,-51,-29,-61,-101
-18,-55,-35,-66,-106
-2,-53,-40,-66,-106
7,-48,-44,-63,-103
0,-44,-46,-61,-102
-22,-43,-50,-63,-106
-52,-45,-54,-67,-113
-78,-47,-56,-69,-116
-89,-46,-53,-66,-111
-82,-41,-43,-57,-96
-64,-32,-27,-44,-75
-50,-22,-8,-32,-57
-49,-13,6,-24,-50
-63,-8,9,-23,-55
-84,-7,1,-29,-69
-99,-10,-16,-38,-86
-100,-15,-35,-49,-99
-87,-20,-50,-58,-104
-71,-26,-58,-64,-103
-62,-30,-58,-68,-99
-66,-34,-55,-68,-94
-81,-35,-51,-65,-90
-99,-32,-48,-57,-87
-109,-24,-47,-45,-83
-106,-12,-47,-31,-80
-89,1,-48,-20,-78
-66,12,-51,-13,-80
-46,18,-55,-13,-85
-37,19,-61,-19,-93
-42,16,-69,-29,-102
-58,13,-79,-38,-111
-79,10,-90,-45,-119
-97,11,-100,-47,-125
-106,14,-108,-44,-128
-106,19,-112,-38,-129
-100,23,-112,-31,-126
-91,25,-110,-26,-120
-85,23,-105,-23,-113
-80,18,-100,-25,-107
-77,11,-94,-30,-104
-77,7,-89,-35,-103
-81,8,-82,-38,-104
-91,15,-75,-36,-102
-104,27,-67,-31,-95
-111,41,-60,-25,-82
-106,55,-52,-19,-65
-86,66,-44,-13,-48
-54,76,-34,-8,-34
-19,86,-24,-1,-26
7,99,-15,6,-25
17,113,-11,11,-28
11,124,-14,14,-35
-7,127,-24,10,-43
-32,120,-39,0,-53
-55,103,-54,-12,-63
-70,83,-63,-22,-74
-73,65,-64,-29,-83
-64,55,-58,-30,-88
-48,53,-48,-28,-89
-30,56,-38,-26,-86
-20,59,-30,-25,-83
-19,59,-24,-27,-82
-25,54,-18,-30,-84
-33,49,-11,-32,-88
-36,44,-6,-33,-91
-34,42,-5,-34,-92
-29,40,-11,-35,-90
-24,36,-27,-39,-88
-21,27,-49,-45,-86
-17,13,-72,-51,-89
-13,-3,-90,-55,-96
-10,-17,-102,-54,-106
-11,-26,-108,-49,-114
-16,-27,-111,-42,-119
-24,-23,-115,-36,-118
-28,-17,-120,-34,-113
-21,-12,-123,-37,-107
-2,-12,-123,-45,-105
23,-18,-117,-54,-106
42,-28,-107,-63,-112
48,-39,-96,-69,-117
38,-46,-89,-71,-121
19,-48,-87,-69,-120
-1,-45,-88,-64,-115
-12,-41,-91,-58,-107
-14,-40,-90,-52,-99
-8,-41,-85,-48,-93
1,-44,-76,-47,-89
8,-45,-67,-49,-87
12,-41,-62,-51,-85
14,-33,-61,-53,-83
11,-20,-63,-52,-79
5,-7,-62,-48,-73
-7,8,-54,-41,-65
-21,22,-37,-33,-55
-36,36,-12,-25,-47
-46,49,12,-18,-40
-51,59,29,-11,-38
-53,66,34,-4,-37
-57,69,28,7,-37
-68,72,16,21,-34
-85,76,7,39,-26
-105,84,8,58,-13
-122,96,20,76,4
-130,108,40,92,24
-129,119,63,107,43
-120,124,82,122,60
-110,125,94,137,76
-101,121,99,151,90
-98,115,98,161,102
-100,104,95,166,115
-107,87,91,166,128
-121,64,85,164,145
-140,33,76,161,164
-161,-4,62,158,185
-179,-46,45,155,203
-192,-91,25,148,218
-200,-138,6,137,227
-206,-186,-9,121,234
-213,-234,-21,102,241
-224,-279,-29,85,252
-238,-322,-36,71,266
-250,-360,-44,61,279
-260,-396,-54,52,287
-265,-429,-68,40,283
-269,-463,-85,19,267
-272,-499,-106,-12,242
-272,-533,-130,-49,213
-264,-565,-155,-85,188
-247,-588,-178,-111,170
-225,-602,-195,-122,160
-203,-606,-205,-119,157
-191,-603,-210,-111,154
-189,-596,-213,-107,144
-194,-586,-217,-113,125
-198,-571,-225,-129,94
-195,-550,-235,-149,54
-185,-520,-244,-167,10
-175,-481,-249,-180,-35
-172,-435,-250,-188,-78
-180,-385,-248,-196,-119
-192,-334,-247,-207,-159
-198,-285,-250,-221,-198
-187,-240,-258,-234,-233
-158,-203,-269,-243,-263
-121,-174,-280,-247,-283
-89,-152,-287,-246,-294
-75,-137,-286,-244,-297
-81,-124,-275,-241,-295
-102,-111,-254,-235,-291
-125,-95,-227,-226,-286
-140,-77,-199,-214,-282
-141,-60,-178,-199,-280
-132,-44,-166,-187,-281
-117,-29,-166,-180,-285
-98,-17,-172,-176,-291
-78,-5,-181,-175,-297
-57,6,-186,-171,-300
-43,14,-188,-165,-298
-42,17,-188,-157,-292
-59,15,-189,-151,-283
-93,7,-193,-149,-273
-131,-3,-196,-151,-263
-158,-11,-196,-151,-251
-167,-15,-189,-146,-235
-156,-11,-174,-132,-215
-139,0,-155,-109,-190
-125,15,-136,-84,-163
-122,28,-123,-61,-137
-128,36,-113,-44,-116
-133,38,-106,-36,-100
-133,36,-99,-33,-89
-127,32,-90,-32,-80
-122,31,-83,-30,-74
-125,31,-80,-29,-69
-136,31,-83,-27,-65
-152,27,-90,-26,-64
-164,19,-100,-26,-66
-164,8,-110,-28,-71
-151,-3,-118,-32,-78
-132,-11,-125,-36,-84
-114,-17,-129,-41,-88
-106,-20,-132,-44,-89
-110,-21,-132,-43,-86
-123,-23,-128,-36,-80
-139,-22,-123,-27,-73
-147,-20,-121,-18,-67
-144,-16,-126,-13,-65
-129,-10,-137,-14,-67
-110,-6,-152,-17,-70
-99,-5,-165,-18,-73
-102,-7,-172,-15,-73
-118,-12,-171,-10,-72
-142,-19,-166,-8,-71
-163,-26,-162,-12,-75
-173,-32,-160,-23,-84
-170,-36,-161,-38,-94
-156,-39,-161,-49,-100
-136,-41,-158,-52,-98
-113,-44,-152,-47,-89
-89,-48,-145,-37,-78
-66,-52,-140,-28,-69
-52,-55,-139,-24,-68
-53,-56,-140,-25,-73
-72,-57,-142,-27,-80
-107,-56,-143,-30,-82
-144,-55,-141,-30,-75
-168,-53,-136,-27,-61
-166,-48,-128,-22,-45
-137,-42,-118,-15,-30
-89,-35,-106,-7,-17
-35,-29,-92,5,-3
17,-22,-74,21,21
73,-11,-50,45,61
142,9,-16,78,117
235,42,28,118,183
351,85,76,158,247
477,130,121,190,296
589,166,154,207,321
668,185,169,208,323
702,185,165,196,304
694,170,148,180,270
654,148,120,165,226
591,124,87,152,175
512,99,51,136,116
415,69,11,112,54
302,35,-30,78,-7
171,-2,-69,37,-63
28,-36,-101,-3,-108
-123,-61,-125,-35,-143
-274,-77,-139,-56,-168
-414,-84,-146,-69,-186
-533,-89,-146,-77,-196
-617,-94,-141,-82,-200
-661,-101,-132,-85,-195
-664,-107,-122,-82,-181
-636,-109,-112,-74,-161
-588,-106,-105,-60,-137
-533,-98,-101,-46,-113
-476,-87,-97,-33,-94
-418,-76,-91,-25,-80
-360,-66,-82,-19,-70
-303,-58,-70,-16,-63
-253,-53,-58,-12,-56
-212,-51,-47,-7,-47
-182,-49,-39,-1,-38
-158,-47,-31,5,-29
-137,-42,-21,10,-24
-119,-36,-10,14,-24
-108,-29,1,15,-28
-107,-26,8,13,-34
-117,-28,9,8,-41
-131,-35,6,0,-45
-141,-44,-2,-7,-47
-138,-52,-10,-10,-48
-121,-57,-17,-7,-49
-98,-58,-22,0,-51
-81,-55,-24,9,-53
-81,-51,-24,18,-52
-99,-47,-21,23,-48
-127,-43,-16,25,-41
-152,-41,-12,23,-32
-165,-41,-10,21,-24
-162,-42,-12,18,-16
-151,-45,-18,16,-10
-143,-50,-27,13,-5
-142,-57,-35,12,-2
-147,-64,-42,11,0
-150,-70,-45,12,1
-144,-74,-46,15,1
-132,-76,-45,18,1
-123,-76,-46,21,3
-129,-75,-50,23,8
-149,-74,-58,23,16
-175,-75,-67,23,24
-188,-75,-73,25,32
-176,-74,-74,31,39
-141,-71,-67,39,44
-98,-63,-55,47,47
-70,-56,-44,51,45
-71,-52,-39,49,40
-96,-55,-43,40,31
-130,-66,-55,26,20
-154,-81,-69,13,11
-157,-95,-79,4,7
-141,-103,-79,2,9
-118,-102,-71,7,16
-101,-93,-58,16,25
-94,-82,-47,25,32
-97,-71,-42,30,36
-107,-65,-43,31,38
-120,-62,-49,30,41
-139,-61,-56,29,48
-161,-60,-62,32,58
-182,-56,-65,40,71
-192,-50,-67,53,82
-182,-42,-68,66,88
-153,-35,-71,74,88
-115,-31,-76,73,83
-83,-35,-86,64,75
-74,-46,-99,50,67
-89,-63,-114,36,60
-121,-84,-130,26,55
-153,-103,-144,23,50
-170,-118,-155,24,46
-170,-124,-162,27,42
-160,-124,-167,28,38
-150,-119,-168,26,34
-153,-115,-169,20,29
-169,-114,-170,14,24
-190,-120,-173,8,19
-207,-131,-179,5,15
-210,-144,-185,5,14
-197,-156,-189,9,16
-174,-163,-190,13,18
-154,-168,-189,16,18
-145,-170,-187,15,15
-150,-175,-188,9,8
-166,-183,-191,2,3
-181,-193,-194,-3,1
-188,-203,-195,0,6
-182,-209,-190,11,14
-167,-210,-182,26,21
-151,-209,-175,41,22
-139,-207,-172,49,17
-134,-207,-173,48,9
-130,-211,-176,43,4
-123,-215,-174,39,6
-113,-217,-163,38,16
-105,-216,-146,43,30
-105,-213,-125,50,43
-116,-211,-107,53,49
-133,-212,-97,50,48
-149,-217,-96,39,41
-156,-225,-101,25,33
-154,-230,-108,12,29
-146,-229,-114,5,30
-135,-223,-116,5,36
-125,-214,-116,9,45
-116,-206,-113,13,52
-110,-205,-111,12,56
-109,-212,-107,4,56
-116,-226,-102,-7,53
-130,-240,-95,-15,52
-147,-249,-86,-15,54
-158,-252,-77,-6,58
-158,-247,-73,7,63
-146,-241,-77,18,66
-131,-238,-92,20,64
-121,-242,-114,11,59
-123,-251,-136,-3,53
-136,-263,-151,-16,50
-153,-271,-154,-23,50
-167,-272,-148,-21,52
-170,-268,-137,-15,52
-159,-260,-128,-9,51
-135,-254,-126,-6,48
-101,-251,-130,-5,46
-65,-252,-136,-4,45
-39,-252,-139,0,47
-30,-248,-134,7,49
-42,-241,-124,14,48
-66,-234,-112,18,45
-92,-230,-105,17,41
-107,-230,-105,13,37
-108,-234,-112,10,37
-99,-237,-124,11,40
-90,-235,-134,16,46
-88,-227,-139,23,51
-90,-214,-136,26,52
-93,-201,-128,24,49
-91,-192,-117,15,42
-87,-190,-106,5,35
-85,-193,-95,-3,31
-92,-198,-85,-4,30
-107,-200,-77,1,33
-126,-199,-71,8,37
-139,-194,-67,14,41
-142,-190,-67,17,43
-134,-189,-69,17,43
-122,-190,-68,16,43
-113,-191,-64,17,45
-107,-190,-55,22,49
-104,-185,-43,29,52
-98,-176,-34,36,51
-89,-166,-28,42,44
-80,-158,-25,45,33
-76,-154,-20,45,22
-81,-151,-9,43,14
-95,-146,6,41,11
-112,-138,21,39,11
-125,-127,28,37,9
-130,-115,24,35,4
-127,-107,10,33,-4
-118,-103,-6,31,-10
-108,-102,-17,30,-12
-100,-99,-16,31,-8
-96,-94,-8,33,-1
-98,-89,2,35,1
-109,-85,6,36,-4
-127,-87,1,36,-15
-148,-93,-9,34,-26
-167,-97,-17,33,-29
-178,-95,-17,35,-22
-176,-84,-8,43,-8
-164,-64,6,55,4
-145,-43,17,67,6
-126,-27,21,74,-4
-112,-19,16,74,-21
-104,-17,4,66,-37
-103,-18,-10,56,-45
-106,-17,-19,46,-43
-112,-12,-23,42,-35
-120,-4,-21,41,-27
-128,0,-16,42,-26
-136,-2,-12,39,-31
-143,-11,-10,31,-41
-153,-27,-14,17,-51
-164,-42,-24,3,-60
-174,-54,-39,-7,-67
-178,-59,-57,-10,-72
-172,-57,-75,-5,-77
-155,-53,-92,5,-83
-132,-50,-105,12,-89
-118,-49,-114,12,-95
-124,-50,-120,5,-100
-153,-50,-121,-8,-106
-195,-47,-120,-20,-111
-233,-40,-115,-28,-114
-248,-31,-110,-28,-116
-233,-26,-107,-25,-114
-198,-26,-108,-21,-109
-161,-34,-114,-23,-102
-144,-47,-120,-32,-95
-154,-60,-123,-43,-90
-181,-67,-119,-52,-87
-205,-67,-110,-52,-86
-209,-58,-97,-42,-87
-191,-43,-86,-24,-89
-165,-28,-80,-7,-91
-149,-16,-79,7,-90
-154,-11,-80,12,-87
-173,-11,-81,13,-81
-188,-15,-80,11,-77
-182,-18,-79,11,-76
-152,-20,-79,13,-82
-114,-21,-82,17,-93
-91,-22,-87,19,-104
-99,-25,-93,20,-112
-136,-28,-97,19,-112
-182,-30,-101,18,-105
-214,-30,-104,18,-96
-215,-27,-106,16,-89
-191,-24,-108,11,-88
-158,-22,-110,2,-93
-137,-23,-112,-9,-99
-141,-26,-116,-18,-102
-167,-29,-120,-22,-99
-203,-28,-122,-19,-91
-233,-22,-120,-11,-81
-244,-12,-113,-2,-73
-231,-2,-102,1,-70
-200,1,-92,-3,-72
-163,-3,-89,-13,-79
-136,-13,-97,-23,-86
-131,-24,-111,-27,-90
-148,-28,-125,-22,-89
-175,-23,-132,-11,-83
-197,-9,-130,1,-75
-200,7,-123,11,-68
-185,18,-118,16,-66
-164,18,-120,18,-69
-154,8,-128,19,-76
-164,-4,-136,22,-83
-187,-11,-137,26,-88
-207,-11,-130,30,-90
-207,-4,-118,29,-89
-183,4,-111,24,-88
-146,5,-115,15,-87
-117,-2,-130,8,-86
-110,-13,-152,5,-84
-129,-21,-172,7,-79
-160,-21,-184,11,-74
-184,-12,-187,15,-70
-188,2,-183,14,-70
-171,13,-176,8,-76
-144,16,-170,-3,-87
-122,10,-167,-14,-99
-118,0,-165,-23,-109
-136,-10,-162,-27,-115
-168,-15,-159,-23,-116
-198,-14,-155,-15,-114
-212,-9,-154,-5,-110
-202,-2,-156,3,-107
-174,5,-163,8,-105
-146,11,-173,8,-103
-134,16,-184,4,-101
-149,20,-193,-1,-97
-182,21,-202,-6,-93
-215,18,-209,-10,-91
-228,11,-216,-15,-92
-213,2,-222,-21,-94
-180,-7,-227,-27,-97
-148,-13,-227,-31,-98
-134,-13,-223,-32,-96
-140,-7,-216,-29,-91
-158,4,-207,-21,-83
-170,17,-200,-10,-77
-170,27,-196,-1,-73
-161,32,-197,5,-72
-156,32,-198,7,-70
-162,29,-196,7,-66
-176,28,-188,7,-56
-186,30,-175,8,-44
-179,35,-159,12,-32
-153,42,-147,16,-26
-117,45,-142,16,-29
-90,41,-147,13,-37
-82,32,-159,6,-44
-93,21,-173,0,-44
-112,15,-181,-1,-37
-125,17,-183,3,-26
-126,27,-179,12,-17
-116,42,-175,21,-16
-106,55,-177,25,-25
-102,61,-185,24,-38
-104,61,-195,16,-49
-109,55,-202,6,-55
-113,47,-201,-2,-53
-115,43,-192,-6,-50
-119,42,-181,-3,-47
-128,45,-173,4,-47
-138,50,-172,14,-50
-142,57,-175,24,-51
-135,65,-178,32,-49
-118,72,-178,36,-44
-101,78,-173,38,-37
-95,84,-166,38,-29
-103,88,-158,38,-22
-117,90,-154,40,-16
-126,89,-156,41,-14
-119,81,-165,39,-19
-98,67,-182,30,-33
-75,46,-203,15,-53
-67,21,-227,-3,-76
-81,-1,-246,-18,-94
-115,-16,-257,-25,-101
-154,-22,-259,-23,-97
-185,-21,-252,-17,-87
-199,-17,-243,-13,-79
-199,-14,-236,-15,-79
-193,-14,-235,-24,-87
-190,-18,-237,-37,-99
-191,-24,-239,-50,-110
-194,-28,-239,-58,-114
-194,-29,-235,-60,-112
-193,-27,-230,-57,-106
-194,-22,-227,-51,-101
-206,-18,-227,-44,-99
-230,-16,-231,-37,-102
-262,-17,-239,-33,-108
-289,-22,-246,-31,-113
-297,-26,-250,-30,-116
-282,-26,-251,-30,-116
-252,-21,-249,-28,-114
-225,-12,-245,-24,-114
-216,-2,-244,-20,-116
-234,6,-248,-16,-120
-272,8,-256,-14,-123
-313,6,-265,-14,-123
-340,2,-272,-12,-117
-345,2,-273,-9,-109
-332,5,-272,-4,-101
-309,10,-271,0,-96
-288,13,-274,2,-95
-276,11,-281,0,-96
-275,5,-287,-5,-94
-283,-4,-289,-10,-90
-297,-10,-282,-16,-85
-310,-12,-268,-19,-84
-319,-9,-255,-22,-91
-321,-3,-248,-25,-106
-317,4,-251,-28,-121
-312,12,-261,-32,-130
-309,17,-274,-36,-128
-308,21,-283,-39,-117
-301,21,-286,-40,-103
-285,17,-284,-39,-95
-261,10,-281,-36,-97
-240,2,-281,-32,-105
-235,-6,-287,-29,-113
-254,-11,-295,-26,-114
-287,-11,-302,-23,-107
-316,-6,-303,-18,-93
-322,4,-297,-10,-81
-302,16,-287,0,-75
-271,28,-279,9,-76
-253,37,-277,16,-81
-264,42,-282,19,-83
-298,43,-291,16,-82
-334,41,-299,11,-75
-351,36,-300,6,-68
-339,30,-292,3,-63
-310,24,-278,1,-63
-283,19,-264,-1,-70
-276,17,-252,-3,-79
-291,18,-245,-8,-89
-321,22,-240,-12,-96
-352,27,-233,-14,-96
-372,32,-224,-12,-90
-377,35,-214,-8,-81
-364,36,-207,-2,-72
-336,35,-209,2,-68
-297,32,-220,1,-72
-257,27,-237,-4,-84
-228,20,-256,-12,-99
-222,12,-272,-19,-111
-238,5,-284,-21,-115
-266,1,-291,-17,-112
-292,2,-297,-8,-104
-302,6,-300,1,-95
-293,10,-301,7,-88
-275,14,-298,5,-84
-259,16,-288,-2,-81
-256,18,-273,-10,-77
-266,19,-256,-14,-71
-284,21,-241,-10,-62
-304,24,-231,-2,-55
-321,26,-226,7,-50
-334,28,-224,10,-50
-343,29,-222,8,-54
-345,31,-217,3,-60
-340,35,-210,-3,-67
-326,37,-203,-5,-72
-307,37,-199,-3,-76
-285,33,-200,0,-77
-267,26,-203,2,-76
-256,20,-205,3,-72
-255,19,-203,4,-67
-265,23,-197,7,-62
-284,32,-189,11,-59
-308,42,-183,14,-59
-331,47,-182,15,-62
-344,47,-186,13,-64
-343,41,-193,11,-64
-329,33,-199,13,-60
-309,28,-203,19,-53
-290,28,-203,29,-45
-278,33,-202,37,-41
-273,42,-202,39,-44
-272,50,-206,32,-54
-271,54,-213,19,-67
-270,52,-225,5,-78
-271,45,-238,-5,-85
-279,38,-251,-6,-84
-292,32,-261,1,-77
-307,31,-266,10,-68
-315,33,-265,19,-61
-312,36,-259,23,-56
-295,36,-251,26,-52
-267,32,-245,28,-48
-232,28,-245,31,-43
-193,25,-252,36,-36
-150,28,-265,42,-28
-100,37,-276,50,-18
-42,51,-276,61,0
27,69,-260,78,32
108,91,-223,103,81
201,117,-173,134,141
303,146,-119,165,201
404,175,-75,189,245
493,200,-51,203,262
553,216,-49,206,251
573,219,-66,201,221
548,207,-96,190,183
483,185,-130,174,148
388,158,-164,151,114
277,129,-199,118,77
159,101,-233,76,28
38,75,-266,29,-34
-86,49,-299,-14,-102
-212,23,-328,-48,-165
-341,-1,-353,-69,-212
-468,-21,-372,-80,-239
-584,-35,-385,-83,-249
-681,-45,-392,-85,-248
-749,-51,-391,-85,-242
-785,-54,-385,-84,-234
-790,-54,-373,-81,-224
-773,-51,-357,-73,-210
-742,-43,-340,-64,-191
-706,-28,-320,-55,-168
-664,-9,-299,-46,-144
-613,11,-277,-36,-121
-547,28,-256,-25,-102
-467,40,-238,-11,-89
-386,47,-225,3,-81
-321,51,-220,15,-80
-286,55,-222,23,-81
-283,60,-229,26,-83
-301,65,-238,23,-83
-319,66,-248,19,-80
-321,64,-256,14,-75
-304,59,-260,11,-69
-280,53,-258,11,-65
-265,51,-251,12,-62
-270,52,-242,15,-62
-287,57,-235,19,-64
-299,62,-234,23,-68
-291,63,-241,25,-73
-260,60,-252,26,-77
-222,55,-262,24,-80
-200,51,-265,22,-79
-210,52,-260,21,-74
-248,60,-248,24,-66
-294,73,-236,31,-58
-322,88,-230,39,-52
-318,97,-233,46,-50
-290,98,-243,50,-52
-261,90,-258,48,-54
-257,77,-272,41,-55
-283,63,-284,32,-53
-327,53,-292,25,-49
-363,50,-297,21,-43
-370,53,-297,22,-37
-345,59,-293,27,-32
-305,65,-289,32,-27
-274,68,-286,36,-21
-269,67,-287,36,-16
-292,65,-291,32,-13
-328,62,-297,26,-11
-358,62,-299,21,-13
-370,64,-298,19,-17
-363,69,-292,20,-22
-346,73,-286,23,-28
-328,75,-281,26,-35
-313,73,-281,27,-43
-303,67,-286,24,-51
-294,58,-295,19,-59
-287,49,-308,12,-67
-285,41,-323,5,-72
-288,35,-337,-1,-76
-296,31,-347,-4,-77
-305,28,-349,-5,-76
-310,26,-342,-4,-74
-311,25,-331,0,-73
-307,24,-319,3,-73
-301,24,-311,3,-75
-294,24,-308,0,-79
-285,24,-309,-7,-82
-278,22,-308,-15,-83
-275,20,-300,-20,-80
-278,18,-287,-20,-73
-284,17,-272,-15,-62
-289,18,-260,-8,-51
-286,21,-254,-2,-44
-273,25,-255,-1,-42
-258,28,-258,-4,-46
-250,29,-260,-9,-53
-258,27,-258,-13,-58
-283,23,-255,-13,-59
-317,20,-251,-8,-53
-347,22,-247,0,-41
-362,30,-243,11,-27
-358,44,-236,21,-17
-343,60,-227,28,-13
-324,76,-217,32,-16
-310,87,-211,33,-21
-305,91,-213,30,-24
-307,87,-224,25,-23
-313,78,-239,19,-17
-318,67,-254,12,-9
-317,59,-262,5,-3
-307,55,-262,-1,-2
-287,55,-254,-4,-7
-264,58,-245,-4,-15
-247,61,-237,-4,-25
-247,62,-233,-3,-33
-268,60,-232,-2,-37
-304,57,-231,-2,-36
-339,54,-228,-1,-30
-361,56,-220,1,-20
-363,62,-211,5,-10
-352,71,-202,8,-4
-344,77,-199,7,-7
-350,78,-204,-1,-19
-368,70,-216,-12,-35
-387,58,-229,-23,-49
-395,48,-235,-25,-56
-386,45,-232,-17,-55
-368,50,-218,0,-49
-353,62,-201,19,-44
-350,73,-186,33,-44
-359,79,-181,37,-49
-369,79,-183,34,-55
-368,73,-190,27,-57
-354,68,-196,21,-53
-333,66,-199,20,-47
-317,68,-200,20,-44
-314,71,-203,21,-48
-324,71,-209,19,-56
-340,69,-216,17,-64
-353,66,-220,15,-68
-360,66,-215,15,-65
-361,70,-204,16,-59
-357,77,-191,16,-56
-348,82,-183,13,-59
-334,82,-185,9,-68
-315,76,-195,4,-79
-296,68,-206,1,-86
-285,61,-213,0,-85
-288,59,-209,0,-78
-304,62,-198,-1,-68
-328,68,-185,-4,-61
-345,73,-176,-9,-60
-346,75,-176,-12,-61
-329,75,-185,-12,-63
-302,74,-199,-9,-63
-278,74,-212,-3,-61
-270,76,-220,4,-58
-283,79,-219,10,-57
-311,84,-211,14,-58
-341,88,-199,17,-58
-358,92,-187,19,-56
-356,95,-179,22,-49
-338,97,-178,25,-39
-317,97,-181,28,-29
-306,95,-187,29,-23
-312,92,-191,28,-24
-331,88,-189,25,-30
-352,86,-181,23,-36
-362,88,-170,22,-38
-360,94,-160,22,-33
-349,102,-155,24,-23
-339,109,-158,24,-14
-335,111,-167,23,-10
-333,109,-178,19,-15
-325,102,-184,13,-24
-307,94,-182,6,-32
-281,88,-171,2,-35
-263,87,-159,0,-31
-262,89,-151,1,-23
-282,92,-152,4,-16
-310,93,-162,9,-14
-330,90,-178,13,-18
-332,84,-196,16,-28
-319,77,-212,18,-41
-303,70,-227,16,-54
-299,66,-242,12,-65
-309,64,-257,6,-71
-326,66,-268,1,-72
-336,71,-270,0,-67
-333,82,-262,5,-60
-322,96,-244,17,-51
-315,114,-224,35,-44
-319,134,-209,57,-38
-333,154,-203,80,-30
-345,173,-200,102,-18
-349,193,-192,122,1
-344,212,-173,140,26
-337,232,-139,156,55
-338,251,-99,170,82
-346,266,-62,184,103
-356,273,-40,195,117
-360,271,-37,203,125
-354,258,-51,206,132
-344,234,-76,205,142
-336,201,-105,200,158
-336,162,-134,194,178
-342,123,-161,189,201
-346,86,-187,184,224
-346,52,-210,180,245
-344,19,-229,176,265
-346,-17,-244,173,285
-357,-58,-255,171,307
-377,-103,-267,170,330
-399,-150,-282,169,353
-414,-195,-299,164,371
-417,-237,-316,152,385
-407,-274,-328,132,392
-389,-310,-334,104,394
-372,-347,-336,72,391
-365,-385,-341,42,382
-375,-425,-354,15,365
-401,-462,-375,-8,341
-438,-496,-402,-28,312
-470,-522,-426,-45,286
-485,-540,-440,-58,268
-475,-551,-441,-65,263
-447,-552,-429,-64,267
-415,-544,-410,-57,273
-394,-527,-392,-47,272
-388,-501,-380,-41,257
-394,-470,-377,-44,229
-400,-437,-382,-55,190
-398,-403,-392,-73,147
-388,-367,-399,-94,102
-376,-325,-400,-114,57
-371,-276,-393,-131,14
-373,-220,-381,-145,-27
-377,-163,-372,-156,-64
-378,-113,-374,-165,-93
-373,-77,-388,-171,-113
-365,-56,-408,-175,-123
-360,-45,-425,-176,-125
-361,-37,-426,-173,-123
-364,-24,-410,-165,-120
-364,-4,-382,-153,-119
-354,18,-355,-141,-121
-335,38,-339,-132,-129
-310,50,-341,-131,-141
-286,53,-358,-140,-156
-269,50,-382,-155,-170
-262,45,-406,-171,-179
-265,43,-423,-182,-182
-276,46,-433,-182,-177
-291,52,-436,-172,-166
-305,61,-432,-155,-153
-316,69,-424,-137,-138
-321,74,-411,-123,-126
-322,76,-397,-116,-114
-321,74,-383,-111,-102
-319,72,-372,-106,-89
-314,70,-365,-96,-72
-306,69,-363,-80,-54
-293,70,-366,-60,-35
-280,70,-374,-41,-19
-274,67,-386,-28,-9
-281,58,-403,-24,-5
-302,45,-420,-26,-4
-330,31,-432,-31,-3
-353,20,-437,-32,3
-363,15,-434,-28,14
-361,17,-425,-18,29
-351,25,-417,-6,46
-344,36,-413,5,62
-343,44,-415,11,73
-344,49,-420,10,79
-341,52,-426,3,80
-328,54,-429,-5,77
-307,57,-428,-11,73
-284,63,-422,-12,69
-267,69,-415,-6,67
-260,74,-407,4,67
-261,78,-400,13,68
-264,80,-397,18,70
-268,80,-396,16,71
-272,79,-399,11,73
-279,77,-403,7,76
-290,75,-405,7,79
-303,73,-402,12,83
-313,73,-396,22,84
-317,75,-388,33,83
-317,78,-381,41,81
-316,79,-378,47,82
-319,77,-380,50,88
-325,72,-385,54,100
-328,66,-387,59,115
-323,63,-384,65,128
-306,67,-375,70,134
-281,76,-361,71,133
-253,88,-344,66,127
-233,100,-326,59,123
-223,109,-308,52,126
-224,114,-289,49,137
-229,118,-271,50,153
-234,123,-254,56,166
-233,128,-241,61,170
-228,130,-238,61,162
-222,127,-244,56,145
-220,117,-259,46,126
-226,100,-277,36,113
-239,80,-291,29,109
-257,64,-295,26,110
-271,54,-291,28,112
-276,52,-282,30,112
-269,57,-276,30,108
-253,65,-275,28,105
-236,73,-282,25,105
-225,79,-291,25,109
-225,81,-299,28,117
-232,82,-303,36,122
-242,82,-303,43,124
-249,82,-303,48,122
-247,82,-306,48,119
-239,80,-313,42,117
-228,75,-323,32,117
-217,67,-332,20,119
-212,58,-335,11,121
-213,50,-330,5,121
-218,47,-319,5,118
-222,49,-304,8,115
-220,54,-291,13,112
-212,60,-281,17,113
-200,65,-275,18,116
-194,67,-271,16,123
-201,70,-265,13,131
-222,74,-256,11,139
-249,81,-244,13,143
-270,89,-233,17,142
-275,94,-227,22,135
-263,94,-227,26,126
-243,88,-232,29,119
-227,79,-237,32,120
-225,72,-237,35,127
-237,70,-230,39,138
-253,73,-219,42,147
-267,79,-211,41,148
-274,82,-214,33,140
-277,80,-231,19,126
-281,72,-258,2,111
-289,60,-287,-12,102
-298,46,-311,-18,102
-304,35,-322,-14,110
-304,27,-320,-4,122
-299,23,-308,9,135
-293,21,-292,17,145
-291,22,-278,18,151
-293,23,-266,12,152
-297,26,-257,5,152
-302,31,-248,0,153
-308,38,-239,2,156
-317,45,-230,9,163
-329,51,-225,19,169
-342,51,-225,25,171
-351,44,-232,24,169
-354,32,-243,17,162
-349,21,-252,8,154
-342,14,-255,1,150
-340,16,-250,-1,150
-346,24,-240,2,153
-361,32,-232,8,157
-377,36,-232,12,158
-387,32,-242,13,156
-387,24,-257,10,154
-377,18,-267,5,155
-363,16,-267,1,158
-348,20,-256,1,162
-335,25,-241,4,163
-324,28,-231,8,159
-312,25,-230,11,150
-302,18,-238,9,139
-294,11,-248,4,131
-296,8,-252,-5,130
-309,11,-248,-12,135
-331,16,-237,-16,145
-354,20,-225,-16,156
-368,18,-217,-13,162
-365,10,-214,-11,163
-347,-2,-213,-13,158
-324,-13,-211,-19,149
-309,-18,-207,-26,141
-310,-18,-202,-30,136
-330,-13,-199,-28,136
-357,-7,-200,-19,140
-377,-2,-205,-7,147
-381,0,-213,4,152
-368,-1,-219,9,156
-349,-5,-221,7,157
-336,-9,-218,0,157
-335,-15,-211,-6,159
-347,-22,-200,-10,163
-362,-30,-187,-10,169
-372,-35,-172,-7,174
-376,-38,-157,-3,179
-376,-35,-146,-2,181
-379,-28,-140,-3,184
-389,-18,-139,-4,188
-402,-8,-142,-3,196
-411,1,-147,2,207
-410,7,-149,8,221
-398,14,-146,15,232
-378,20,-138,20,238
-357,27,-127,22,238
-339,30,-116,21,232
-327,27,-109,18,223
-321,16,-108,15,215
-322,0,-114,13,211
-327,-17,-124,12,210
-336,-29,-135,14,212
-343,-32,-144,16,213
-345,-29,-150,20,213
-337,-25,-155,22,211
-319,-25,-161,23,205
-298,-33,-171,20,196
-280,-47,-186,13,185
-272,-63,-206,4,173
-278,-77,-227,-7,164
-294,-88,-248,-16,161
-313,-94,-265,-20,165
-327,-99,-277,-19,174
-328,-102,-282,-11,185
-314,-102,-281,0,193
-292,-99,-273,11,195
-272,-95,-262,18,194
-262,-92,-251,20,191
-266,-94,-244,17,191
-279,-103,-245,11,196
-286,-117,-252,5,203
-280,-131,-263,1,210
-260,-142,-274,-1,215
-233,-147,-281,-1,217
-216,-149,-285,-1,216
-217,-152,-284,-4,213
-235,-159,-282,-9,206
-256,-171,-282,-15,197
-269,-184,-286,-20,184
-267,-194,-294,-22,170
-257,-200,-303,-21,160
-249,-200,-304,-22,156
-251,-199,-288,-28,158
-259,-199,-243,-43,165
-263,-201,-167,-67,172
-255,-203,-62,-93,178
-236,-203,60,-116,186
-215,-200,182,-129,196
-202,-194,287,-130,213
-198,-186,366,-121,234
-190,-178,418,-109,256
-162,-169,449,-96,278
-102,-157,472,-81,299
-15,-139,499,-60,326
87,-113,538,-26,364
187,-79,589,20,418
279,-41,648,72,480
364,-3,704,121,537
448,29,745,153,573
527,51,763,163,580
586,62,756,152,556
603,61,728,127,514
564,49,690,99,465
470,27,651,75,421
344,-1,617,57,380
213,-32,589,38,336
101,-64,563,12,283
7,-95,534,-24,220
-83,-125,502,-69,154
-191,-151,469,-111,96
-327,-171,446,-141,58
-484,-182,437,-151,41
-636,-184,445,-144,42
-753,-176,465,-126,53
-815,-164,487,-106,66
-816,-150,506,-91,79
-769,-137,519,-82,93
-696,-125,530,-76,109
-618,-112,543,-69,127
-553,-96,560,-61,143
-503,-77,577,-53,154
-466,-60,592,-50,157
-433,-47,601,-50,155
-398,-40,604,-52,153
-357,-36,606,-51,154
-314,-32,611,-44,159
-276,-23,620,-32,165
-249,-9,629,-18,168
-235,7,636,-7,165
-233,20,636,-2,157
-236,27,632,-3,148
-240,27,628,-8,143
-241,23,625,-13,144
-240,22,625,-15,152
-238,24,627,-14,161
-240,31,626,-10,169
-244,39,622,-5,171
-251,47,614,-4,168
-258,51,605,-7,163
-266,52,597,-15,158
-272,50,590,-26,155
-278,47,585,-36,153
-283,43,580,-44,153
-289,40,576,-47,153
-295,37,576,-45,155
-301,38,581,-40,160
-306,45,590,-32,168
-307,57,602,-23,177
-302,73,613,-14,186
-292,89,618,-6,192
-280,101,617,2,195
-270,110,610,8,195
-266,114,603,14,192
-269,119,599,17,187
-278,124,601,16,180
-290,129,609,8,171
-304,132,617,-6,162
-318,131,622,-23,154
-330,127,619,-38,147
-337,122,607,-46,142
-335,118,588,-45,137
-321,117,565,-38,129
-300,117,545,-31,119
-279,115,531,-29,109
-265,108,524,-35,102
-260,98,524,-45,103
-260,88,528,-51,111
-256,83,532,-48,122
-241,84,532,-37,130
-221,88,529,-22,131
-203,91,523,-10,123
-202,91,518,-9,111
-219,86,514,-17,97
-251,79,513,-32,86
-285,74,514,-47,79
-310,73,516,-57,76
-324,75,517,-60,74
-329,78,518,-58,73
-332,82,519,-54,73
-334,84,521,-51,75
-331,85,523,-50,79
-320,87,526,-51,84
-299,90,528,-53,87
-276,94,527,-56,85
-259,97,523,-58,79
-255,100,516,-59,71
-264,101,507,-58,63
-280,100,501,-56,59
-295,97,500,-53,61
-303,93,506,-49,68
-305,92,517,-46,77
-301,93,531,-44,85
-289,99,542,-43,90
-271,107,549,-40,92
-248,115,550,-35,93
-228,120,545,-29,93
-220,122,537,-22,93
-232,123,527,-16,92
-261,124,517,-13,89
-295,127,508,-12,84
-321,130,502,-11,78
-327,132,498,-8,75
-314,131,497,-4,75
-291,128,497,-1,78
-272,126,497,-2,81
-266,127,494,-8,80
-277,130,490,-20,72
-298,134,486,-34,60
-321,134,484,-45,46
-337,132,485,-49,36
-342,128,489,-43,33
-336,127,492,-30,37
-321,130,491,-15,44
-303,139,487,-2,50
-288,147,481,5,53
-283,153,479,4,54
-291,152,482,-2,54
-311,148,489,-10,54
-334,145,497,-16,56
-350,146,501,-19,57
-349,153,499,-18,58
-328,163,495,-13,58
-297,172,491,-5,61
-268,178,492,5,69
-253,179,498,14,79
-259,179,505,21,88
-281,178,508,24,93
-309,177,506,21,91
-331,174,499,15,84
-340,168,494,7,78
-336,161,494,1,76
-321,154,501,-1,80
-301,150,514,-1,87
-281,149,526,0,91
-265,151,530,-4,89
-255,152,524,-13,83
-254,149,509,-24,76
-261,143,490,-32,74
-273,136,474,-33,78
-284,132,465,-25,85
-290,133,462,-12,90
-287,136,460,1,89
-277,139,454,9,81
-266,138,443,11,72
-259,133,428,9,67
-261,126,417,6,70
-271,120,413,5,78
-284,119,417,4,86
-294,122,424,2,90
-296,126,427,-1,87
-290,128,422,-6,79
-280,126,410,-10,73
-274,119,397,-13,72
-275,110,390,-13,77
-285,103,390,-13,83
-296,100,396,-13,86
-298,102,404,-15,83
-284,107,410,-17,74
-258,112,413,-18,65
-232,116,416,-15,61
-223,120,420,-8,65
-238,124,429,2,75
-269,132,442,14,88
-297,143,456,24,99
-303,156,470,29,103
-282,165,481,28,99
-248,168,487,18,89
-223,164,488,4,77
-225,153,482,-10,68
-251,140,470,-20,63
-285,129,456,-24,63
-304,123,442,-22,63
-295,121,434,-17,61
-266,121,432,-14,55
-235,123,437,-13,46
-219,124,445,-15,38
-225,127,452,-17,34
-243,129,456,-18,35
-262,129,453,-19,40
-271,127,443,-22,43
-273,122,427,-27,43
-275,116,410,-33,38
-281,111,397,-37,33
-290,111,392,-37,32
-296,114,397,-32,37
-291,117,407,-26,46
-275,116,418,-21,55
-255,108,424,-21,60
-243,97,424,-24,56
-246,88,420,-30,47
-265,84,416,-35,36
-293,89,415,-37,26
-316,97,415,-36,19
-327,105,415,-33,15
-323,107,411,-29,12
-308,103,404,-26,9
-290,94,396,-26,7
-278,84,390,-31,8
-272,75,388,-40,10
-270,69,390,-51,16
-268,67,396,-61,23
-264,70,406,-63,33
-262,78,418,-56,42
-267,91,432,-41,51
-280,105,446,-25,54
-297,116,456,-12,50
-308,121,460,-10,36
-303,119,456,-17,16
-284,113,447,-29,-5
-260,107,438,-40,-19
-244,104,432,-45,-22
-246,105,431,-42,-16
-262,108,434,-33,-4
-278,108,435,-25,4
-283,107,433,-21,4
-273,104,424,-22,-4
-258,103,411,-27,-17
-253,105,397,-33,-26
-266,109,386,-36,-27
-295,113,383,-33,-19
-322,115,388,-26,-6
-330,116,399,-18,8
-308,117,411,-11,17
-264,121,420,-10,20
-216,127,420,-12,17
-185,132,412,-17,11
-184,135,398,-21,7
-212,132,386,-24,5
-254,124,382,-25,5
-292,115,390,-27,7
-311,108,408,-31,9
-305,105,430,-38,12
-279,105,449,-46,15
-245,107,460,-50,19
-218,108,462,-48,22
-209,108,456,-40,22
-221,108,446,-28,18
-247,111,434,-19,9
-274,116,422,-15,-2
-288,122,409,-19,-10
-285,127,397,-27,-13
-266,130,386,-35,-8
-245,130,380,-36,0
-233,129,380,-32,10
-232,129,386,-22,15
-235,131,396,-12,13
-232,137,409,-6,7
-218,145,422,-6,-2
-198,152,431,-10,-8
-187,158,435,-17,-10
-196,159,433,-24,-9
-222,156,426,-30,-7
-253,151,417,-35,-5
-271,145,410,-38,-3
-267,140,409,-37,1
-246,138,415,-33,7
-222,140,427,-24,16
-209,146,438,-14,23
-209,154,445,-7,24
-215,160,441,-7,19
-217,161,426,-13,9
-211,156,404,-23,0
-201,147,380,-29,-2
-194,141,363,-28,4
-192,144,357,-19,14
-192,158,362,-5,22
-186,179,375,6,24
-173,199,388,11,18
-162,210,397,12,10
-163,210,400,10,7
-185,202,399,12,14
-219,195,397,18,29
-248,196,397,25,47
-255,205,400,29,60
-234,218,402,26,61
-197,225,400,15,50
-168,221,392,0,33
-165,206,381,-14,18
-191,186,371,-24,11
-231,170,368,-28,13
-262,162,374,-27,19
-265,162,386,-24,23
-239,167,401,-22,22
-197,171,413,-22,16
-159,173,417,-23,9
-140,173,416,-26,4
-144,171,410,-32,3
-163,168,403,-37,3
-186,164,399,-43,2
-203,160,398,-46,-2
-209,159,399,-44,-6
-202,161,402,-38,-6
-183,167,405,-29,-1
-156,175,408,-21,7
-131,181,411,-17,15
-119,181,414,-19,18
-127,174,416,-27,14
-155,162,418,-35,7
-192,150,419,-40,2
-217,143,421,-38,2
-217,143,424,-29,7
-187,150,430,-19,14
-138,161,438,-10,17
-90,171,446,-7,14
-60,179,452,-7,6
-55,182,453,-11,-1
-66,181,449,-14,-4
-81,178,440,-17,1
-85,173,431,-20,12
-73,170,425,-22,24
-49,169,422,-22,36
-23,174,423,-19,43
-6,184,425,-10,45
-4,196,426,1,45
-19,207,423,10,43
-44,213,419,12,41
-72,211,417,7,41
-90,204,420,-3,43
-92,197,430,-11,47
-78,194,443,-15,50
-54,198,458,-13,53
-36,207,468,-6,54
-35,216,471,0,56
-51,222,468,6,60
-78,222,462,10,67
-100,218,456,14,76
-108,213,451,18,82
-100,211,447,18,81
-85,212,440,10,73
-79,211,432,-7,60
-89,206,423,-31,48
-116,196,418,-54,43
-149,182,420,-68,44
-175,170,428,-69,49
-184,164,442,-57,53
-173,165,456,-39,50
-150,169,466,-22,42
-127,173,471,-11,32
-114,174,470,-6,26
-119,171,466,-4,26
-137,166,462,0,32
-158,164,459,7,40
-169,164,458,13,46
-159,167,458,15,45
-130,168,456,10,38
-93,167,451,0,30
-67,162,441,-10,23
-67,157,428,-14,22
-94,153,412,-10,24
-137,154,396,1,28
-174,158,381,14,27
-190,161,368,21,21
-179,161,357,20,9
-148,157,350,10,-4
-116,152,347,-4,-12
-95,150,348,-15,-14
-91,152,353,-21,-9
-96,159,356,-22,-2
-102,164,354,-20,3
-102,164,345,-19,4
-101,158,331,-19,3
-106,147,317,-19,2
-124,139,307,-17,4
-153,138,304,-13,8
-181,146,307,-7,14
-194,160,311,-1,19
-184,173,313,2,21
-156,183,313,4,22
-119,190,315,7,23
-89,197,322,13,24
-74,206,334,22,25
-74,216,348,32,25
-87,223,358,34,22
-105,219,360,24,14
-123,202,352,3,4
-135,173,338,-25,-8
-138,142,325,-49,-19
-131,119,318,-64,-27
-115,110,317,-65,-33
-97,114,319,-58,-37
-81,125,319,-48,-40
-71,133,315,-41,-43
-67,135,308,-39,-44
-65,133,301,-39,-43
-61,129,297,-38,-39
-56,128,297,-35,-32
-51,132,298,-28,-23
-49,137,297,-20,-12
-51,140,292,-13,-3
-54,140,286,-8,3
-56,137,280,-6,3
-51,135,276,-6,-4
-40,133,273,-9,-17
-27,132,269,-16,-34
-18,130,259,-25,-49
-17,126,245,-33,-59
-27,121,230,-36,-63
-44,118,220,-32,-61
-59,119,219,-23,-56
-66,128,229,-13,-51
-61,141,244,-6,-47
-45,155,259,-2,-44
-25,164,268,-2,-41
-10,168,270,-4,-39
-1,166,264,-4,-37
4,160,255,-2,-35
11,156,248,4,-32
22,155,245,9,-30
34,156,244,15,-28
39,157,244,17,-27
33,157,240,18,-30
19,154,232,16,-36
7,149,223,13,-44
10,144,218,11,-51
33,142,222,12,-52
69,145,232,18,-47
105,151,244,25,-39
126,160,250,33,-33
129,167,246,38,-34
121,171,234,39,-43
113,171,217,35,-57
113,171,204,30,-70
122,171,198,26,-77
132,174,198,25,-76
136,179,202,26,-70
133,184,203,27,-63
124,187,201,27,-59
118,186,195,25,-58
119,181,188,23,-60
127,173,183,23,-62
137,164,182,24,-63
141,156,183,26,-63
138,151,186,27,-65
130,146,188,23,-70
124,140,189,15,-77
128,134,188,4,-86
144,128,188,-6,-94
168,122,190,-11,-96
191,119,195,-11,-91
206,119,206,-5,-80
215,123,221,6,-63
224,129,240,19,-44
246,137,258,32,-26
288,149,273,44,-10
348,163,288,56,6
418,180,303,70,25
489,200,326,89,54
559,222,358,117,95
631,248,400,152,148
714,276,446,188,205
809,305,488,217,255
909,331,516,233,286
993,350,522,231,291
1043,357,505,213,271
1048,352,472,186,234
1011,335,431,156,189
941,311,391,130,146
850,284,358,106,106
740,258,331,84,68
614,235,306,61,28
473,215,279,36,-18
325,198,247,12,-66
185,183,212,-8,-112
64,171,177,-23,-149
-33,163,150,-31,-174
-108,160,134,-34,-184
-166,164,132,-30,-179
-209,175,143,-20,-163
-234,192,164,-3,-136
-232,211,191,19,-103
-199,230,222,45,-66
-140,246,252,73,-25
-66,260,282,102,17
7,271,313,132,61
67,282,345,162,107
109,293,378,191,156
137,302,409,217,202
158,305,433,235,244
183,298,445,243,276
215,277,447,241,298
255,242,440,233,312
296,196,430,223,321
328,143,418,215,329
342,87,404,209,337
335,31,384,206,343
314,-24,355,202,346
286,-80,319,196,347
263,-136,280,186,346
250,-192,246,169,347
247,-248,221,146,348
252,-301,204,117,349
265,-350,193,85,346
285,-391,181,53,336
310,-423,165,24,320
336,-446,146,1,298
354,-460,127,-15,276
354,-467,113,-25,255
338,-469,107,-30,241
315,-465,110,-29,232
300,-455,120,-23,226
306,-438,135,-13,220
332,-415,152,-2,208
363,-385,167,7,185
384,-349,180,8,151
383,-308,187,1,107
366,-262,189,-14,57
350,-213,186,-33,8
351,-163,181,-51,-36
378,-118,173,-66,-73
419,-80,164,-77,-104
454,-51,154,-85,-130
464,-32,142,-92,-153
446,-19,131,-100,-174
412,-8,120,-110,-190
384,5,110,-121,-200
381,23,103,-129,-203
403,43,98,-134,-200
441,64,96,-136,-194
476,82,94,-136,-191
495,94,91,-140,-195
496,100,86,-150,-206
486,101,75,-166,-223
474,101,59,-181,-239
468,103,42,-192,-251
469,109,29,-193,-255
475,118,23,-185,-250
481,127,26,-171,-241
485,133,37,-158,-231
485,133,49,-149,-221
483,128,56,-146,-212
481,121,57,-144,-203
482,115,52,-139,-192
488,113,46,-128,-179
497,113,45,-112,-166
505,115,50,-94,-155
505,116,60,-80,-148
492,114,69,-71,-145
466,111,74,-67,-145
436,109,75,-65,-144
414,107,76,-62,-139
408,108,83,-55,-128
420,109,97,-46,-115
440,110,114,-35,-102
460,111,130,-25,-93
471,110,135,-17,-88
474,109,130,-11,-86
475,107,115,-6,-82
480,106,97,-1,-76
489,104,83,1,-67
498,102,73,2,-60
503,99,68,0,-58
501,95,65,-2,-61
495,91,63,-3,-66
492,89,60,-3,-69
493,88,59,-1,-66
499,90,59,0,-58
503,93,58,0,-49
499,96,56,-1,-45
489,98,52,-3,-47
479,97,47,-6,-52
477,93,44,-10,-58
488,85,46,-14,-59
510,76,52,-17,-56
531,70,62,-19,-52
539,68,72,-19,-49
525,70,80,-18,-49
493,74,86,-16,-54
456,79,89,-16,-59
431,81,91,-18,-62
429,81,94,-19,-60
449,80,98,-17,-56
479,80,100,-12,-51
502,81,100,-5,-50
508,83,96,2,-54
495,82,89,3,-61
476,80,82,0,-67
465,75,80,-6,-66
470,72,84,-10,-58
488,73,96,-10,-43
503,78,115,-4,-28
505,86,136,4,-17
490,95,157,9,-15
471,102,174,9,-20
463,104,184,4,-27
475,101,185,-2,-32
506,96,178,-8,-33
541,90,165,-11,-31
566,86,149,-11,-28
574,85,134,-9,-27
570,84,120,-7,-30
566,82,109,-6,-36
569,76,98,-5,-44
576,67,85,-3,-52
581,57,70,-1,-59
579,49,53,1,-65
569,45,34,4,-68
561,47,17,6,-65
559,53,5,8,-57
563,62,0,8,-46
564,69,4,8,-35
554,72,14,8,-30
532,70,26,8,-31
508,63,35,9,-37
494,54,38,10,-44
501,44,35,10,-46
526,37,31,10,-41
557,31,31,9,-32
583,26,37,7,-22
596,22,49,3,-17
598,16,63,-4,-17
594,11,76,-12,-22
591,6,84,-18,-26
590,5,86,-22,-28
592,7,85,-20,-27
595,11,81,-15,-26
597,16,74,-7,-28
598,19,66,1,-34
596,18,56,6,-41
590,15,47,8,-48
582,12,39,8,-52
573,10,34,7,-52
571,10,30,6,-50
577,11,26,6,-47
589,12,21,7,-44
600,9,18,10,-41
602,5,16,14,-37
591,2,20,18,-34
573,1,29,20,-33
559,4,42,19,-35
559,9,54,15,-38
575,13,62,10,-41
602,14,64,6,-41
628,10,61,4,-37
641,2,54,3,-32
637,-8,46,3,-27
619,-15,38,3,-26
594,-18,30,2,-30
574,-19,22,3,-36
563,-18,16,6,-44
567,-18,12,9,-48
581,-20,11,11,-48
600,-23,13,11,-43
614,-27,16,6,-37
613,-31,20,-2,-32
596,-36,24,-9,-29
567,-41,27,-14,-30
539,-45,30,-14,-32
524,-47,32,-12,-33
528,-47,33,-8,-30
545,-45,30,-5,-26
563,-43,24,-3,-22
568,-41,15,-2,-20
558,-40,6,-2,-19
541,-41,3,-3,-19
529,-43,8,-4,-16
533,-45,22,-8,-11
550,-48,41,-11,-3
571,-49,61,-12,3
583,-50,76,-9,7
582,-49,84,-1,7
573,-45,82,8,5
564,-40,74,15,2
564,-36,60,13,0
570,-35,45,4,-2
577,-39,31,-11,-5
579,-47,22,-23,-7
573,-55,19,-27,-8
565,-59,21,-22,-4
561,-57,26,-9,4
562,-51,27,4,14
565,-44,22,14,25
566,-40,11,18,33
562,-42,-5,18,37
559,-48,-20,15,39
561,-55,-28,12,39
571,-60,-29,8,38
587,-64,-23,0,37
602,-67,-14,-9,33
609,-71,-6,-19,28
610,-79,1,-25,22
608,-89,7,-27,19
610,-100,12,-25,18
616,-107,17,-22,21
624,-112,21,-22,24
628,-116,22,-25,26
627,-122,19,-31,26
626,-131,12,-35,24
631,-142,3,-34,24
647,-152,-5,-29,25
669,-160,-11,-22,29
689,-163,-17,-16,32
694,-162,-21,-15,33
680,-162,-24,-19,31
651,-162,-25,-25,27
619,-164,-21,-31,25
596,-166,-14,-32,28
591,-165,-4,-29,36
601,-160,7,-23,47
617,-153,16,-19,58
629,-146,23,-21,63
630,-142,28,-27,62
623,-141,34,-34,57
617,-142,43,-37,53
621,-142,55,-32,54
635,-140,69,-22,60
649,-138,83,-12,69
649,-137,93,-7,74
627,-140,97,-9,72
590,-144,95,-16,65
559,-150,89,-23,55
554,-154,82,-27,47
584,-157,77,-27,44
637,-159,74,-27,46
686,-162,74,-30,50
708,-167,76,-36,53
693,-173,76,-44,54
656,-179,75,-50,54
622,-185,70,-52,53
612,-189,62,-49,52
628,-193,51,-45,48
657,-199,37,-41,40
678,-207,22,-39,30
676,-217,9,-37,18
653,-226,-1,-35,11
623,-232,-7,-31,12
601,-234,-9,-25,21
594,-234,-8,-19,34
602,-232,-7,-15,46
613,-229,-9,-13,53
621,-226,-13,-16,54
620,-223,-19,-21,50
617,-220,-26,-27,46
618,-219,-33,-31,45
627,-220,-37,-32,49
644,-224,-40,-29,54
663,-229,-41,-25,57
673,-232,-40,-23,56
669,-232,-38,-24,51
651,-228,-37,-29,46
629,-223,-38,-37,43
615,-217,-40,-42,44
618,-212,-44,-43,49
638,-208,-49,-38,54
663,-204,-52,-27,57
681,-201,-53,-14,56
683,-196,-50,0,52
670,-190,-45,11,46
650,-183,-39,19,39
633,-175,-34,23,33
625,-166,-29,22,27
627,-157,-27,18,22
636,-147,-25,14,19
647,-137,-22,11,19
661,-124,-16,11,22
676,-109,-6,16,29
688,-90,9,23,36
693,-69,25,32,41
688,-52,39,39,40
674,-41,47,43,35
657,-38,49,42,26
646,-42,46,37,16
643,-48,42,32,8
650,-50,40,28,4
661,-46,41,28,4
672,-38,44,31,4
680,-30,45,35,2
683,-26,45,35,-3
680,-26,43,32,-10
672,-30,41,25,-16
659,-32,42,17,-19
644,-32,44,14,-17
634,-27,45,16,-12
631,-21,43,21,-7
636,-15,36,26,-4
643,-10,25,28,-4
645,-6,15,27,-7
638,-2,8,25,-11
627,2,6,23,-17
619,7,7,23,-23
622,11,11,23,-32
637,12,15,21,-42
654,11,21,16,-51
663,10,29,9,-58
655,12,39,3,-61
630,16,48,1,-60
601,20,52,2,-59
580,22,48,5,-60
577,20,33,7,-64
590,14,12,5,-71
608,7,-8,0,-76
620,3,-20,-7,-76
617,4,-20,-13,-69
601,11,-12,-18,-60
579,19,-2,-23,-53
560,23,3,-29,-52
546,21,-1,-36,-58
539,14,-10,-44,-68
533,7,-17,-49,-78
528,3,-18,-50,-83
522,4,-11,-47,-84
514,10,-2,-42,-83
506,16,5,-37,-84
500,18,6,-34,-88
497,15,2,-33,-92
501,10,-1,-30,-94
515,8,1,-23,-91
534,11,12,-13,-83
551,22,26,-3,-73
556,37,40,4,-65
544,51,50,6,-61
520,63,54,5,-61
493,70,56,2,-65
473,73,56,1,-70
463,74,53,1,-75
458,72,44,2,-80
452,66,27,-1,-84
446,57,1,-8,-89
443,44,-27,-18,-95
449,31,-52,-29,-100
463,20,-66,-35,-104
477,13,-67,-38,-108
480,11,-59,-38,-112
468,11,-49,-39,-117
447,12,-42,-43,-123
432,10,-41,-51,-130
437,6,-44,-61,-139
460,1,-48,-72,-147
486,-2,-48,-81,-152
497,-4,-44,-88,-153
484,-3,-34,-90,-148
454,-1,-20,-86,-140
426,2,-6,-77,-131
419,6,6,-66,-124
438,9,13,-56,-121
472,11,15,-54,-124
501,11,10,-60,-131
509,8,2,-74,-139
497,3,-9,-89,-147
477,-2,-16,-100,-153
466,-4,-19,-105,-154
473,-2,-16,-105,-153
490,2,-8,-105,-150
502,5,2,-109,-149
495,4,12,-115,-150
468,-1,20,-119,-153
436,-7,28,-117,-154
420,-10,36,-109,-151
431,-6,47,-96,-144
462,4,57,-84,-134
492,18,66,-76,-125
499,29,72,-71,-118
474,32,73,-65,-115
432,27,71,-55,-115
401,19,69,-41,-115
403,12,70,-27,-112
444,13,78,-18,-107
507,19,91,-17,-102
563,29,106,-24,-99
591,36,119,-33,-102
584,37,125,-40,-108
553,33,124,-43,-117
517,27,117,-41,-125
487,24,110,-39,-129
468,26,104,-37,-130
456,32,99,-37,-129
448,38,94,-39,-128
444,41,86,-43,-130
446,39,76,-47,-134
455,34,65,-52,-140
467,29,55,-58,-145
476,26,49,-63,-147
479,26,45,-67,-148
477,27,43,-71,-148
475,28,41,-74,-148
479,28,37,-78,-151
488,28,33,-82,-155
501,27,30,-85,-157
510,25,29,-87,-157
511,20,31,-86,-154
503,12,33,-83,-149
490,1,35,-79,-144
475,-9,36,-74,-142
464,-17,35,-69,-141
457,-21,31,-65,-140
455,-22,24,-63,-139
453,-24,13,-65,-138
448,-28,0,-72,-137
439,-37,-11,-80,-140
427,-47,-17,-86,-147
412,-55,-17,-88,-155
400,-59,-11,-85,-162
394,-58,-3,-78,-163
400,-54,4,-72,-157
420,-50,8,-69,-144
458,-47,10,-69,-129
509,-46,10,-69,-115
565,-45,12,-68,-105
617,-41,16,-62,-96
659,-34,25,-52,-84
693,-21,40,-38,-62
731,-1,64,-19,-27
786,28,98,8,23
867,64,143,42,83
968,104,191,80,141
1075,142,235,114,188
1168,171,264,136,214
1234,188,273,139,216
1269,191,265,126,200
1276,183,244,102,173
1261,170,218,78,142
1220,154,191,60,111
1149,138,161,47,79
1042,119,126,32,42
904,97,86,9,-4
749,70,41,-24,-59
593,39,-3,-63,-116
453,9,-38,-99,-169
333,-18,-61,-123,-212
229,-37,-71,-130,-239
138,-46,-73,-123,-250
58,-45,-71,-106,-245
-4,-36,-69,-87,-230
-39,-22,-67,-71,-209
-40,-5,-63,-61,-186
-11,10,-56,-55,-165
37,21,-45,-53,-147
91,28,-30,-53,-132
142,30,-13,-53,-118
188,29,2,-55,-103
236,26,12,-58,-89
291,20,17,-61,-79
348,13,16,-63,-75
398,4,9,-63,-79
430,-6,-1,-63,-88
438,-14,-11,-62,-99
432,-18,-18,-63,-109
426,-17,-20,-66,-114
433,-13,-17,-69,-115
453,-7,-12,-72,-114
475,-2,-7,-71,-113
485,-1,-6,-66,-114
477,-4,-8,-60,-116
460,-9,-11,-55,-117
448,-14,-13,-51,-115
452,-17,-12,-49,-109
470,-18,-9,-48,-100
486,-18,-5,-47,-90
486,-21,-5,-47,-82
465,-24,-9,-47,-77
437,-26,-16,-48,-75
422,-26,-21,-51,-74
432,-23,-22,-52,-72
459,-17,-17,-53,-68
484,-12,-8,-51,-64
488,-9,-1,-49,-62
466,-12,1,-48,-64
432,-19,-3,-50,-70
408,-29,-12,-53,-77
407,-39,-21,-57,-83
427,-45,-29,-58,-85
453,-46,-34,-55,-82
468,-40,-35,-49,-76
467,-29,-36,-42,-69
456,-17,-36,-36,-64
448,-7,-36,-31,-62
449,-2,-35,-29,-63
455,-4,-33,-28,-64
458,-10,-30,-26,-65
452,-15,-26,-24,-64
440,-15,-22,-22,-62
434,-10,-16,-21,-61
441,-1,-11,-23,-62
458,8,-5,-26,-66
473,14,-1,-29,-70
474,16,1,-33,-74
457,14,0,-34,-75
430,13,-1,-34,-72
410,14,0,-31,-67
410,17,5,-26,-62
432,20,15,-21,-58
463,21,27,-17,-57
487,20,39,-16,-56
492,16,47,-19,-56
479,13,51,-25,-57
456,12,51,-32,-59
435,12,48,-38,-64
425,13,43,-43,-70
423,12,38,-44,-76
423,10,32,-43,-78
420,7,25,-39,-76
413,5,18,-33,-68
409,7,13,-26,-57
415,11,11,-22,-48
434,15,11,-22,-43
460,15,14,-27,-43
482,11,19,-38,-47
489,5,24,-48,-52
474,-2,30,-53,-56
446,-5,35,-47,-55
418,-2,37,-31,-52
404,4,35,-10,-47
412,11,26,8,-41
436,16,14,16,-36
462,17,1,12,-33
476,15,-6,1,-31
471,12,-7,-9,-31
454,12,0,-14,-32
435,15,11,-12,-34
424,23,20,-7,-36
426,31,24,-5,-37
438,36,21,-8,-37
453,36,14,-15,-37
464,31,6,-21,-36
465,23,1,-22,-35
456,17,3,-16,-34
440,15,10,-6,-30
422,20,24,4,-25
405,29,41,10,-17
395,38,57,11,-8
395,45,71,8,-2
403,47,78,2,2
414,45,80,-4,2
422,39,75,-9,1
422,32,67,-13,-1
415,25,61,-14,-2
405,20,58,-11,1
395,18,61,-2,5
388,21,69,9,11
384,29,80,21,17
382,41,91,28,25
383,53,101,30,33
390,61,110,27,40
402,66,117,25,45
416,68,121,24,45
425,69,119,26,40
426,71,110,26,30
422,72,92,22,16
422,69,68,12,2
432,59,42,0,-13
452,44,19,-11,-25
470,25,1,-17,-36
472,6,-14,-17,-43
453,-9,-26,-16,-46
421,-18,-37,-17,-44
393,-23,-47,-23,-38
385,-23,-52,-31,-32
402,-21,-52,-39,-26
431,-17,-47,-45,-24
454,-14,-38,-47,-24
459,-12,-30,-48,-23
444,-13,-27,-48,-21
421,-16,-28,-49,-18
399,-20,-32,-47,-15
385,-24,-36,-41,-16
379,-26,-38,-32,-22
377,-26,-38,-22,-31
381,-26,-38,-16,-40
391,-27,-40,-16,-45
406,-30,-44,-23,-45
417,-33,-48,-34,-43
415,-35,-50,-44,-40
396,-36,-49,-50,-40
367,-36,-44,-50,-41
345,-35,-37,-45,-43
344,-33,-31,-38,-43
367,-30,-28,-31,-39
404,-27,-28,-26,-33
435,-22,-30,-21,-28
450,-18,-32,-16,-24
448,-15,-35,-12,-26
438,-13,-40,-11,-33
428,-11,-47,-14,-42
419,-10,-56,-22,-52
409,-9,-65,-35,-58
395,-8,-70,-48,-60
382,-8,-70,-57,-58
380,-8,-68,-60,-57
398,-10,-64,-57,-59
431,-11,-63,-51,-65
462,-12,-63,-47,-73
473,-11,-63,-46,-81
454,-9,-60,-46,-83
413,-5,-54,-44,-80
369,-2,-46,-39,-72
344,0,-42,-32,-64
345,1,-45,-24,-60
364,0,-55,-20,-60
387,-2,-67,-19,-65
399,-5,-76,-22,-70
396,-10,-79,-26,-73
386,-15,-78,-28,-72
377,-19,-75,-28,-68
375,-22,-75,-28,-65
377,-23,-78,-28,-65
377,-24,-84,-31,-70
369,-26,-89,-36,-79
351,-29,-91,-45,-90
329,-34,-88,-53,-98
311,-39,-81,-60,-100
306,-40,-73,-62,-97
315,-36,-65,-57,-90
332,-27,-59,-48,-83
349,-15,-57,-37,-79
357,-6,-56,-28,-79
353,-3,-56,-25,-83
341,-4,-55,-26,-89
330,-10,-52,-30,-95
329,-16,-49,-32,-97
338,-19,-48,-29,-96
355,-18,-52,-23,-91
370,-13,-64,-18,-84
377,-6,-80,-17,-79
378,-1,-95,-22,-77
378,2,-104,-31,-79
382,1,-105,-39,-84
390,-1,-99,-41,-87
397,-3,-91,-35,-87
395,-2,-85,-23,-82
381,2,-83,-11,-75
360,7,-84,-2,-71
341,12,-84,0,-72
333,16,-81,-4,-78
340,18,-75,-10,-85
356,20,-67,-14,-88
375,21,-61,-15,-86
388,21,-60,-12,-79
391,20,-63,-8,-72
384,19,-70,-4,-70
373,17,-75,-3,-73
365,15,-78,-3,-79
365,16,-75,-4,-82
377,19,-70,-2,-79
400,24,-66,2,-70
427,31,-65,9,-56
446,37,-69,17,-44
449,43,-77,25,-36
433,50,-85,33,-34
406,59,-90,40,-35
381,68,-90,46,-36
368,76,-83,50,-35
370,83,-73,50,-33
381,87,-62,44,-30
389,89,-55,33,-30
387,90,-53,21,-34
377,91,-56,12,-40
367,93,-59,11,-46
368,97,-60,20,-48
385,104,-53,38,-42
409,115,-39,61,-29
428,128,-19,85,-13
430,140,3,106,4
416,150,25,124,21
392,156,47,138,40
373,159,71,153,62
369,161,99,169,91
379,162,132,188,123
390,159,164,205,155
390,149,188,217,182
371,128,200,220,201
341,93,196,214,216
317,46,180,201,230
314,-7,158,187,250
337,-62,138,176,276
376,-113,124,172,306
405,-159,117,172,334
406,-201,112,173,355
373,-243,106,171,370
321,-285,96,161,380
277,-329,79,145,388
263,-376,57,125,396
284,-423,32,106,402
329,-469,7,90,405
374,-510,-17,77,401
398,-545,-38,65,388
395,-572,-56,50,368
371,-592,-73,32,343
342,-605,-91,11,319
322,-614,-106,-8,300
318,-617,-116,-22,290
329,-614,-118,-27,285
348,-605,-110,-25,282
366,-590,-95,-22,271
378,-570,-78,-22,246
379,-544,-66,-30,205
374,-511,-65,-44,152
368,-470,-74,-61,95
367,-420,-88,-77,41
375,-362,-101,-88,-6
389,-301,-108,-97,-47
404,-243,-107,-107,-88
412,-196,-102,-122,-130
411,-161,-96,-143,-173
405,-138,-93,-168,-209
402,-124,-93,-192,-233
408,-113,-91,-210,-245
423,-103,-87,-220,-247
441,-95,-79,-222,-248
452,-88,-69,-217,-254
452,-81,-60,-207,-264
442,-73,-53,-195,-277
427,-62,-49,-182,-285
418,-48,-46,-172,-288
419,-33,-44,-166,-285
430,-21,-44,-166,-281
447,-16,-49,-171,-282
462,-18,-59,-180,-286
471,-23,-72,-188,-291
472,-28,-82,-191,-293
470,-30,-85,-188,-286
469,-27,-79,-176,-272
472,-22,-65,-159,-253
482,-17,-46,-140,-233
494,-14,-29,-121,-214
503,-12,-15,-106,-198
504,-8,-5,-93,-185
495,-4,2,-83,-173
478,1,8,-76,-162
458,1,13,-71,-152
445,-3,17,-69,-144
442,-14,19,-69,-137
451,-26,21,-70,-130
467,-35,23,-69,-123
484,-36,28,-63,-115
499,-26,34,-51,-105
508,-9,42,-36,-96
511,9,48,-23,-87
510,24,49,-16,-79
507,31,46,-15,-73
504,31,40,-20,-68
503,26,35,-26,-64
501,22,33,-29,-61
495,22,36,-26,-58
484,26,44,-19,-55
469,33,52,-11,-52
455,39,60,-5,-48
448,42,65,-4,-43
455,43,70,-6,-38
476,42,76,-10,-31
501,41,82,-13,-25
516,44,87,-13,-19
509,49,90,-10,-15
480,54,90,-6,-13
438,60,89,-2,-13
400,64,86,1,-13
380,66,82,2,-12
377,65,77,2,-11
382,62,68,-1,-11
379,55,56,-7,-13
361,43,43,-15,-19
336,29,33,-25,-27
322,14,27,-35,-36
331,3,27,-41,-43
363,-3,28,-44,-47
403,-4,30,-42,-48
427,-4,29,-38,-48
421,-6,26,-35,-48
387,-11,23,-35,-49
344,-18,22,-39,-50
314,-26,22,-42,-52
310,-29,23,-42,-53
328,-26,23,-37,-54
352,-19,23,-30,-57
366,-14,22,-24,-61
366,-13,25,-23,-65
357,-18,29,-28,-68
348,-28,36,-36,-68
347,-37,42,-43,-65
353,-40,46,-44,-61
361,-36,49,-37,-56
366,-26,51,-27,-52
371,-15,56,-16,-49
378,-6,63,-8,-48
390,-1,72,-5,-47
406,1,81,-2,-46
418,4,87,0,-44
422,9,87,4,-39
416,15,81,7,-34
407,19,70,9,-28
399,21,55,9,-24
394,19,41,7,-23
389,15,32,6,-24
378,14,29,7,-27
361,16,31,7,-29
344,20,36,5,-33
335,22,40,-2,-37
342,18,40,-12,-44
362,9,36,-20,-52
385,-3,29,-22,-61
403,-12,24,-16,-68
408,-16,23,-5,-72
403,-15,29,6,-73
395,-11,40,11,-71
389,-9,51,8,-68
386,-11,58,0,-65
385,-15,57,-9,-63
383,-20,48,-14,-59
381,-22,34,-14,-55
382,-20,22,-9,-50
389,-16,17,-3,-44
398,-13,24,2,-39
403,-11,40,4,-34
396,-12,60,5,-30
381,-16,77,4,-28
366,-22,87,4,-26
362,-28,88,4,-23
374,-34,82,4,-18
396,-39,74,4,-11
414,-41,64,3,-4
415,-41,52,3,3
396,-41,38,3,6
366,-41,22,5,7
338,-42,6,9,7
323,-43,-6,15,10
321,-42,-12,22,16
328,-40,-13,29,24
337,-37,-13,34,32
344,-34,-16,38,35
348,-33,-22,39,32
353,-35,-30,37,23
357,-41,-39,33,13
357,-49,-46,27,3
352,-58,-52,18,-3
345,-66,-57,10,-6
342,-69,-62,5,-5
348,-68,-63,4,-2
361,-61,-59,7,2
376,-51,-47,12,7
383,-41,-31,16,12
381,-35,-14,18,16
372,-33,-2,18,19
368,-32,3,18,22
379,-32,0,20,23
405,-32,-5,22,23
438,-32,-8,23,21
463,-36,-7,19,16
468,-45,-5,9,10
449,-59,-5,-4,2
414,-74,-10,-18,-6
379,-87,-20,-28,-12
356,-94,-32,-33,-16
351,-96,-43,-33,-16
359,-95,-48,-31,-14
368,-93,-49,-28,-11
366,-90,-46,-23,-6
352,-88,-43,-18,-1
330,-85,-40,-11,3
311,-82,-40,-4,8
306,-80,-38,2,13
321,-78,-33,9,22
352,-76,-22,16,35
393,-73,-4,25,53
436,-66,16,37,74
474,-58,34,49,96
506,-49,45,61,117
537,-43,51,71,139
571,-40,55,81,164
619,-36,64,95,197
688,-28,82,118,240
781,-13,111,149,289
892,8,145,185,338
1005,31,173,216,377
1100,49,189,235,397
1161,58,187,237,396
1184,55,170,223,375
1171,42,141,197,341
1132,23,107,165,300
1073,0,69,133,258
994,-25,29,102,217
892,-51,-13,72,176
764,-79,-56,44,133
619,-109,-95,17,89
468,-138,-125,-7,45
327,-166,-145,-27,5
203,-188,-156,-42,-29
99,-206,-160,-53,-52
9,-217,-159,-59,-63
-64,-224,-157,-59,-63
-117,-225,-151,-54,-52
-140,-222,-143,-43,-34
-131,-216,-132,-29,-12
-96,-207,-119,-15,13
-48,-200,-106,-5,36
0,-195,-91,1,55
45,-195,-77,4,70
93,-198,-64,7,81
151,-201,-51,13,89
221,-200,-41,24,98
292,-193,-34,38,108
345,-182,-31,50,119
369,-169,-31,59,129
363,-159,-33,61,137
342,-155,-35,58,139
327,-156,-36,53,139
328,-160,-36,50,139
344,-163,-34,50,141
360,-164,-30,53,147
364,-164,-27,56,154
353,-164,-25,56,160
338,-165,-24,54,162
333,-168,-22,49,160
347,-171,-17,43,155
374,-173,-9,37,148
398,-173,3,34,143
405,-172,14,32,140
389,-172,21,29,139
361,-173,21,26,139
338,-175,17,22,138
336,-177,10,18,136
355,-176,5,16,133
383,-173,3,17,129
403,-168,3,20,126
403,-163,5,25,124
389,-162,5,29,122
372,-163,3,31,121
368,-166,-3,31,117
380,-169,-12,29,111
401,-172,-23,26,103
414,-172,-35,23,94
408,-171,-45,20,88
387,-169,-53,16,86
364,-166,-56,14,87
355,-162,-56,13,90
364,-157,-54,16,92
384,-151,-52,20,92
398,-146,-51,26,89
395,-141,-52,29,86
376,-139,-52,29,82
353,-137,-52,26,78
341,-135,-49,22,74
344,-130,-44,20,70
352,-121,-35,22,68
352,-110,-25,27,67
338,-97,-15,34,67
317,-87,-5,39,68
306,-79,2,43,68
319,-74,5,44,67
356,-68,5,44,66
400,-61,3,45,65
426,-53,2,47,65
419,-46,4,49,65
382,-42,9,50,64
334,-40,15,50,60
300,-39,22,49,54
294,-35,29,48,48
311,-27,35,48,43
336,-18,40,48,40
351,-11,46,46,38
347,-9,51,43,36
328,-12,56,40,33
306,-15,60,39,32
290,-13,63,42,34
282,-3,62,47,38
279,11,56,52,43
278,23,44,53,44
281,27,27,47,38
289,20,9,39,25
302,8,-3,31,10
314,-2,-5,29,-2
317,-2,6,35,-6
307,12,26,48,-1
286,36,48,62,9
264,63,66,74,21
254,85,76,79,30
259,97,81,79,34
275,101,84,77,37
288,100,88,74,38
285,98,95,72,40
264,98,99,73,41
233,99,97,73,39
207,98,86,72,34
200,94,68,68,26
214,84,49,62,17
242,72,33,54,10
270,60,22,47,6
286,52,14,43,5
288,50,6,42,6
280,52,-5,43,6
269,57,-18,46,5
260,60,-31,47,3
250,60,-38,45,1
239,59,-37,39,-1
225,58,-30,29,-1
213,60,-23,19,1
206,64,-20,12,3
207,70,-22,10,7
211,73,-28,13,9
213,74,-33,22,11
208,74,-33,33,12
201,75,-26,45,12
201,80,-17,53,11
213,87,-8,56,9
233,92,-3,53,4
252,93,-3,45,-3
258,87,-5,34,-13
249,76,-4,23,-21
233,67,1,15,-25
227,64,12,12,-24
238,70,25,14,-18
264,83,38,18,-11
287,95,45,20,-7
293,102,46,20,-8
276,100,42,17,-14
244,91,34,14,-24
214,80,25,13,-32
197,72,17,18,-37
199,69,9,28,-38
213,71,1,40,-35
230,74,-4,49,-30
241,76,-8,53,-24
243,74,-10,52,-19
237,68,-9,47,-16
224,63,-9,42,-13
206,60,-9,40,-13
186,60,-11,42,-14
171,61,-13,46,-17
166,61,-16,51,-19
172,60,-16,54,-21
184,58,-14,55,-20
194,58,-11,54,-17
197,61,-8,52,-14
190,67,-8,51,-13
176,74,-10,52,-14
164,78,-14,54,-17
159,78,-18,54,-21
165,75,-23,51,-23
181,73,-29,43,-22
202,74,-34,31,-18
221,78,-40,19,-13
230,84,-44,13,-7
224,87,-47,14,-2
203,86,-48,22,1
174,82,-50,31,1
148,75,-53,37,-2
135,70,-55,38,-8
139,67,-54,34,-15
154,68,-47,32,-19
166,71,-34,34,-20
166,77,-17,42,-17
152,84,1,50,-11
132,91,14,56,-5
119,99,21,56,-2
123,103,23,50,-5
138,104,22,41,-12
154,100,22,32,-21
156,94,22,25,-29
140,89,23,19,-33
116,85,23,14,-34
98,83,23,11,-33
100,83,26,9,-31
123,83,32,10,-31
154,81,39,14,-32
174,79,46,19,-33
174,77,51,26,-31
155,76,51,33,-27
131,79,49,41,-20
116,84,47,49,-15
118,91,46,54,-12
131,97,46,55,-14
145,101,44,50,-18
150,100,39,41,-22
144,96,31,32,-22
134,90,24,27,-18
126,87,21,29,-11
121,87,22,36,-4
113,92,28,46,0
97,103,37,54,2
73,117,46,60,3
49,133,53,65,6
37,146,56,69,12
43,155,56,71,21
61,159,54,73,29
82,158,53,72,34
94,155,55,69,34
97,153,62,67,31
96,156,70,66,25
96,161,77,68,20
99,167,78,69,15
99,168,71,68,12
87,162,59,61,7
63,147,46,48,0
34,129,36,32,-11
16,111,31,18,-23
19,100,29,9,-34
44,95,27,7,-41
79,95,22,9,-43
110,96,14,12,-40
129,94,4,16,-35
136,90,-4,18,-31
136,85,-9,19,-30
138,81,-10,21,-33
140,80,-9,23,-39
138,80,-9,24,-43
127,79,-10,24,-46
109,75,-12,23,-45
91,71,-13,24,-40
80,67,-13,26,-34
81,68,-13,30,-28
89,71,-13,35,-23
96,76,-18,38,-19
95,79,-30,37,-20
85,77,-47,34,-23
71,70,-66,30,-30
61,63,-82,26,-37
61,58,-87,24,-43
70,58,-79,23,-46
84,62,-59,21,-46
95,66,-32,17,-45
98,69,-7,12,-45
95,67,12,5,-46
89,64,22,1,-49
86,63,27,0,-50
89,65,29,3,-49
96,71,32,9,-45
105,77,38,16,-40
111,82,44,23,-35
112,83,51,29,-32
110,81,56,32,-31
109,77,61,36,-31
111,73,66,40,-32
116,70,69,46,-33
120,68,71,54,-34
117,67,73,62,-36
108,68,77,68,-35
95,73,84,69,-33
86,80,95,66,-27
85,87,107,58,-20
95,93,113,48,-16
109,95,111,39,-16
122,92,99,33,-20
130,86,81,31,-27
132,79,64,33,-35
133,75,53,39,-39
135,72,48,45,-41
136,69,46,50,-41
134,65,41,52,-39
125,61,31,50,-37
111,57,18,48,-35
97,58,9,47,-31
90,64,7,50,-26
91,73,11,56,-20
98,80,16,62,-17
103,81,14,64,-18
101,77,3,61,-22
90,69,-13,55,-27
77,64,-27,47,-29
70,64,-31,43,-26
74,70,-26,42,-19
88,77,-16,44,-11
106,81,-10,45,-4
120,82,-12,44,1
126,80,-18,43,3
123,80,-23,42,7
116,84,-23,45,13
107,91,-17,50,19
97,99,-12,54,24
88,102,-11,56,23
77,100,-17,54,16
70,95,-24,51,7
69,90,-27,48,-2
78,87,-23,46,-8
96,85,-14,45,-11
116,81,-7,45,-13
130,74,-7,44,-17
132,65,-17,44,-19
123,57,-30,45,-20
109,56,-40,49,-16
99,62,-42,51,-10
95,71,-38,48,-4
95,76,-31,37,-3
96,71,-27,21,-9
96,58,-27,5,-18
98,43,-30,-6,-25
108,33,-31,-6,-25
128,36,-25,5,-19
155,50,-14,23,-9
179,68,0,41,0
191,83,11,54,4
189,90,16,58,3
177,89,14,54,-2
163,83,10,47,-7
153,79,5,40,-9
147,77,5,35,-10
141,78,8,33,-10
132,76,13,32,-11
120,73,19,29,-13
105,67,26,24,-14
91,64,33,18,-14
78,65,43,12,-11
70,71,58,10,-6
71,80,74,14,1
85,87,88,22,7
112,91,97,32,13
143,92,99,40,19
163,92,96,45,26
162,94,92,46,33
142,98,90,47,39
114,102,90,48,42
97,104,91,50,42
102,105,91,53,39
126,104,90,55,35
153,105,89,57,34
166,110,92,60,37
157,119,100,65,43
130,128,109,71,48
96,135,114,76,49
69,135,111,77,42
53,129,100,72,27
46,119,83,61,9
45,108,68,48,-7
42,101,59,38,-18
37,99,58,33,-22
29,99,62,33,-21
18,100,66,36,-18
7,97,66,38,-17
-1,90,63,36,-21
0,80,56,30,-29
13,70,50,23,-37
35,62,44,16,-42
57,58,40,11,-45
68,56,36,8,-44
60,55,33,7,-42
35,53,33,5,-41
5,49,34,3,-43
-15,44,38,-1,-48
-16,38,42,-4,-55
-1,33,45,-7,-61
17,27,44,-11,-65
23,20,40,-14,-66
10,11,33,-18,-66
-16,0,25,-23,-65
-39,-10,15,-29,-64
-46,-18,6,-37,-65
-32,-21,0,-44,-66
-7,-20,-3,-50,-66
14,-16,-1,-51,-64
19,-11,3,-47,-58
7,-7,8,-38,-50
-14,-4,10,-27,-41
-28,-2,9,-17,-35
-24,-2,6,-11,-33
-1,-3,4,-9,-35
34,-7,1,-11,-38
65,-12,-2,-13,-42
81,-17,-8,-13,-45
72,-21,-18,-10,-46
41,-20,-27,-6,-47
3,-15,-34,-5,-49
-25,-10,-35,-8,-51
-28,-5,-30,-15,-54
-4,-3,-25,-21,-58
36,-3,-24,-23,-61
70,-3,-29,-17,-64
79,1,-40,-7,-65
58,7,-50,3,-65
19,14,-54,6,-65
-15,21,-51,-2,-66
-29,26,-43,-18,-67
-22,29,-33,-36,-67
-6,32,-25,-46,-67
0,37,-19,-46,-64
-12,44,-14,-37,-58
-32,50,-7,-25,-52
-45,53,1,-16,-46
-38,52,7,-12,-43
-10,48,10,-11,-43
25,46,9,-8,-45
49,47,5,-2,-47
53,53,0,8,-48
41,61,-5,17,-47
26,70,-8,21,-44
20,75,-11,18,-41
26,77,-13,9,-38
39,77,-16,-2,-37
50,74,-17,-10,-39
54,70,-16,-14,-41
55,68,-14,-15,-44
54,66,-11,-14,-45
54,66,-9,-10,-44
51,69,-10,-2,-40
40,73,-13,8,-34
20,77,-15,20,-28
-4,82,-13,29,-24
-22,84,-5,31,-23
-27,86,5,27,-24
-20,86,14,19,-27
-9,88,19,11,-29
-4,89,17,7,-30
-13,90,10,7,-30
-32,88,1,6,-27
-53,84,-5,2,-23
-66,78,-5,-7,-19
-63,71,0,-18,-15
-46,66,5,-27,-12
-20,62,6,-32,-12
6,58,4,-33,-15
23,54,-1,-32,-18
26,51,-6,-31,-22
12,50,-6,-32,-25
-12,51,-3,-34,-27
-39,52,3,-37,-29
-58,52,6,-39,-32
-62,49,5,-39,-35
-53,44,0,-39,-38
-39,38,-8,-40,-41
-29,32,-16,-43,-41
-27,28,-20,-46,-38
-31,28,-20,-47,-33
-31,33,-13,-43,-23
-22,42,1,-32,-9
2,58,20,-14,9
36,79,42,8,30
76,102,64,30,53
120,125,83,51,78
167,146,101,73,107
219,166,119,98,144
279,189,141,129,191
349,215,169,165,246
431,245,199,200,301
524,272,224,227,344
624,289,238,238,366
717,290,234,230,360
787,275,213,206,333
817,250,181,174,290
800,223,145,141,243
740,201,111,112,195
650,184,80,89,148
542,169,50,68,99
424,152,18,45,46
295,129,-17,18,-10
151,103,-52,-11,-65
-6,80,-81,-40,-113
-165,64,-102,-62,-149
-307,57,-111,-75,-171
-414,59,-110,-76,-178
-477,66,-100,-67,-173
-498,75,-82,-51,-158
-488,87,-60,-33,-136
-464,102,-33,-13,-109
-436,122,-7,8,-79
-410,145,17,32,-46
-381,165,36,58,-10
-340,179,50,84,26
-283,182,61,107,60
-212,177,72,125,91
-138,167,85,135,115
-79,156,98,140,136
-47,145,109,142,157
-46,131,115,144,183
-65,110,115,147,217
-88,78,113,150,258
-100,37,111,153,302
-96,-11,113,155,343
-80,-57,117,159,376
-62,-99,120,163,399
-45,-135,119,169,416
-32,-170,111,172,427
-22,-207,97,171,436
-15,-250,78,163,443
-17,-298,57,147,448
-30,-350,35,125,448
-55,-400,12,99,442
-85,-446,-14,69,429
-109,-488,-40,37,409
-120,-526,-66,5,385
-119,-560,-90,-28,359
-110,-588,-109,-57,336
-99,-606,-123,-78,320
-90,-613,-132,-88,311
-81,-609,-136,-88,306
-70,-596,-136,-82,299
-55,-579,-135,-78,284
-42,-562,-135,-81,254
-36,-545,-138,-94,212
-41,-523,-145,-117,162
-56,-493,-157,-144,108
-72,-451,-172,-172,55
-81,-401,-191,-197,3
-77,-345,-209,-221,-50
-59,-291,-224,-243,-105
-33,-243,-234,-262,-158
-9,-202,-237,-276,-206
4,-166,-233,-282,-243
4,-135,-227,-281,-265
-5,-109,-223,-274,-274
-13,-89,-223,-268,-273
-12,-78,-229,-263,-267
1,-72,-237,-259,-259
21,-69,-241,-253,-250
37,-63,-237,-244,-241
43,-51,-222,-233,-234
39,-35,-200,-223,-232
31,-17,-178,-218,-236
27,-2,-163,-219,-243
32,9,-159,-220,-250
40,16,-166,-217,-252
45,22,-177,-208,-247
43,27,-186,-192,-235
33,33,-190,-175,-219
22,39,-188,-162,-201
13,44,-184,-153,-184
5,48,-181,-149,-169
-6,51,-178,-145,-158
-20,56,-173,-139,-151
-32,62,-163,-132,-146
-35,68,-147,-123,-139
-21,73,-125,-112,-126
5,76,-102,-95,-104
30,79,-82,-72,-77
39,83,-68,-43,-51
26,85,-61,-14,-32
-2,86,-61,6,-24
-26,84,-65,13,-25
-30,79,-72,8,-27
-12,73,-80,-4,-24
18,69,-87,-13,-14
40,69,-92,-15,-3
42,72,-95,-12,3
24,74,-96,-7,0
2,74,-94,-6,-10
-9,72,-91,-10,-22
-3,71,-85,-16,-29
13,74,-75,-20,-26
23,82,-65,-19,-17
15,93,-55,-12,-6
-12,102,-47,-4,5
-45,105,-42,3,12
-67,102,-37,9,17
-66,98,-32,13,20
-44,96,-24,18,22
-15,100,-14,23,23
5,108,-4,29,22
8,118,6,35,23
-4,126,14,40,27
-21,133,22,44,35
-32,138,28,47,44
-33,142,30,47,49
-25,142,26,43,45
-14,136,13,33,32
-5,121,-5,19,14
1,100,-24,3,-2
8,80,-38,-9,-9
14,66,-44,-15,-8
18,61,-43,-14,-1
15,64,-40,-8,6
6,68,-43,0,8
-9,71,-53,7,8
-22,70,-68,13,7
-27,69,-82,15,10
-24,69,-90,16,16
-17,70,-90,14,22
-15,71,-84,12,24
-23,70,-77,8,18
-40,65,-74,3,8
-57,60,-77,-3,-2
-67,56,-82,-9,-6
-64,58,-86,-14,0
-48,63,-84,-16,13
-26,69,-74,-14,29
-4,75,-61,-7,41
13,78,-50,2,47
26,80,-47,9,48
34,81,-54,12,47
34,81,-70,11,46
24,78,-87,9,48
5,72,-100,10,51
-19,63,-104,17,53
-38,55,-99,28,52
-40,52,-89,38,50
-22,55,-78,41,48
11,65,-70,35,49
46,76,-64,21,54
68,85,-59,8,60
70,88,-55,1,66
53,84,-51,3,70
27,76,-51,12,71
6,66,-56,24,70
-2,57,-67,30,67
4,51,-81,29,64
21,46,-97,20,60
40,44,-113,8,54
56,42,-128,-4,45
66,41,-143,-11,33
72,41,-157,-12,20
70,40,-167,-8,11
62,38,-171,-1,8
47,35,-166,6,11
30,32,-153,11,20
16,31,-135,14,30
13,32,-115,18,39
21,35,-99,23,44
34,41,-88,30,45
40,48,-84,39,45
31,54,-86,45,46
9,59,-92,46,49
-16,61,-99,40,55
-31,61,-106,29,62
-26,60,-109,17,70
-6,58,-108,10,77
19,56,-103,8,84
33,55,-95,12,91
29,55,-85,19,95
13,57,-77,24,96
-5,59,-71,26,90
-15,60,-68,24,79
-15,57,-69,20,64
-12,50,-71,15,53
-11,40,-71,12,49
-16,30,-67,12,53
-23,25,-59,14,63
-26,26,-48,18,73
-19,30,-38,21,77
-4,33,-35,22,73
11,32,-39,19,63
21,24,-50,14,53
23,11,-62,7,47
19,-1,-71,2,48
12,-7,-71,2,54
8,-6,-64,7,60
5,1,-51,16,64
5,10,-38,26,62
7,16,-28,33,57
11,18,-23,34,51
15,13,-25,29,46
15,6,-31,22,43
10,-2,-40,17,43
-2,-8,-47,15,46
-19,-9,-51,16,52
-31,-7,-51,18,59
-34,-3,-46,18,65
-23,1,-40,15,68
-6,1,-36,10,68
9,-4,-34,8,66
11,-12,-35,10,65
-3,-22,-38,19,68
-28,-30,-43,31,75
-49,-34,-48,42,85
-54,-32,-52,50,95
-36,-27,-54,52,101
-2,-19,-52,49,104
30,-10,-46,45,104
43,-1,-37,41,105
27,6,-29,39,106
-12,9,-27,41,110
-54,9,-30,44,116
-79,6,-38,49,120
-72,1,-43,54,124
-38,-3,-43,58,125
6,-5,-37,60,123
35,-7,-28,58,121
38,-12,-21,53,116
18,-21,-23,44,110
-7,-34,-33,35,104
-18,-49,-47,28,100
-7,-61,-60,25,100
19,-66,-66,25,104
42,-65,-65,27,113
48,-60,-64,28,121
37,-55,-69,25,127
22,-54,-84,18,127
17,-60,-111,8,122
29,-69,-142,-2,116
52,-78,-169,-7,113
69,-86,-182,-7,113
69,-92,-179,-1,117
49,-97,-162,6,120
22,-102,-140,13,121
2,-107,-120,17,117
-2,-111,-107,20,112
10,-114,-104,23,108
26,-116,-108,27,109
38,-117,-117,32,114
43,-118,-127,34,121
43,-122,-134,31,128
46,-127,-136,23,133
54,-133,-131,13,136
63,-136,-119,6,140
70,-137,-106,6,145
69,-135,-95,11,152
61,-134,-92,18,158
53,-133,-95,22,162
49,-135,-102,21,162
51,-137,-108,16,160
58,-139,-108,12,158
66,-139,-104,10,157
68,-140,-98,11,158
63,-142,-96,12,159
54,-145,-98,9,159
46,-150,-100,1,156
45,-155,-99,-10,150
54,-159,-90,-19,144
70,-161,-75,-24,141
86,-162,-59,-21,141
93,-163,-48,-12,144
85,-165,-46,0,147
67,-167,-52,8,147
45,-171,-63,10,144
29,-176,-74,5,139
26,-181,-81,-4,134
36,-187,-86,-15,131
52,-191,-90,-20,132
67,-194,-93,-20,136
76,-192,-94,-14,142
77,-185,-92,-6,148
74,-174,-83,-1,153
73,-161,-67,0,156
75,-148,-49,-2,157
82,-138,-33,-2,157
89,-132,-25,2,157
95,-129,-26,10,157
99,-128,-35,19,157
103,-127,-46,23,158
108,-126,-55,19,158
115,-123,-60,7,156
122,-120,-61,-9,151
124,-117,-58,-23,144
121,-115,-51,-30,138
114,-112,-41,-27,134
110,-105,-28,-17,132
113,-93,-12,-3,132
125,-79,5,10,129
137,-66,18,18,124
144,-56,26,21,117
141,-53,30,20,109
131,-53,30,17,104
122,-53,30,16,101
122,-52,32,17,99
131,-48,34,19,96
143,-45,37,23,92
150,-44,42,29,88
147,-45,48,35,85
141,-48,53,43,85
144,-47,56,52,87
163,-43,52,59,87
197,-38,40,62,84
232,-34,21,61,77
252,-34,1,56,67
248,-39,-14,50,58
222,-43,-17,45,52
190,-40,-8,44,50
171,-29,9,49,51
175,-12,26,56,52
201,5,38,66,49
234,16,42,75,44
257,20,41,84,36
258,17,38,92,29
238,14,38,98,25
208,15,40,101,23
180,19,42,100,20
163,22,44,92,14
156,23,44,76,4
153,19,44,56,-9
148,13,45,34,-19
138,9,49,17,-24
128,12,54,7,-22
124,21,57,7,-17
130,33,56,13,-12
140,42,50,21,-13
145,47,40,27,-18
135,46,29,29,-24
108,45,21,30,-27
72,47,15,31,-25
43,54,12,34,-22
36,64,9,35,-20
56,72,3,32,-21
97,76,-5,23,-23
138,75,-16,10,-23
163,69,-30,-3,-21
161,64,-43,-10,-18
137,59,-54,-10,-20
104,55,-61,-6,-30
78,50,-64,-4,-48
68,42,-64,-7,-68
68,32,-63,-14,-82
69,23,-63,-22,-86
63,18,-66,-25,-80
49,17,-70,-23,-70
34,19,-76,-19,-63
26,20,-78,-18,-61
30,19,-76,-22,-63
43,15,-67,-30,-63
60,12,-52,-38,-58
77,12,-35,-40,-47
92,17,-20,-34,-34
103,25,-10,-24,-27
104,32,-9,-16,-29
90,33,-16,-15,-39
56,29,-29,-22,-53
7,20,-44,-34,-64
-40,11,-55,-44,-68
-64,5,-60,-49,-64
-56,4,-58,-47,-56
-17,7,-53,-41,-47
34,11,-47,-36,-43
73,14,-44,-32,-43
90,16,-44,-31,-45
86,17,-45,-31,-47
77,18,-45,-32,-47
76,19,-41,-31,-49
88,18,-35,-31,-53
106,15,-30,-33,-60
115,12,-28,-35,-68
110,9,-29,-39,-72
93,9,-30,-40,-69
79,14,-26,-38,-59
80,24,-15,-32,-46
99,35,2,-23,-35
125,45,17,-13,-31
143,52,27,-6,-35
138,54,28,-1,-44
108,52,23,0,-52
66,48,17,-3,-57
30,45,14,-7,-59
14,43,16,-14,-59
25,43,19,-21,-61
52,42,19,-28,-65
81,39,13,-36,-70
97,34,3,-43,-73
93,28,-7,-49,-75
73,22,-13,-53,-73
47,19,-15,-53,-68
25,21,-12,-50,-60
15,26,-8,-42,-52
15,34,-4,-32,-45
20,40,0,-20,-41
26,44,4,-11,-42
31,45,9,-6,-48
38,42,15,-7,-56
50,35,19,-11,-63
67,26,20,-18,-66
83,16,19,-24,-64
92,7,18,-28,-60
91,3,19,-28,-56
81,6,22,-26,-58
67,13,24,-22,-65
59,22,22,-20,-74
59,27,14,-20,-81
68,25,2,-22,-84
81,18,-7,-26,-82
93,10,-8,-30,-78
102,8,2,-33,-74
108,12,19,-34,-73
112,22,36,-35,-74
115,31,44,-34,-75
115,35,40,-33,-73
111,32,27,-30,-65
105,23,13,-24,-54
104,14,3,-14,-42
111,9,1,-2,-35
126,10,2,7,-35
141,14,2,10,-42
149,19,0,6,-53
144,24,-5,-4,-63
129,28,-7,-14,-72
113,31,-6,-23,-78
104,30,-4,-28,-85
103,24,-5,-31,-93
106,11,-15,-34,-105
103,-6,-33,-37,-117
88,-24,-56,-39,-125
66,-37,-76,-39,-129
45,-41,-89,-37,-128
39,-39,-98,-33,-126
52,-35,-106,-32,-124
81,-36,-116,-33,-124
116,-41,-129,-33,-121
149,-48,-136,-30,-111
176,-48,-131,-19,-94
202,-36,-110,-1,-67
233,-11,-74,22,-36
277,24,-31,45,-2
335,62,12,69,35
406,99,53,98,77
487,133,91,134,124
578,167,129,178,175
677,201,167,223,222
780,233,200,258,256
877,256,222,273,270
950,265,228,264,262
985,258,219,236,236
972,237,198,198,201
913,209,173,163,163
821,181,146,135,124
710,153,120,114,82
593,125,91,93,33
473,94,55,68,-26
348,59,11,36,-89
215,23,-37,0,-148
74,-9,-82,-32,-196
-66,-32,-115,-56,-226
-192,-44,-133,-69,-238
-292,-47,-135,-73,-237
-360,-47,-126,-73,-230
-398,-49,-111,-72,-220
-408,-52,-97,-72,-211
-395,-56,-83,-70,-202
-360,-55,-68,-66,-191
-308,-47,-51,-57,-178
-243,-34,-34,-46,-164
-174,-22,-20,-37,-151
-108,-14,-14,-33,-141
-52,-14,-18,-36,-133
-5,-18,-27,-43,-127
33,-23,-35,-49,-121
62,-21,-36,-51,-112
78,-12,-29,-45,-101
79,2,-17,-34,-92
66,14,-7,-21,-85
48,20,-4,-12,-82
40,19,-11,-10,-81
51,14,-23,-14,-82
82,10,-34,-19,-82
120,12,-41,-22,-83
149,18,-42,-20,-82
159,27,-40,-12,-83
151,34,-38,-3,-83
136,35,-37,4,-84
125,33,-37,5,-84
123,27,-36,1,-85
124,21,-34,-9,-89
120,15,-30,-21,-94
108,9,-28,-32,-102
92,5,-27,-42,-110
83,3,-28,-49,-115
88,4,-28,-51,-114
106,9,-25,-47,-106
126,15,-18,-40,-93
138,21,-10,-30,-79
139,23,-2,-20,-66
132,23,3,-12,-57
125,19,4,-8,-52
125,16,3,-9,-52
131,13,2,-14,-55
135,11,3,-22,-57
134,9,4,-31,-59
124,5,5,-39,-60
110,0,2,-44,-61
97,-6,-2,-43,-62
93,-11,-7,-39,-65
98,-14,-11,-34,-71
112,-17,-11,-33,-79
132,-20,-9,-39,-89
154,-26,-6,-51,-97
173,-32,-2,-65,-101
187,-39,2,-74,-100
191,-41,6,-74,-96
185,-39,9,-64,-90
174,-32,10,-49,-86
163,-24,8,-36,-85
156,-19,4,-29,-88
153,-19,0,-28,-93
152,-24,-2,-31,-97
149,-31,0,-33,-95
145,-37,8,-32,-88
143,-37,18,-27,-78
147,-33,27,-23,-69
157,-25,31,-21,-64
164,-18,28,-23,-66
159,-17,19,-28,-73
139,-23,7,-33,-81
105,-35,-6,-37,-86
73,-48,-17,-40,-85
57,-57,-26,-43,-78
67,-57,-32,-47,-69
99,-48,-33,-50,-60
142,-32,-29,-53,-54
181,-15,-21,-55,-52
202,-2,-12,-56,-53
203,4,-4,-56,-54
187,2,1,-57,-56
160,-4,1,-57,-57
134,-10,0,-56,-58
116,-14,1,-53,-57
112,-14,6,-49,-56
123,-11,15,-44,-54
140,-7,26,-42,-52
153,-5,34,-42,-49
153,-5,39,-45,-46
138,-4,42,-46,-41
115,-1,45,-44,-35
98,6,49,-37,-27
96,17,56,-28,-19
110,32,61,-17,-14
130,46,61,-9,-10
142,56,56,-3,-8
139,62,46,0,-5
122,62,35,1,0
102,59,26,0,4
90,53,20,-3,5
92,46,14,-8,-1
104,38,7,-13,-12
119,27,-2,-19,-25
129,15,-9,-24,-36
132,2,-12,-27,-41
132,-10,-9,-28,-40
135,-18,0,-29,-39
142,-21,9,-32,-41
152,-21,14,-36,-47
158,-18,11,-43,-58
157,-15,4,-49,-66
148,-11,-4,-52,-69
134,-6,-8,-47,-65
123,0,-8,-36,-54
117,6,-5,-20,-43
117,10,-3,-5,-35
121,11,-3,3,-33
121,6,-6,1,-38
115,-4,-6,-12,-45
104,-16,-2,-29,-53
96,-26,6,-44,-59
96,-32,16,-50,-63
106,-34,22,-47,-66
122,-33,22,-37,-69
135,-31,18,-24,-73
138,-30,14,-14,-75
128,-28,15,-6,-75
116,-24,24,-2,-69
110,-16,37,2,-60
118,-7,50,6,-49
138,2,59,8,-39
159,6,60,7,-33
172,5,58,3,-31
174,0,55,-5,-31
171,-6,55,-12,-32
171,-11,57,-18,-32
176,-14,60,-22,-32
183,-16,60,-25,-31
180,-19,59,-27,-31
161,-23,59,-29,-32
131,-26,60,-30,-33
101,-29,65,-29,-36
85,-30,71,-28,-39
87,-30,74,-27,-43
102,-30,71,-26,-47
119,-31,64,-26,-49
130,-30,54,-24,-48
134,-27,45,-19,-44
137,-22,39,-11,-39
144,-16,32,-4,-33
152,-12,23,1,-29
154,-11,9,2,-25
146,-11,-9,-2,-22
129,-10,-23,-6,-18
114,-8,-28,-6,-12
111,-1,-20,-1,-6
123,6,-3,9,-2
146,12,16,18,-3
167,13,27,22,-10
177,9,25,17,-22
172,0,10,7,-36
158,-11,-11,-6,-46
143,-21,-29,-17,-49
131,-30,-37,-23,-44
126,-35,-31,-25,-35
126,-38,-18,-25,-28
128,-39,-3,-26,-27
129,-38,7,-28,-34
126,-37,8,-31,-45
116,-37,4,-34,-53
101,-39,-3,-37,-55
85,-41,-9,-41,-49
77,-45,-12,-46,-40
83,-47,-14,-52,-34
102,-48,-15,-57,-36
129,-49,-18,-59,-45
152,-50,-23,-57,-56
163,-52,-28,-52,-63
160,-55,-33,-45,-66
148,-58,-35,-40,-63
135,-60,-35,-36,-61
127,-58,-35,-34,-62
128,-53,-35,-33,-66
132,-48,-36,-35,-72
134,-45,-41,-38,-74
126,-46,-48,-45,-71
109,-53,-55,-54,-65
89,-63,-62,-65,-59
75,-73,-67,-74,-57
75,-81,-70,-80,-62
91,-84,-70,-82,-70
116,-81,-67,-79,-75
135,-73,-60,-72,-71
139,-61,-47,-61,-56
125,-46,-29,-46,-34
104,-29,-8,-30,-13
88,-12,11,-15,0
87,4,25,-3,0
101,16,30,2,-10
118,23,25,1,-25
128,26,14,-4,-37
126,25,0,-9,-41
118,22,-13,-14,-40
112,19,-25,-17,-40
116,13,-36,-23,-47
126,4,-48,-34,-62
135,-10,-59,-50,-81
136,-26,-67,-67,-96
128,-41,-69,-80,-103
117,-49,-65,-80,-100
112,-47,-56,-69,-94
115,-38,-47,-51,-91
122,-28,-42,-35,-96
125,-23,-44,-28,-105
120,-26,-50,-32,-113
110,-36,-57,-43,-115
103,-46,-61,-54,-107
105,-50,-62,-57,-95
115,-46,-60,-51,-83
125,-37,-60,-39,-79
127,-30,-66,-29,-82
118,-29,-77,-23,-89
103,-36,-90,-23,-93
91,-47,-100,-26,-93
91,-56,-103,-27,-90
104,-60,-99,-25,-88
121,-58,-90,-22,-91
132,-54,-79,-20,-99
129,-51,-69,-22,-109
117,-52,-63,-30,-117
106,-57,-60,-39,-122
108,-63,-58,-48,-126
123,-66,-60,-52,-130
144,-65,-65,-51,-133
159,-60,-71,-46,-133
160,-52,-77,-41,-127
149,-43,-79,-38,-117
136,-37,-74,-36,-104
134,-32,-62,-36,-95
144,-30,-45,-35,-91
161,-27,-27,-29,-93
172,-23,-12,-21,-95
169,-18,-2,-12,-95
156,-14,0,-7,-92
144,-14,-3,-8,-90
140,-18,-12,-16,-92
148,-28,-22,-29,-96
158,-40,-29,-41,-101
161,-49,-32,-48,-101
150,-54,-30,-48,-95
131,-52,-26,-44,-85
114,-44,-21,-37,-76
108,-34,-16,-30,-71
111,-24,-13,-26,-72
116,-15,-7,-24,-76
114,-10,1,-23,-78
105,-7,10,-22,-76
94,-8,18,-21,-67
91,-10,23,-20,-55
103,-14,25,-18,-45
127,-16,26,-15,-40
151,-15,25,-13,-42
167,-13,23,-13,-49
170,-12,19,-17,-59
163,-12,13,-22,-66
153,-14,8,-28,-68
148,-16,7,-30,-65
148,-15,13,-29,-58
150,-13,24,-24,-51
150,-9,38,-20,-47
144,-8,46,-18,-46
131,-11,47,-18,-47
113,-16,39,-20,-48
96,-20,28,-22,-49
85,-20,17,-20,-50
84,-12,10,-17,-52
96,0,9,-11,-56
121,15,13,-3,-60
152,29,24,8,-59
183,44,41,23,-51
205,60,65,42,-34
215,79,94,64,-9
213,100,126,84,18
204,119,155,99,43
193,133,179,110,62
181,140,198,119,78
168,138,214,129,94
151,133,229,144,115
131,125,245,162,141
112,116,261,181,171
101,105,274,197,201
102,87,282,205,227
110,62,283,206,249
119,27,277,202,269
123,-14,266,196,292
118,-59,255,190,319
112,-105,248,187,349
114,-149,247,185,380
127,-189,250,182,405
148,-227,252,177,421
163,-266,247,167,428
161,-307,232,150,427
140,-352,208,126,423
110,-401,180,100,418
88,-449,151,74,412
88,-490,126,51,404
112,-522,106,32,394
148,-543,87,16,379
179,-554,69,3,362
191,-560,52,-9,344
187,-565,36,-18,327
175,-568,24,-24,313
169,-570,16,-25,301
172,-567,10,-26,289
180,-558,3,-29,273
186,-542,-8,-38,250
184,-518,-23,-54,214
177,-487,-40,-78,165
171,-450,-58,-108,103
173,-409,-73,-139,33
179,-365,-87,-170,-38
181,-322,-100,-196,-104
175,-282,-113,-217,-158
160,-247,-128,-232,-199
145,-216,-144,-242,-226
141,-187,-159,-248,-245
151,-161,-170,-252,-257
170,-137,-176,-252,-266
185,-118,-176,-251,-272
189,-103,-169,-246,-276
179,-94,-162,-240,-277
163,-89,-158,-234,-278
152,-86,-161,-230,-278
150,-83,-170,-229,-280
153,-77,-178,-229,-282
154,-69,-181,-230,-284
149,-60,-173,-228,-283
140,-52,-157,-223,-281
133,-47,-138,-215,-275
135,-45,-126,-205,-268
143,-44,-126,-194,-260
149,-45,-135,-182,-251
142,-46,-150,-171,-241
122,-49,-161,-160,-230
93,-53,-162,-148,-218
69,-57,-153,-136,-204
62,-58,-137,-124,-188
73,-55,-120,-111,-172
95,-48,-107,-100,-156
111,-40,-102,-90,-142
111,-34,-101,-82,-130
95,-33,-102,-76,-118
73,-37,-101,-72,-106
60,-43,-98,-66,-92
65,-47,-93,-58,-81
86,-48,-90,-49,-72
110,-45,-88,-38,-67
123,-40,-88,-27,-65
119,-35,-88,-15,-62
106,-30,-85,-3,-57
97,-25,-81,8,-51
105,-19,-78,17,-46
129,-13,-78,24,-45
157,-7,-83,29,-47
171,-2,-86,35,-50
160,2,-83,42,-48
128,8,-70,49,-39
89,15,-50,51,-27
60,23,-30,46,-15
51,30,-17,35,-9
59,34,-14,22,-11
73,35,-20,12,-18
85,31,-28,8,-24
88,26,-34,12,-27
84,21,-38,17,-26
77,16,-42,21,-22
72,12,-49,22,-18
71,9,-59,21,-18
75,6,-68,22,-20
83,5,-73,27,-24
90,5,-73,33,-28
91,5,-69,37,-31
83,6,-67,39,-31
66,6,-67,37,-28
48,5,-71,34,-22
36,4,-73,33,-15
39,2,-73,34,-10
56,-2,-70,33,-10
80,-10,-68,29,-17
101,-22,-69,19,-28
115,-35,-71,7,-39
123,-46,-71,-4,-46
129,-52,-66,-12,-49
139,-51,-55,-15,-49
150,-45,-41,-15,-49
155,-38,-32,-14,-51
149,-33,-29,-13,-53
133,-32,-32,-11,-52
115,-34,-35,-6,-45
103,-36,-33,2,-34
103,-35,-25,10,-22
111,-33,-15,17,-13
119,-29,-6,21,-9
121,-26,-4,22,-9
117,-23,-7,23,-8
113,-20,-9,23,-2
117,-15,-6,22,8
131,-10,3,21,21
150,-3,16,19,34
163,3,28,18,44
161,9,37,21,53
142,17,42,26,61
113,26,45,33,70
85,36,49,38,74
70,44,53,38,71
72,46,55,31,59
85,40,49,21,38
99,27,35,11,15
106,10,14,3,-4
104,-7,-10,0,-15
98,-21,-32,0,-17
94,-31,-47,-2,-14
94,-40,-53,-7,-9
95,-49,-50,-13,-5
94,-58,-41,-18,-4
93,-67,-28,-19,-5
97,-73,-16,-15,-9
115,-73,-10,-7,-14
148,-70,-10,1,-20
187,-67,-17,7,-23
215,-65,-27,9,-20
220,-67,-33,10,-9
204,-69,-30,13,11
182,-67,-17,21,34
176,-58,5,33,55
199,-44,31,49,72
249,-29,56,66,85
316,-16,80,85,102
390,-5,106,108,130
468,6,138,137,173
559,24,178,174,230
668,52,224,212,290
789,85,266,246,339
901,114,294,265,370
978,131,301,267,377
1004,129,286,253,364
981,113,256,231,337
925,90,220,208,302
855,69,187,190,262
781,54,159,173,217
698,42,136,155,167
595,25,111,130,115
465,-2,81,97,64
312,-38,44,58,16
150,-76,4,19,-24
-4,-109,-32,-13,-57
-135,-130,-59,-32,-79
-238,-138,-74,-38,-89
-309,-136,-77,-31,-87
-348,-130,-70,-17,-74
-357,-124,-57,-2,-54
-340,-118,-43,10,-35
-305,-113,-31,15,-21
-262,-107,-23,17,-10
-220,-103,-17,17,1
-180,-100,-10,21,17
-135,-100,0,29,38
-80,-100,16,41,61
-13,-100,36,51,80
61,-98,54,57,90
126,-94,66,56,89
169,-91,68,49,81
186,-90,60,40,71
179,-94,46,31,63
163,-101,33,25,60
149,-110,29,24,61
146,-115,34,28,66
152,-114,47,35,73
161,-108,61,44,80
168,-100,72,53,86
170,-94,75,57,88
168,-93,70,58,85
164,-98,60,53,82
160,-108,49,46,80
157,-118,40,39,82
156,-127,36,33,89
159,-131,38,29,98
166,-131,47,28,104
178,-127,60,29,106
192,-120,72,31,104
202,-113,80,35,98
206,-108,79,41,94
204,-106,72,46,92
198,-109,59,49,93
190,-116,45,49,97
182,-125,35,46,104
170,-134,29,41,114
154,-139,29,37,125
138,-139,30,36,134
130,-136,30,39,138
138,-131,27,44,136
164,-129,20,48,127
202,-132,10,51,118
235,-138,0,53,113
250,-145,-7,56,116
241,-147,-8,64,126
213,-142,-2,77,141
181,-129,9,92,154
160,-112,22,103,164
156,-97,34,106,169
167,-89,46,102,173
182,-90,57,93,178
191,-97,70,86,184
189,-104,84,82,190
183,-108,95,82,191
181,-107,101,83,186
191,-105,98,80,177
210,-106,86,73,166
229,-115,69,64,158
236,-131,50,56,156
223,-150,33,52,158
195,-166,21,53,164
166,-175,14,56,170
152,-176,11,58,174
160,-171,11,58,176
186,-165,14,55,176
214,-163,17,50,172
228,-163,18,46,167
219,-167,18,43,161
192,-173,15,40,154
161,-179,12,37,149
142,-185,11,34,145
142,-192,11,31,143
158,-199,11,31,141
180,-204,9,33,138
195,-206,2,37,136
197,-207,-8,41,134
188,-207,-19,42,133
177,-210,-26,38,135
171,-215,-27,31,138
174,-222,-21,23,142
182,-228,-13,20,145
191,-230,-6,21,148
195,-227,-3,26,149
193,-222,-6,31,146
190,-219,-12,31,141
191,-221,-18,26,134
199,-228,-20,18,129
211,-237,-18,12,127
218,-243,-9,11,131
211,-242,4,17,139
188,-233,21,27,150
158,-218,37,39,158
135,-203,50,50,161
132,-190,58,60,159
151,-181,59,69,155
182,-175,55,78,151
204,-171,49,85,149
203,-166,45,88,149
177,-162,44,87,147
141,-158,47,82,143
114,-156,53,77,138
112,-153,60,74,131
133,-148,67,73,125
163,-140,72,74,120
184,-130,73,72,116
185,-122,70,66,111
170,-118,63,55,106
150,-120,53,45,103
141,-123,43,41,105
151,-124,38,45,110
176,-118,38,56,115
206,-105,42,69,118
229,-89,47,77,113
238,-75,50,77,103
234,-66,51,71,91
221,-60,49,64,84
208,-54,50,61,83
199,-46,53,65,88
195,-36,57,72,93
193,-27,60,78,94
187,-23,56,75,89
176,-27,46,61,80
165,-36,33,41,70
161,-47,22,21,63
172,-53,19,10,60
196,-51,23,12,59
223,-41,34,26,57
241,-27,46,45,54
240,-14,53,61,51
223,-6,55,68,49
204,-2,53,67,50
194,-2,52,62,54
198,-1,54,57,59
210,3,60,55,62
215,10,70,55,62
205,20,80,56,61
183,30,90,56,58
162,37,98,58,56
159,42,105,61,54
181,44,108,68,52
218,46,107,75,48
254,48,101,78,41
271,50,90,77,33
263,51,77,72,26
235,49,65,65,23
198,47,58,61,23
166,46,57,61,27
147,50,60,64,31
142,58,64,68,33
147,70,67,72,34
156,83,71,74,35
162,92,77,77,36
163,98,87,79,38
160,101,100,82,39
153,105,114,83,40
146,109,125,81,38
141,115,131,75,35
138,118,130,68,31
136,115,122,62,26
135,106,111,57,19
134,91,96,52,9
134,74,80,47,-6
134,58,63,41,-22
132,47,48,35,-37
126,41,38,31,-45
120,39,34,32,-45
116,42,37,38,-38
118,48,45,44,-28
127,54,53,48,-20
136,58,59,47,-16
141,59,64,42,-15
140,56,68,35,-16
137,51,72,31,-17
139,46,76,31,-18
151,44,76,33,-20
169,45,70,34,-25
182,45,61,31,-30
182,44,50,25,-35
164,41,44,18,-37
139,37,45,14,-36
120,35,53,17,-33
115,35,63,24,-31
124,38,69,33,-30
138,40,68,40,-30
147,41,61,40,-32
144,40,53,36,-34
135,36,50,29,-36
127,33,54,21,-40
130,33,64,14,-45
142,35,75,8,-49
156,39,86,2,-52
163,43,95,-2,-50
156,45,103,-5,-43
138,47,113,-5,-35
114,49,124,-3,-28
93,50,132,1,-27
81,51,132,5,-33
78,49,121,8,-43
81,47,102,10,-52
86,45,81,14,-55
90,46,66,20,-53
92,51,61,29,-48
94,59,64,38,-43
96,67,69,44,-41
96,73,70,45,-41
94,73,63,41,-43
90,67,50,32,-42
87,59,39,22,-38
91,51,34,13,-34
103,48,37,8,-30
121,50,47,7,-29
135,56,57,11,-30
140,62,61,17,-31
132,65,57,24,-30
117,64,47,29,-27
105,61,34,31,-22
102,58,24,30,-17
107,56,18,26,-15
113,55,17,19,-19
114,54,18,13,-26
111,53,20,9,-37
110,51,18,10,-47
118,51,14,16,-53
135,54,7,25,-53
154,60,3,34,-45
163,67,3,42,-32
156,73,9,47,-15
138,78,22,50,1
122,83,38,53,15
122,89,53,59,24
139,98,64,65,27
165,109,69,69,24
183,116,68,66,15
184,117,62,57,3
167,110,54,43,-10
142,99,46,30,-20
124,88,40,22,-24
123,84,37,20,-20
139,88,38,23,-12
165,98,42,25,-4
191,110,49,24,1
207,119,56,18,0
208,122,61,12,-3
193,118,64,7,-7
168,110,64,8,-8
138,101,62,12,-9
113,93,60,16,-10
97,86,56,18,-16
92,83,52,15,-25
95,82,45,8,-37
102,82,36,0,-48
108,81,27,-6,-54
115,78,19,-6,-54
120,75,16,-1,-50
126,75,19,9,-42
130,80,29,23,-31
127,91,44,38,-20
117,109,60,53,-9
99,126,74,63,-1
82,138,83,69,4
71,140,85,70,5
72,133,81,68,5
86,121,73,64,5
106,112,63,60,8
127,107,53,56,12
141,108,44,50,13
148,109,34,41,10
146,107,24,31,0
138,98,15,20,-12
127,85,7,11,-23
115,72,2,7,-29
103,63,3,7,-30
95,62,7,9,-26
92,66,15,10,-22
99,72,21,11,-20
115,77,25,10,-21
138,79,26,10,-21
161,77,25,11,-20
177,74,26,16,-17
180,70,30,21,-12
171,68,36,26,-9
160,67,42,28,-11
155,66,44,27,-17
162,66,42,24,-25
176,64,37,20,-31
187,60,33,15,-33
187,54,32,12,-30
176,50,36,10,-23
165,49,42,11,-17
168,54,46,15,-17
193,63,46,19,-23
233,75,42,22,-36
269,83,33,22,-50
283,84,24,20,-60
270,80,15,17,-63
241,73,6,15,-60
217,66,-1,14,-54
216,64,-6,14,-50
238,66,-11,13,-49
268,72,-13,11,-50
285,77,-15,8,-50
278,80,-15,5,-47
249,80,-16,5,-40
212,78,-19,7,-30
187,74,-24,11,-22
181,70,-31,13,-18
189,67,-39,13,-16
201,66,-45,10,-14
206,68,-47,7,-12
204,73,-46,5,-8
202,80,-42,5,-7
208,86,-38,7,-9
224,90,-34,8,-16
244,91,-33,9,-25
253,89,-33,8,-34
242,85,-33,6,-38
212,81,-31,4,-34
175,78,-24,3,-25
149,77,-16,2,-13
146,78,-9,3,-3
164,80,-5,4,4
191,84,-4,6,4
209,88,-5,7,-1
203,90,-5,4,-9
176,89,-3,-1,-18
138,85,4,-8,-23
108,79,11,-12,-22
96,76,18,-12,-17
104,76,21,-8,-9
122,81,23,-1,-3
138,88,22,3,-1
145,94,21,2,-6
142,95,20,-7,-13
134,91,17,-20,-21
125,84,10,-34,-26
117,78,-1,-44,-28
108,74,-13,-47,-28
95,72,-24,-43,-29
83,72,-31,-35,-32
75,70,-34,-28,-36
76,66,-35,-23,-41
83,60,-37,-22,-46
87,54,-40,-24,-50
82,50,-44,-25,-54
63,52,-47,-22,-60
37,58,-47,-16,-67
16,67,-43,-8,-71
10,75,-38,-1,-73
20,81,-35,5,-70
38,82,-34,9,-64
54,82,-34,11,-55
59,83,-33,14,-47
55,88,-31,16,-40
51,95,-26,17,-37
54,102,-22,15,-39
67,103,-22,10,-45
84,98,-27,3,-55
96,87,-38,-2,-65
97,76,-50,-3,-71
90,70,-59,1,-72
82,72,-64,10,-67
78,81,-62,19,-57
80,92,-55,25,-47
83,102,-44,25,-40
81,109,-31,21,-36
71,114,-15,16,-34
58,118,0,13,-32
46,123,15,14,-28
44,127,27,19,-22
50,131,36,24,-15
65,135,44,26,-9
83,139,50,23,-5
100,143,56,16,-5
113,143,59,6,-8
118,138,54,-4,-16
111,126,38,-12,-27
92,106,13,-18,-39
65,83,-17,-23,-51
39,62,-43,-29,-59
24,48,-59,-35,-63
26,42,-64,-41,-65
45,43,-60,-44,-65
71,46,-54,-42,-66
95,52,-51,-32,-66
111,60,-54,-18,-65
120,68,-60,-3,-62
126,77,-69,8,-58
131,84,-78,12,-56
132,84,-85,7,-57
120,78,-92,-2,-61
93,67,-98,-12,-66
54,57,-100,-19,-67
18,51,-99,-22,-63
1,52,-94,-22,-56
12,57,-86,-23,-50
48,61,-79,-26,-49
90,60,-75,-32,-54
118,53,-76,-37,-64
121,45,-76,-40,-72
105,39,-72,-39,-74
85,38,-60,-32,-67
78,45,-40,-22,-55
88,56,-17,-11,-45
106,66,3,-2,-41
113,73,14,4,-43
98,74,16,7,-48
61,71,14,7,-51
17,67,11,7,-49
-12,64,9,9,-45
-16,64,7,12,-43
7,67,0,14,-47
42,71,-11,14,-56
73,75,-24,13,-66
92,79,-33,10,-70
98,82,-32,9,-65
97,85,-21,9,-55
98,86,-7,10,-47
100,84,1,8,-47
98,77,-2,1,-57
86,67,-18,-11,-73
62,56,-38,-27,-89
32,45,-54,-40,-98
3,40,-59,-48,-100
-14,40,-54,-48,-98
-16,44,-42,-43,-96
-6,51,-30,-34,-95
13,56,-20,-25,-93
35,61,-9,-16,-84
60,65,3,-8,-64
89,70,20,1,-38
123,78,37,11,-12
162,88,51,21,7
205,99,60,31,19
251,110,66,42,30
302,122,75,58,53
364,137,96,82,96
443,156,131,115,159
540,182,176,153,228
652,209,220,187,285
765,233,249,209,315
862,247,256,213,311
926,247,239,202,281
944,233,206,179,237
914,210,166,149,192
841,182,127,115,151
736,154,91,80,113
612,126,56,43,72
480,99,20,9,25
347,73,-17,-19,-26
212,50,-52,-38,-77
75,30,-82,-50,-120
-63,14,-100,-58,-155
-194,2,-107,-66,-179
-306,-8,-102,-76,-194
-386,-16,-88,-83,-198
-423,-19,-68,-82,-191
-420,-14,-47,-68,-175
-386,0,-28,-45,-152
-339,19,-14,-20,-129
-294,39,-7,-3,-111
-258,52,-4,3,-97
-227,55,-1,-1,-88
-194,49,6,-6,-77
-150,40,20,-7,-64
-92,36,37,-1,-47
-30,40,55,9,-31
24,53,66,19,-18
58,70,69,26,-11
67,85,66,28,-7
58,94,61,28,-3
40,96,60,29,3
27,95,65,30,10
27,95,75,29,17
40,98,82,25,17
61,101,81,18,9
80,100,69,8,-6
92,92,48,0,-25
93,76,25,-7,-39
84,55,10,-12,-46
69,37,4,-17,-45
53,26,8,-21,-41
39,24,15,-26,-38
31,28,20,-31,-42
30,33,22,-34,-52
31,35,21,-36,-64
34,34,23,-37,-72
35,33,32,-38,-72
35,35,45,-38,-66
37,41,57,-37,-57
44,46,62,-37,-50
56,46,57,-37,-49
73,39,41,-38,-52
90,25,21,-42,-58
103,9,4,-47,-63
111,-2,-6,-51,-66
111,-7,-7,-54,-67
101,-6,-3,-52,-67
81,-1,2,-47,-67
52,2,7,-40,-67
23,2,11,-34,-67
5,0,17,-30,-66
6,-3,24,-27,-65
28,-4,33,-25,-66
60,-4,39,-25,-69
85,-2,39,-25,-74
89,-1,32,-26,-78
71,1,20,-28,-79
42,4,8,-30,-74
20,8,2,-29,-66
17,13,2,-27,-58
31,18,6,-24,-55
51,20,9,-22,-57
62,20,7,-21,-62
59,16,2,-21,-68
48,13,-3,-21,-69
43,15,-4,-18,-65
52,21,-1,-12,-60
74,31,3,-7,-57
96,40,2,-5,-59
104,43,-7,-7,-64
91,40,-22,-11,-70
62,34,-36,-14,-71
29,29,-42,-12,-67
5,31,-39,-6,-61
-5,37,-28,0,-57
-1,43,-18,2,-58
9,43,-13,-1,-62
18,36,-15,-8,-66
21,25,-20,-14,-64
22,17,-21,-14,-57
26,16,-19,-10,-48
40,22,-13,-5,-43
61,29,-10,-3,-46
82,30,-13,-7,-54
89,23,-20,-14,-62
74,12,-25,-20,-63
39,4,-21,-21,-55
-4,5,-6,-19,-42
-38,14,18,-16,-29
-51,26,44,-16,-23
-43,35,62,-18,-26
-24,38,70,-22,-33
-10,39,69,-23,-40
-5,40,67,-20,-44
-7,43,68,-15,-42
-6,49,75,-10,-37
2,52,84,-7,-34
12,49,89,-6,-33
14,42,86,-5,-36
1,35,75,-3,-40
-22,32,60,1,-45
-39,35,47,4,-49
-38,40,39,3,-52
-19,44,37,-3,-55
4,40,38,-12,-56
9,31,40,-19,-55
-12,20,42,-23,-53
-49,14,43,-22,-51
-77,15,46,-19,-48
-76,23,52,-16,-48
-43,32,59,-16,-49
3,37,66,-16,-50
36,35,73,-15,-47
39,31,79,-11,-40
18,29,84,-4,-28
-8,34,91,4,-14
-17,46,98,8,-4
-7,59,105,7,0
13,68,108,0,-4
25,68,108,-8,-11
22,62,107,-13,-17
7,57,109,-9,-14
-5,58,114,3,-3
-3,68,123,20,12
14,83,132,36,24
35,97,136,43,28
48,104,130,40,23
43,104,116,31,13
22,101,99,21,6
-9,100,85,18,8
-40,107,81,26,21
-66,121,86,44,41
-82,139,99,67,62
-85,157,114,88,78
-75,171,126,103,87
-52,180,133,112,91
-19,186,135,116,94
13,188,133,116,97
35,188,130,117,104
39,186,128,120,115
23,181,128,128,131
-6,173,131,142,153
-38,165,137,160,177
-60,154,145,180,201
-68,139,149,195,221
-61,118,145,201,235
-48,88,133,198,245
-37,50,114,189,257
-36,7,94,180,272
-47,-39,78,176,291
-66,-84,68,178,313
-85,-128,62,181,331
-101,-171,55,177,343
-111,-216,43,162,349
-119,-262,25,138,353
-126,-309,3,110,359
-132,-355,-21,86,367
-130,-400,-44,69,375
-117,-442,-65,57,376
-93,-482,-87,45,364
-67,-518,-111,27,341
-53,-550,-135,4,310
-62,-573,-155,-21,282
-91,-586,-166,-40,262
-127,-589,-167,-47,255
-151,-584,-159,-42,255
-147,-574,-148,-30,257
-116,-562,-141,-18,252
-73,-547,-141,-12,236
-36,-526,-147,-16,209
-21,-495,-155,-26,176
-28,-456,-160,-38,139
-46,-409,-158,-48,100
-61,-359,-152,-55,61
-61,-311,-146,-61,20
-43,-267,-144,-71,-22
-13,-227,-149,-86,-64
20,-189,-158,-105,-103
48,-154,-165,-125,-136
66,-122,-166,-140,-160
69,-94,-160,-147,-175
62,-71,-150,-145,-183
49,-53,-142,-138,-186
36,-38,-138,-131,-187
29,-23,-139,-129,-190
28,-9,-144,-134,-197
29,4,-149,-145,-208
27,13,-152,-159,-219
17,18,-153,-172,-228
1,18,-154,-180,-232
-15,17,-154,-180,-229
-26,18,-152,-171,-221
-29,23,-145,-153,-210
-28,33,-132,-130,-199
-27,46,-114,-107,-191
-26,56,-95,-88,-186
-22,61,-82,-79,-183
-9,57,-78,-81,-183
14,46,-83,-91,-185
41,31,-93,-104,-185
58,16,-101,-113,-183
53,5,-103,-116,-176
23,-2,-95,-109,-162
-21,-3,-78,-96,-141
-61,0,-58,-80,-119
-80,6,-40,-63,-97
-73,12,-28,-46,-82
-49,18,-21,-31,-71
-28,22,-19,-15,-63
-23,25,-17,-2,-53
-37,28,-13,9,-41
-59,30,-8,16,-29
-72,32,-5,18,-20
-65,33,-5,18,-17
-42,35,-9,18,-21
-17,37,-14,21,-27
-7,41,-16,28,-29
-19,47,-11,35,-24
-43,55,-1,40,-14
-64,62,9,41,-3
-66,65,15,38,3
-46,63,12,34,3
-14,57,3,31,0
14,52,-7,32,0
25,49,-13,35,4
18,52,-14,39,9
4,58,-11,39,12
-7,64,-10,36,7
-10,65,-14,32,-3
-5,62,-24,30,-12
-1,56,-36,32,-14
-3,53,-43,39,-4
-8,55,-44,48,13
-12,64,-38,57,30
-9,76,-31,63,40
0,87,-29,65,41
11,93,-36,65,37
20,95,-50,65,36
27,95,-65,66,40
34,96,-77,67,48
42,97,-83,68,55
50,96,-83,65,55
51,90,-83,58,46
40,76,-87,48,30
20,58,-95,37,14
1,39,-105,29,2
-7,25,-113,24,-4
-1,20,-116,24,-5
10,20,-113,27,-5
16,23,-107,29,-3
7,25,-101,29,0
-11,23,-97,27,4
-27,19,-93,22,8
-29,15,-88,16,10
-15,14,-82,12,8
5,13,-71,11,3
17,14,-58,13,-2
14,14,-42,18,-4
2,14,-25,24,0
-6,16,-9,28,7
0,20,3,30,12
17,25,10,28,13
36,30,11,26,8
48,33,8,25,0
50,34,3,28,-8
47,33,-1,32,-12
48,31,-3,36,-13
55,28,-5,38,-12
63,26,-7,37,-10
66,24,-9,35,-6
62,23,-11,36,-2
57,24,-11,39,3
62,26,-8,44,6
77,28,-5,46,8
96,27,-1,45,8
105,24,3,41,6
98,19,10,36,6
74,16,20,33,7
44,16,32,33,9
23,18,43,34,11
18,22,50,34,14
26,23,53,31,16
43,22,51,28,17
62,19,50,26,17
82,16,51,27,15
102,15,54,30,11
119,14,55,34,9
125,14,53,35,10
115,14,48,34,16
88,15,43,34,25
53,19,40,36,36
26,24,41,40,44
19,28,43,45,48
34,28,42,48,48
61,22,37,47,48
84,13,29,44,49
91,4,21,42,53
80,-1,16,43,58
63,0,15,49,63
53,5,13,55,64
62,9,9,60,59
89,9,-2,61,51
122,3,-18,57,41
146,-7,-38,50,33
152,-18,-57,43,28
142,-28,-73,37,26
126,-35,-86,33,28
118,-39,-95,29,31
124,-41,-102,27,34
143,-42,-107,27,36
164,-40,-107,29,38
173,-38,-103,34,39
164,-33,-97,41,42
138,-27,-89,48,47
106,-22,-84,53,53
80,-19,-83,54,58
68,-18,-87,52,61
72,-20,-94,49,61
85,-23,-100,45,59
98,-26,-102,44,55
103,-28,-99,45,54
98,-27,-92,48,56
85,-26,-87,51,61
71,-26,-84,53,67
58,-26,-85,54,70
48,-26,-88,53,67
39,-25,-89,52,59
31,-23,-86,53,50
26,-20,-78,56,43
25,-18,-68,59,42
26,-19,-60,60,45
25,-25,-57,58,50
18,-36,-58,52,52
2,-48,-62,45,49
-16,-60,-67,39,42
-28,-66,-69,38,37
-27,-66,-67,41,38
-11,-58,-62,47,46
10,-48,-53,51,59
25,-37,-41,52,71
24,-32,-28,48,77
4,-34,-14,42,76
-27,-40,-3,38,70
-59,-47,1,38,64
-82,-53,-3,41,62
-90,-55,-15,47,64
-85,-57,-33,51,66
-71,-64,-54,49,65
-53,-79,-75,40,58
-38,-100,-92,27,48
-31,-122,-104,12,38
-35,-138,-111,0,31
-46,-144,-116,-6,28
-60,-142,-118,-6,28
-68,-138,-119,-3,27
-66,-139,-118,1,25
-55,-148,-114,4,22
-40,-161,-107,6,21
-28,-172,-99,8,24
-25,-177,-90,10,30
-28,-176,-84,13,38
-33,-172,-83,16,47
-37,-171,-86,19,56
-41,-176,-89,21,65
-47,-186,-90,23,73
-58,-197,-88,23,78
-75,-207,-85,21,79
-88,-213,-86,17,74
-91,-215,-91,14,68
-78,-215,-99,15,64
-52,-213,-105,20,65
-24,-209,-104,31,72
-7,-204,-95,43,81
-10,-199,-83,53,87
-32,-195,-72,56,87
-62,-194,-68,52,84
-85,-195,-70,45,80
-90,-196,-74,39,77
-75,-196,-77,35,77
-50,-197,-78,33,76
-28,-200,-80,32,74
-20,-206,-88,29,69
-26,-216,-102,24,63
-38,-224,-119,20,60
-42,-228,-133,17,61
-33,-228,-137,17,64
-11,-224,-130,18,69
11,-222,-118,18,71
22,-223,-107,17,71
13,-228,-102,15,69
-10,-232,-104,14,68
-38,-231,-106,16,69
-56,-223,-105,21,74
