role,source_file,source_id,pixel_0,pixel_1,pixel_2,pixel_3,pixel_4,pixel_5,pixel_6,pixel_7,pixel_8,pixel_9,pixel_10,pixel_11,pixel_12,pixel_13,pixel_14,pixel_15,pixel_16,pixel_17,pixel_18,pixel_19,pixel_20,pixel_21,pixel_22,pixel_23,pixel_24,pixel_25,pixel_26,pixel_27,pixel_28,pixel_29,pixel_30,pixel_31,pixel_32,pixel_33,pixel_34,pixel_35,pixel_36,pixel_37,pixel_38,pixel_39,pixel_40,pixel_41,pixel_42,pixel_43,pixel_44,pixel_45,pixel_46,pixel_47,pixel_48,pixel_49,pixel_50,pixel_51,pixel_52,pixel_53,pixel_54,pixel_55,pixel_56,pixel_57,pixel_58,pixel_59,pixel_60,pixel_61,pixel_62,pixel_63,label
fit,optdigits.tra,3015,0,0,3,13,11,1,0,0,0,10,15,10,11,10,0,0,0,6,16,1,1,13,2,0,0,4,8,0,0,8,8,0,0,4,8,0,0,8,8,0,0,3,12,0,0,14,8,0,0,0,13,10,12,16,3,0,0,0,4,15,10,3,0,0,0
fit,optdigits.tra,621,0,0,4,15,8,0,0,0,0,0,12,16,15,3,0,0,0,1,16,11,7,14,2,0,0,4,14,0,0,12,8,0,0,4,12,0,0,14,5,0,0,4,14,1,0,15,5,0,0,0,13,9,9,16,6,0,0,0,7,16,12,5,0,0,0
fit,optdigits.tra,436,0,0,2,15,11,1,0,0,0,0,9,12,14,13,2,0,0,2,15,2,1,13,6,0,0,7,16,0,0,9,8,0,0,4,16,0,0,10,7,0,0,3,16,3,2,14,2,0,0,0,14,14,14,9,0,0,0,0,3,11,13,1,0,0,0
fit,optdigits.tra,605,0,0,10,16,7,0,0,0,0,1,16,16,15,3,0,0,0,4,16,16,16,13,0,0,0,4,16,10,11,14,2,0,0,6,16,0,0,12,4,0,0,5,15,0,0,10,7,0,0,4,16,8,11,16,0,0,0,1,10,15,13,4,0,0,0
fit,optdigits.tra,926,0,0,5,15,13,2,0,0,0,3,16,16,16,16,0,0,0,8,7,1,3,14,7,0,0,3,1,0,0,5,8,0,0,5,10,0,0,5,8,0,0,3,16,12,8,14,8,0,0,0,13,16,16,16,5,0,0,0,3,14,16,10,0,0,0
fit,optdigits.tra,1850,0,0,1,15,13,2,0,0,0,0,8,16,13,9,0,0,0,0,9,11,2,12,2,0,0,5,16,7,0,9,6,0,0,4,16,8,0,9,9,0,0,1,15,4,0,13,8,0,0,0,10,14,12,16,5,0,0,0,1,13,15,8,0,0,0
fit,optdigits.tra,268,0,0,9,16,10,0,0,0,0,0,4,10,15,2,0,0,0,0,13,0,4,13,0,0,0,4,16,0,0,13,2,0,0,7,12,0,0,10,6,0,0,8,13,1,2,13,8,0,0,5,16,16,16,16,2,0,0,0,9,16,15,8,0,0,0
fit,optdigits.tra,1696,0,0,2,11,16,10,0,0,0,0,10,15,2,14,4,0,0,3,15,1,0,10,8,0,0,7,10,0,0,12,5,0,0,8,8,0,0,14,4,0,0,3,12,0,9,14,1,0,0,0,13,10,16,5,0,0,0,0,2,10,12,2,0,0,0
fit,optdigits.tra,3058,0,0,5,13,8,3,0,0,0,0,14,16,16,12,0,0,0,3,15,1,3,12,5,0,0,4,10,0,0,7,8,0,0,4,8,0,0,9,8,0,0,4,11,1,1,15,6,0,0,0,15,12,11,13,0,0,0,0,3,13,13,3,0,0,0
fit,optdigits.tra,3439,0,0,4,16,11,4,0,0,0,1,14,13,13,16,0,0,0,2,15,2,0,12,4,0,0,4,13,0,0,13,1,0,0,3,13,0,0,15,1,0,0,1,16,0,4,15,1,0,0,0,14,10,11,13,0,0,0,0,5,15,15,4,0,0,0
fit,optdigits.tra,2811,0,0,7,16,16,16,2,0,0,0,14,14,9,16,2,0,0,2,16,6,0,9,7,0,0,4,16,1,0,8,8,0,0,6,16,0,0,12,8,0,0,5,16,4,2,16,5,0,0,0,15,16,16,13,0,0,0,0,8,13,10,2,0,0,0
fit,optdigits.tra,2326,0,0,9,16,16,5,0,0,0,2,16,7,9,15,1,0,0,6,15,0,0,13,7,0,0,3,16,0,0,8,12,0,0,8,16,4,0,8,12,0,0,11,13,1,0,10,11,0,0,5,16,6,5,15,7,0,0,0,10,16,16,9,0,0,0
fit,optdigits.tra,2736,0,0,8,13,4,0,0,0,0,1,14,10,15,3,0,0,0,2,16,1,4,14,0,0,0,4,16,0,0,12,5,0,0,4,13,0,0,7,9,0,0,4,16,1,0,10,8,0,0,1,15,8,9,15,3,0,0,0,7,15,14,4,0,0,0
fit,optdigits.tra,610,0,0,7,14,12,0,0,0,0,5,16,16,16,6,0,0,0,8,16,8,5,15,3,0,0,8,12,0,0,10,7,0,0,8,11,0,0,12,5,0,0,4,13,0,0,12,5,0,0,0,16,12,9,16,3,0,0,0,8,14,12,7,0,0,0
fit,optdigits.tra,1333,0,0,6,15,8,0,0,0,0,2,15,7,16,5,0,0,0,6,11,1,10,14,2,0,0,7,7,0,0,10,6,0,0,7,5,0,0,8,8,0,0,4,10,0,0,10,7,0,0,0,12,8,4,15,2,0,0,0,2,12,12,8,0,0,0
fit,optdigits.tra,1953,0,0,2,12,6,0,0,0,0,1,12,10,11,3,0,0,0,1,16,7,3,13,1,0,0,2,16,1,0,9,5,0,0,2,16,2,0,2,10,0,0,0,14,8,0,7,13,0,0,0,10,7,7,16,5,0,0,0,2,13,12,6,0,0,0
fit,optdigits.tra,826,0,0,3,12,13,1,0,0,0,1,14,11,10,8,0,0,0,4,16,3,0,12,2,0,0,4,13,1,0,9,6,0,0,6,12,0,0,5,8,0,0,3,13,0,0,4,9,0,0,0,15,8,4,13,8,0,0,0,5,15,15,9,0,0,0
fit,optdigits.tra,16,0,1,10,15,8,0,0,0,0,6,16,7,11,8,0,0,0,7,16,3,1,13,1,0,0,7,13,0,0,10,6,0,0,8,12,0,0,14,4,0,0,3,16,0,6,15,2,0,0,0,15,9,16,4,0,0,0,0,9,15,8,0,0,0,0
fit,optdigits.tra,473,0,0,12,16,10,0,0,0,0,3,16,6,14,9,0,0,0,7,14,0,3,15,3,0,0,9,12,0,0,8,10,0,0,8,12,0,0,4,12,0,0,7,13,0,0,5,12,0,0,2,16,6,2,13,9,0,0,0,9,16,16,13,0,0,0
fit,optdigits.tra,1585,0,0,3,15,13,1,0,0,0,1,15,12,13,10,0,0,0,3,16,1,1,12,2,0,0,6,12,0,0,4,6,0,0,4,11,0,0,4,8,0,0,0,13,3,5,13,8,0,0,0,10,15,16,16,5,0,0,0,2,14,12,5,0,0,0
fit,optdigits.tra,1719,0,0,3,14,13,1,0,0,0,0,12,15,11,9,0,0,0,1,16,4,0,15,0,0,0,5,13,0,0,13,6,0,0,7,9,0,0,13,8,0,0,4,12,0,0,13,9,0,0,3,13,4,10,16,5,0,0,0,3,8,13,15,2,0,0
fit,optdigits.tra,2259,0,0,6,13,15,6,0,0,0,1,15,16,16,14,0,0,0,4,16,8,4,14,4,0,0,4,16,2,0,9,7,0,0,4,15,0,0,13,5,0,0,2,16,0,5,15,5,0,0,1,15,13,16,11,0,0,0,0,6,15,12,3,0,0,0
fit,optdigits.tra,2066,0,0,10,7,12,3,0,0,0,0,16,16,16,11,0,0,0,0,15,5,0,12,7,0,0,8,8,0,0,11,8,0,0,8,8,0,0,8,8,0,0,9,9,0,2,15,5,0,0,5,16,12,15,11,0,0,0,0,13,16,10,1,0,0,0
fit,optdigits.tra,1015,0,0,1,13,14,2,0,0,0,0,7,16,10,12,0,0,0,3,15,10,0,12,3,0,0,7,9,0,0,8,7,0,0,5,9,0,0,8,7,0,0,1,13,0,0,11,2,0,0,0,13,7,5,10,0,0,0,0,3,14,15,3,0,0,0
fit,optdigits.tra,2021,0,0,8,7,0,0,0,0,0,0,15,16,16,7,0,0,0,2,16,16,14,14,2,0,0,4,16,0,0,11,6,0,0,3,13,0,0,11,9,0,0,3,15,0,5,16,7,0,0,0,15,12,14,16,3,0,0,0,5,16,14,7,0,0,0
fit,optdigits.tra,2288,0,0,3,12,15,3,0,0,0,0,15,16,6,11,0,0,0,7,16,5,0,12,1,0,0,5,14,0,0,9,7,0,0,8,10,0,0,13,8,0,0,4,12,0,2,15,6,0,0,1,14,8,13,12,0,0,0,0,3,15,10,3,0,0,0
fit,optdigits.tra,1513,0,0,3,15,4,0,0,0,0,0,8,13,15,7,0,0,0,2,16,6,5,16,3,0,0,4,14,0,0,11,8,0,0,6,12,0,0,8,8,0,0,4,15,1,0,9,7,0,0,1,15,11,9,16,3,0,0,0,4,10,15,8,0,0,0
fit,optdigits.tra,3394,0,0,0,5,15,7,0,0,0,0,6,15,10,16,2,0,0,4,16,5,0,10,8,0,0,1,15,4,0,8,8,0,0,0,14,4,0,8,8,0,0,0,12,7,0,14,6,0,0,0,7,16,13,15,1,0,0,0,0,6,13,5,0,0,0
fit,optdigits.tra,3670,0,0,4,15,12,2,0,0,0,0,12,11,10,14,0,0,0,6,11,0,0,15,4,0,0,4,14,0,0,8,8,0,0,6,12,0,0,9,8,0,0,1,15,3,0,10,10,0,0,0,12,13,12,16,3,0,0,0,4,13,15,6,0,0,0
fit,optdigits.tra,2369,0,0,5,15,15,6,0,0,0,0,13,11,16,16,4,0,0,3,14,0,8,11,7,0,0,8,7,0,0,7,8,0,0,7,7,0,0,5,8,0,0,9,9,0,1,11,4,0,0,7,13,8,14,12,0,0,0,0,6,15,10,1,0,0,0
fit,optdigits.tra,932,0,0,0,12,15,4,0,0,0,0,7,9,8,15,0,0,0,2,12,0,0,9,4,0,0,5,11,0,0,4,8,0,0,8,4,0,0,8,6,0,0,2,12,0,1,14,5,0,0,0,13,15,16,12,1,0,0,0,2,10,12,1,0,0,0
fit,optdigits.tra,1068,0,0,4,14,11,0,0,0,0,3,16,9,15,7,0,0,0,9,15,0,4,14,2,0,0,8,13,0,0,12,6,0,0,8,12,0,0,11,7,0,0,6,14,1,0,14,4,0,0,0,14,11,8,16,1,0,0,0,5,16,14,6,0,0,0
fit,optdigits.tra,1882,0,0,3,14,10,0,0,0,0,0,13,14,15,10,0,0,0,2,16,5,8,16,3,0,0,4,14,0,4,16,1,0,0,4,16,0,3,15,1,0,0,4,16,1,0,12,4,0,0,1,14,11,9,16,3,0,0,0,3,12,12,4,0,0,0
fit,optdigits.tra,3156,0,0,6,13,6,0,0,0,0,0,14,11,16,10,0,0,0,2,14,0,9,15,0,0,0,5,9,0,0,12,3,0,0,8,8,0,0,8,5,0,0,7,11,0,0,8,8,0,0,1,15,7,5,14,4,0,0,0,6,16,16,9,0,0,0
fit,optdigits.tra,593,0,0,7,10,2,0,0,0,0,3,16,16,16,10,0,0,0,5,16,12,11,16,2,0,0,6,12,0,0,9,8,0,0,4,12,0,0,8,8,0,0,4,16,0,0,8,8,0,0,1,16,10,11,15,6,0,0,0,7,16,13,5,0,0,0
fit,optdigits.tra,1152,0,0,4,11,4,0,0,0,0,0,12,15,16,14,0,0,0,4,15,0,5,12,6,0,0,6,10,0,0,7,8,0,0,7,8,0,0,8,8,0,0,6,13,0,1,13,3,0,0,2,16,10,12,13,0,0,0,0,6,13,12,1,0,0,0
fit,optdigits.tra,2992,0,0,3,15,10,1,0,0,0,2,14,9,13,11,0,0,0,7,15,0,2,16,2,0,0,4,16,2,0,6,8,0,0,6,9,0,0,6,8,0,0,5,11,0,0,10,8,0,0,0,15,6,7,16,3,0,0,0,3,12,16,5,0,0,0
fit,optdigits.tra,2175,0,0,10,16,15,3,0,0,0,6,16,6,9,14,1,0,0,8,16,3,0,13,6,0,0,11,14,0,0,7,10,0,0,8,12,0,0,4,12,0,0,8,13,0,0,9,9,0,0,4,16,8,9,16,3,0,0,0,10,16,15,6,0,0,0
fit,optdigits.tra,3445,0,0,9,12,10,3,0,0,0,0,14,16,13,13,0,0,0,4,16,2,1,16,3,0,0,4,16,0,0,12,8,0,0,6,16,0,0,15,8,0,0,5,15,0,1,16,5,0,0,2,16,11,14,13,0,0,0,0,8,16,13,6,0,0,0
fit,optdigits.tra,2486,0,0,5,15,8,2,0,0,0,0,15,16,14,12,0,0,0,5,13,2,0,14,3,0,0,5,11,0,0,8,8,0,0,8,8,0,0,12,5,0,0,3,14,0,0,15,4,0,0,0,13,12,10,14,0,0,0,0,4,14,15,4,0,0,0
fit,optdigits.tra,3368,0,0,3,16,13,2,0,0,0,0,11,7,7,12,0,0,0,2,16,1,0,9,3,0,0,5,13,1,0,6,6,0,0,7,6,0,0,5,8,0,0,4,8,0,0,10,5,0,0,1,13,5,8,15,1,0,0,0,4,15,15,4,0,0,0
fit,optdigits.tra,159,0,0,5,13,1,0,0,0,0,0,13,16,7,1,0,0,0,1,16,16,16,13,1,0,0,2,16,10,0,12,5,0,0,2,16,0,0,3,10,0,0,2,15,0,0,6,14,0,0,0,14,5,8,16,9,0,0,0,4,13,15,7,0,0,0
fit,optdigits.tra,522,0,0,5,14,11,3,0,0,0,2,16,14,16,14,0,0,0,4,13,4,2,13,4,0,0,8,9,0,0,8,8,0,0,8,10,0,0,7,8,0,0,4,13,0,0,9,8,0,0,0,14,9,4,14,6,0,0,0,4,16,16,8,0,0,0
fit,optdigits.tra,3802,0,0,5,16,11,0,0,0,0,1,16,5,12,11,3,0,0,3,13,0,5,16,2,0,0,4,12,0,0,16,4,0,0,5,11,0,1,16,3,0,0,5,13,0,0,12,1,0,0,0,14,7,6,12,0,0,0,0,4,14,12,2,0,0,0
fit,optdigits.tra,1908,0,0,3,12,7,0,0,0,0,0,14,11,11,6,0,0,0,4,12,0,2,16,0,0,0,5,9,0,0,10,7,0,0,6,8,0,0,8,8,0,0,3,12,0,0,3,10,0,0,1,13,5,3,13,5,0,0,0,3,13,16,9,1,0,0
fit,optdigits.tra,3342,0,0,1,11,14,4,0,0,0,1,7,14,14,15,1,0,0,6,13,0,0,11,5,0,0,8,9,0,0,4,8,0,0,5,12,0,0,4,8,0,0,1,15,2,0,10,8,0,0,0,9,16,16,16,2,0,0,0,1,12,14,9,0,0,0
fit,optdigits.tra,877,0,0,4,15,6,0,0,0,0,3,16,16,16,5,0,0,0,7,11,4,8,14,1,0,0,7,10,0,0,14,6,0,0,7,10,0,0,11,9,0,0,2,14,0,0,9,10,0,0,0,12,10,9,15,6,0,0,0,2,13,16,7,0,0,0
fit,optdigits.tra,3581,0,0,3,12,14,3,0,0,0,0,11,11,8,13,0,0,0,5,15,1,0,7,2,0,0,3,15,3,0,3,6,0,0,3,11,2,0,4,7,0,0,1,9,0,0,5,7,0,0,0,11,4,4,14,2,0,0,0,2,13,15,9,0,0,0
fit,optdigits.tra,125,0,0,4,11,15,4,0,0,0,3,15,15,10,16,0,0,0,8,15,2,0,14,4,0,0,7,13,0,0,10,8,0,0,7,12,0,0,13,4,0,0,1,15,4,1,15,2,0,0,0,10,12,11,12,0,0,0,0,2,11,13,2,0,0,0
fit,optdigits.tra,290,0,2,16,9,0,0,0,0,0,2,16,16,10,1,0,0,0,0,1,7,16,13,0,0,0,1,5,0,8,16,3,0,0,4,8,0,0,12,7,0,0,5,10,0,5,15,4,0,0,8,15,14,16,10,0,0,0,3,15,15,8,1,0,0,0
validation,optdigits.tra,1762,0,0,4,8,16,13,0,0,0,3,16,16,14,16,2,0,0,4,16,6,0,12,4,0,0,4,12,0,0,12,6,0,0,5,12,0,0,12,3,0,0,4,16,6,6,14,0,0,0,0,12,16,16,7,0,0,0,0,4,12,8,0,0,0,0
validation,optdigits.tra,3804,0,0,3,14,13,3,0,0,0,0,12,10,7,12,0,0,0,3,15,1,0,15,7,0,0,5,12,0,0,12,5,0,0,6,12,0,0,9,4,0,0,4,13,0,0,10,4,0,0,1,14,6,5,14,2,0,0,0,3,13,13,6,0,0,0
validation,optdigits.tra,3525,0,0,7,12,0,0,0,0,0,0,15,15,10,13,0,0,0,5,14,3,3,14,2,0,0,4,10,0,0,10,5,0,0,3,9,0,0,15,3,0,0,2,9,0,3,16,1,0,0,0,14,4,13,8,0,0,0,0,5,16,12,1,0,0,0
validation,optdigits.tra,63,0,0,10,8,11,2,0,0,0,0,16,15,8,13,2,0,0,4,16,4,0,9,7,0,0,7,14,0,0,3,8,0,0,8,12,0,0,7,8,0,0,6,6,0,3,15,4,0,0,4,14,10,16,7,0,0,0,0,10,14,5,0,0,0,0
validation,optdigits.tra,2824,0,0,7,15,13,3,0,0,0,0,16,8,9,13,0,0,0,3,13,0,1,13,3,0,0,7,14,4,0,5,8,0,0,8,16,8,0,10,8,0,0,7,16,9,0,15,3,0,0,2,16,16,11,14,1,0,0,0,5,15,15,3,0,0,0
validation,optdigits.tra,1077,0,0,5,14,12,1,0,0,0,0,14,15,16,10,0,0,0,4,13,1,3,15,0,0,0,5,7,0,0,11,7,0,0,4,13,0,0,6,8,0,0,4,16,2,0,9,8,0,0,0,13,15,10,16,3,0,0,0,4,13,16,11,0,0,0
validation,optdigits.tra,1649,0,0,2,14,7,0,0,0,0,1,9,12,13,6,0,0,0,5,16,8,2,14,0,0,0,6,16,2,0,12,6,0,0,5,15,1,0,9,9,0,0,0,16,1,0,12,8,0,0,0,11,12,8,15,1,0,0,0,3,13,15,7,0,0,0
validation,optdigits.tra,1547,0,0,2,15,8,0,0,0,0,0,9,14,16,6,0,0,0,0,15,9,3,14,3,0,0,4,16,2,0,9,7,0,0,8,12,0,0,7,8,0,0,3,14,1,0,8,9,0,0,0,15,15,13,15,7,0,0,0,3,14,15,9,0,0,0
validation,optdigits.tra,1923,0,0,6,16,6,0,0,0,0,2,15,14,16,5,0,0,0,6,15,1,9,14,0,0,0,4,16,0,1,16,5,0,0,7,13,0,1,16,4,0,0,5,15,2,0,14,5,0,0,0,14,10,12,13,1,0,0,0,4,14,14,3,0,0,0
validation,optdigits.tra,1906,0,0,6,15,8,0,0,0,0,4,16,13,16,2,0,0,0,6,15,0,13,13,0,0,0,8,10,0,7,16,5,0,0,8,8,0,6,16,3,0,0,7,11,0,7,15,0,0,0,0,14,10,13,11,0,0,0,0,6,14,12,2,0,0,0
validation,optdigits.tra,724,0,0,5,13,14,12,1,0,0,0,9,16,7,7,7,0,0,0,16,4,0,1,8,0,0,4,12,0,0,4,8,0,0,4,8,0,0,6,5,0,0,5,8,0,0,11,2,0,0,1,14,5,11,8,0,0,0,0,4,14,11,0,0,0,0
validation,optdigits.tra,236,0,0,4,15,11,2,0,0,0,0,15,15,14,11,0,0,0,2,16,6,0,15,1,0,0,2,16,5,0,11,5,0,0,2,16,4,0,7,9,0,0,0,15,2,0,10,9,0,0,0,11,13,9,16,4,0,0,0,2,10,16,10,0,0,0
validation,optdigits.tra,2628,0,0,8,15,11,1,0,0,0,1,14,14,14,10,0,0,0,3,16,3,0,9,3,0,0,5,14,0,0,6,6,0,0,5,13,0,0,7,7,0,0,4,12,0,0,13,6,0,0,1,16,13,16,12,0,0,0,0,7,16,12,1,0,0,0
validation,optdigits.tra,1760,0,0,7,7,4,4,0,0,0,0,16,16,16,16,4,0,0,1,16,16,8,12,8,0,0,6,15,7,0,12,5,0,0,6,12,0,0,13,4,0,0,5,12,0,8,14,1,0,0,4,16,11,15,7,0,0,0,0,8,15,7,0,0,0,0
validation,optdigits.tra,2763,0,0,2,13,12,1,0,0,0,0,10,14,9,12,0,0,0,1,15,1,0,11,1,0,0,4,13,0,0,10,5,0,0,3,10,0,0,11,8,0,0,2,10,0,3,16,5,0,0,0,11,13,16,8,0,0,0,0,3,13,8,0,0,0,0
assessment,optdigits.tes,127,0,0,3,12,10,1,0,0,0,1,16,16,16,10,0,0,0,5,16,13,6,16,1,0,0,5,16,7,0,13,3,0,0,5,16,4,0,13,7,0,0,1,16,8,0,14,7,0,0,0,13,14,13,16,3,0,0,0,2,13,15,6,0,0,0
assessment,optdigits.tes,1452,0,0,2,15,5,0,0,0,0,0,11,16,16,6,0,0,0,3,14,3,7,16,3,0,0,7,8,0,0,8,8,0,0,5,8,0,0,4,8,0,0,4,12,0,0,8,8,0,0,0,14,9,8,16,2,0,0,0,3,14,15,6,0,0,0
assessment,optdigits.tes,1747,0,0,9,15,6,0,0,0,0,2,16,16,16,7,0,0,0,4,14,5,11,13,0,0,0,7,12,0,0,12,4,0,0,8,11,0,0,7,5,0,0,4,13,1,1,10,6,0,0,2,16,15,15,14,1,0,0,0,8,15,11,4,0,0,0
assessment,optdigits.tes,203,0,0,4,15,11,1,0,0,0,2,14,14,16,8,0,0,0,8,15,2,3,13,0,0,0,4,16,0,0,12,7,0,0,7,16,0,0,12,8,0,0,3,16,6,1,14,9,0,0,0,15,16,16,16,2,0,0,0,4,13,14,6,0,0,0
assessment,optdigits.tes,826,0,0,2,13,15,7,1,0,0,0,7,16,15,16,10,0,0,0,14,16,10,10,10,0,0,2,16,3,0,8,8,0,0,5,13,0,0,9,8,0,0,6,13,0,0,12,3,0,0,2,16,6,9,10,0,0,0,0,3,14,14,1,0,0,0
assessment,optdigits.tes,1366,0,0,5,13,11,1,0,0,0,3,16,11,8,12,0,0,0,5,16,0,0,13,3,0,0,5,13,0,0,6,7,0,0,7,10,0,0,8,7,0,0,4,13,0,1,14,5,0,0,1,15,5,12,10,0,0,0,0,7,16,10,1,0,0,0
assessment,optdigits.tes,696,0,0,4,16,16,4,0,0,0,0,10,15,12,14,0,0,0,2,11,0,0,9,6,0,0,5,6,0,0,4,5,0,0,4,9,0,0,7,4,0,0,4,10,0,2,14,0,0,0,0,14,15,16,8,0,0,0,0,4,13,10,0,0,0,0
assessment,optdigits.tes,565,0,0,1,15,11,1,0,0,0,0,9,12,8,12,0,0,0,1,15,1,6,16,2,0,0,2,12,0,1,11,6,0,0,5,10,0,0,11,4,0,0,2,13,0,0,10,3,0,0,0,13,2,3,13,3,0,0,0,1,13,16,15,1,0,0
assessment,optdigits.tes,1178,0,0,7,11,3,1,0,0,0,1,14,16,13,13,0,0,0,3,16,12,1,6,6,0,0,4,10,4,0,4,8,0,0,8,8,0,0,11,5,0,0,7,9,0,2,14,0,0,0,1,12,4,12,10,0,0,0,0,6,14,9,0,0,0,0
assessment,optdigits.tes,1040,0,0,2,14,9,1,0,0,0,1,12,12,11,8,0,0,0,4,14,1,0,13,3,0,0,8,13,0,0,10,6,0,0,5,16,1,0,8,9,0,0,0,16,0,0,11,9,0,0,0,13,11,10,15,4,0,0,0,3,15,16,5,0,0,0
assessment,optdigits.tes,73,0,0,1,13,10,0,0,0,0,7,16,16,16,7,0,0,0,8,16,13,10,15,0,0,0,8,16,2,2,15,3,0,0,5,15,2,0,12,7,0,0,1,15,6,2,16,3,0,0,0,11,15,13,16,0,0,0,0,1,15,14,8,0,0,0
assessment,optdigits.tes,306,0,0,5,13,13,5,0,0,0,0,16,16,10,15,3,0,0,5,16,2,1,8,4,0,0,4,13,0,0,4,8,0,0,8,12,0,0,6,7,0,0,5,15,0,0,7,7,0,0,0,16,8,5,15,3,0,0,0,5,14,15,9,0,0,0
assessment,optdigits.tes,37,0,0,6,14,10,2,0,0,0,0,15,15,13,15,3,0,0,2,16,10,0,13,9,0,0,1,16,5,0,12,5,0,0,0,16,3,0,13,6,0,0,1,15,5,6,13,1,0,0,0,16,11,14,10,0,0,0,0,7,16,11,1,0,0,0
assessment,optdigits.tes,1592,0,0,0,16,12,1,0,0,0,0,6,16,14,7,0,0,0,0,14,15,1,11,0,0,0,0,16,15,0,14,1,0,0,1,16,10,0,14,2,0,0,0,15,13,3,15,3,0,0,0,9,16,16,15,0,0,0,0,0,13,16,8,0,0,0
assessment,optdigits.tes,849,0,0,2,16,15,5,0,0,0,0,10,16,14,15,0,0,0,0,15,10,0,16,7,0,0,4,16,1,0,12,5,0,0,4,15,0,0,12,5,0,0,5,16,6,0,16,0,0,0,0,14,13,8,15,0,0,0,0,3,14,16,6,0,0,0
assessment,optdigits.tes,50,0,0,1,15,13,1,0,0,0,0,7,16,14,8,0,0,0,8,12,9,2,13,2,0,0,7,9,1,0,6,6,0,0,5,9,0,0,3,9,0,0,0,15,2,0,8,12,0,0,0,9,15,13,16,6,0,0,0,0,13,14,8,0,0,0
assessment,optdigits.tes,832,0,0,7,15,14,8,0,0,0,1,15,7,5,14,5,0,0,0,15,8,0,10,7,0,0,3,16,6,0,12,8,0,0,5,16,2,0,12,8,0,0,4,16,3,1,16,4,0,0,5,16,10,14,12,0,0,0,0,8,15,15,2,0,0,0
assessment,optdigits.tes,1716,0,0,10,12,14,1,0,0,0,0,16,16,16,12,0,0,0,5,16,8,3,16,0,0,0,8,13,0,0,8,7,0,0,8,12,0,0,6,8,0,0,8,13,0,4,12,8,0,0,7,16,16,16,13,0,0,0,0,11,14,8,1,0,0,0
assessment,optdigits.tes,287,0,0,2,12,15,12,1,0,0,1,14,14,14,11,8,0,0,5,16,3,0,2,8,0,0,8,14,0,0,6,8,0,0,4,12,0,0,9,4,0,0,1,16,1,1,14,1,0,0,0,11,9,11,8,0,0,0,0,2,13,14,1,0,0,0
assessment,optdigits.tes,719,0,0,0,9,13,3,0,0,0,0,8,15,12,15,2,0,0,0,12,8,0,15,4,0,0,3,13,0,0,10,7,0,0,8,9,0,0,13,7,0,0,2,16,4,7,16,5,0,0,0,14,14,16,15,1,0,0,0,1,12,14,4,0,0,0
assessment,optdigits.tes,1426,0,0,3,10,16,4,0,0,0,1,15,16,16,10,0,0,0,6,10,2,3,14,1,0,0,8,6,0,0,10,4,0,0,4,8,0,0,5,8,0,0,0,15,0,0,9,8,0,0,0,12,14,10,16,3,0,0,0,4,14,13,5,0,0,0
assessment,optdigits.tes,1026,0,0,9,13,16,5,0,0,0,3,16,8,4,13,0,0,0,6,10,1,0,9,2,0,0,5,4,0,0,4,8,0,0,8,4,0,0,4,8,0,0,6,6,0,0,4,9,0,0,0,13,2,0,7,8,0,0,0,8,12,13,15,2,0,0
assessment,optdigits.tes,981,0,0,10,10,12,7,0,0,0,0,15,13,5,12,5,0,0,4,13,4,0,2,8,0,0,8,4,0,0,3,8,0,0,8,4,0,0,7,5,0,0,6,6,0,0,11,2,0,0,1,13,3,3,12,0,0,0,0,7,15,16,7,0,0,0
assessment,optdigits.tes,1542,0,0,5,12,9,1,0,0,0,0,14,14,13,13,0,0,0,3,12,1,1,13,4,0,0,7,8,0,0,6,8,0,0,8,8,0,0,5,8,0,0,5,10,0,0,11,4,0,0,1,15,9,11,13,0,0,0,0,7,15,12,2,0,0,0
assessment,optdigits.tes,141,0,0,12,9,12,1,0,0,0,0,14,16,16,8,0,0,0,3,16,9,3,15,2,0,0,4,16,1,0,16,5,0,0,5,12,0,0,16,5,0,0,3,14,1,4,16,4,0,0,0,15,12,14,14,0,0,0,0,7,12,12,2,0,0,0
assessment,optdigits.tes,1237,0,0,4,13,15,6,0,0,0,0,15,11,2,14,2,0,0,3,14,1,0,12,4,0,0,5,12,0,0,9,5,0,0,5,5,0,0,12,2,0,0,4,9,0,2,13,2,0,0,0,13,2,14,7,0,0,0,0,5,16,7,0,0,0,0
assessment,optdigits.tes,11,0,0,1,9,15,11,0,0,0,0,11,16,8,14,6,0,0,2,16,10,0,9,9,0,0,1,16,4,0,8,8,0,0,4,16,4,0,8,8,0,0,1,16,5,1,11,3,0,0,0,12,12,10,10,0,0,0,0,1,10,13,3,0,0,0
assessment,optdigits.tes,695,0,0,1,13,12,1,0,0,0,0,9,16,16,12,0,0,0,0,14,6,0,13,3,0,0,6,10,0,0,10,6,0,0,7,13,0,0,9,8,0,0,3,16,1,3,14,7,0,0,0,11,16,16,16,1,0,0,0,0,11,16,6,0,0,0
assessment,optdigits.tes,459,0,0,3,14,10,1,0,0,0,2,14,12,15,14,1,0,0,6,13,0,3,14,8,0,0,5,12,0,0,11,8,0,0,4,14,0,0,12,7,0,0,1,14,4,3,16,3,0,0,0,8,12,12,12,0,0,0,0,2,15,10,3,0,0,0
assessment,optdigits.tes,1213,0,0,6,14,13,1,0,0,0,3,16,10,5,11,0,0,0,5,16,0,0,13,0,0,0,6,12,0,0,12,3,0,0,7,12,0,0,13,3,0,0,3,11,0,5,12,0,0,0,0,13,4,15,4,0,0,0,0,5,16,6,0,0,0,0
fit,optdigits.tra,3273,0,0,6,12,16,10,0,0,0,0,0,12,16,16,1,0,0,0,0,9,16,16,4,0,0,0,0,13,16,16,3,0,0,0,0,14,16,14,0,0,0,0,0,14,16,10,0,0,0,0,2,16,16,13,0,0,0,0,7,16,15,2,0,0,1
fit,optdigits.tra,1348,0,0,0,11,13,0,0,0,0,0,5,15,13,0,0,0,0,3,16,16,10,0,0,0,0,0,7,16,10,0,0,0,0,0,0,15,10,0,0,0,0,0,0,15,8,0,0,0,0,0,0,16,6,0,0,0,0,0,0,12,11,0,0,0,1
fit,optdigits.tra,322,0,0,0,12,16,5,0,0,0,0,2,13,16,8,0,0,0,6,15,16,16,10,0,0,0,4,8,9,16,14,0,0,0,0,0,0,14,16,4,0,0,0,0,0,7,16,12,0,0,0,0,7,11,16,12,0,0,0,0,13,16,13,3,0,1
fit,optdigits.tra,2674,0,0,0,0,8,11,1,0,0,0,0,0,10,16,4,0,0,0,0,8,16,16,0,0,0,0,6,15,16,16,0,0,0,5,15,8,16,14,0,0,0,0,0,0,13,15,0,0,0,0,0,0,12,16,1,0,0,0,0,0,7,15,9,0,1
fit,optdigits.tra,3350,0,0,0,1,11,10,0,0,0,0,0,8,16,13,0,0,0,0,7,16,16,7,0,0,0,5,16,16,16,0,0,0,0,4,10,16,16,0,0,0,0,0,0,15,16,0,0,0,0,0,0,11,16,4,0,0,0,0,0,0,11,13,1,0,1
fit,optdigits.tra,3672,0,1,8,10,3,0,0,0,0,2,15,16,16,12,0,0,0,1,14,16,16,12,0,0,0,4,16,16,16,8,0,0,0,4,16,16,16,6,0,0,0,4,16,16,15,3,0,0,0,4,16,16,13,2,0,0,0,1,7,10,8,2,0,0,1
fit,optdigits.tra,1639,0,0,2,8,12,5,0,0,0,0,3,16,16,12,0,0,0,0,5,16,16,8,0,0,0,0,5,16,16,11,0,0,0,0,9,16,16,5,0,0,0,0,8,16,16,8,0,0,0,0,6,16,16,10,0,0,0,0,1,10,10,7,0,0,1
fit,optdigits.tra,2578,0,0,0,4,16,9,0,0,0,0,0,11,16,9,0,0,0,0,6,16,16,3,0,0,0,7,15,16,16,2,0,0,0,9,16,13,15,0,0,0,0,0,0,10,13,0,0,0,0,0,0,10,15,0,0,0,0,0,0,6,16,6,0,0,1
fit,optdigits.tra,3657,0,0,3,11,11,6,0,0,0,3,14,16,16,12,0,0,0,0,7,16,16,12,0,0,0,0,13,16,16,12,0,0,0,0,13,16,16,14,0,0,0,2,15,16,16,13,0,0,0,0,12,16,16,12,0,0,0,0,3,11,11,7,0,0,1
fit,optdigits.tra,2456,0,0,6,12,12,9,0,0,0,0,11,16,16,13,0,0,0,0,9,16,16,12,0,0,0,0,14,16,16,12,0,0,0,0,12,16,16,12,0,0,0,2,16,16,16,9,0,0,0,1,15,16,15,2,0,0,0,0,7,11,3,0,0,0,1
fit,optdigits.tra,840,0,0,7,15,16,11,1,0,0,0,0,15,16,16,1,0,0,0,0,13,16,16,6,0,0,0,0,13,16,16,3,0,0,0,0,14,16,14,2,0,0,0,2,16,16,12,0,0,0,0,5,16,16,14,0,0,0,0,8,16,16,8,0,0,1
fit,optdigits.tra,3700,0,0,1,13,16,6,0,0,0,6,14,16,16,7,0,0,2,14,16,16,16,2,0,0,0,0,5,16,16,2,0,0,0,0,2,16,16,2,0,0,0,0,0,16,16,1,0,0,0,0,0,14,16,2,0,0,0,0,0,13,16,1,0,0,1
fit,optdigits.tra,1358,0,0,0,14,13,1,0,0,0,0,2,16,16,2,0,0,0,0,4,16,15,0,0,0,0,0,3,16,13,0,0,0,0,0,7,16,12,0,0,0,0,0,7,16,12,0,0,0,0,0,6,16,14,0,0,0,0,0,1,11,16,4,0,0,1
fit,optdigits.tra,1749,0,0,0,4,11,12,5,0,0,0,1,16,16,16,1,0,0,0,8,16,16,13,0,0,0,1,14,16,16,4,0,0,0,4,16,16,16,4,0,0,0,7,16,16,16,1,0,0,0,1,12,16,16,3,0,0,0,0,0,7,12,8,0,0,1
fit,optdigits.tra,1603,0,0,0,10,16,6,0,0,0,0,4,16,16,4,0,0,0,0,14,16,16,4,0,0,0,0,16,16,16,8,0,0,0,0,16,16,16,8,0,0,0,0,15,16,16,14,3,0,0,0,10,16,16,16,8,0,0,0,1,12,12,15,7,0,1
fit,optdigits.tra,3683,0,0,0,2,15,10,0,0,0,0,0,10,16,16,0,0,0,0,4,16,16,3,0,0,0,4,15,16,16,1,0,0,0,4,12,16,16,0,0,0,0,0,0,12,16,4,0,0,0,0,0,9,16,4,0,0,0,0,0,4,15,4,0,0,1
fit,optdigits.tra,3783,0,0,0,0,13,15,3,0,0,0,0,9,16,16,7,0,0,1,7,16,16,16,1,0,0,6,16,15,14,16,2,0,0,5,11,2,16,15,0,0,0,0,0,0,14,14,0,0,0,0,0,0,16,12,0,0,0,0,0,0,11,13,0,0,1
fit,optdigits.tra,2921,0,0,0,5,16,12,0,0,0,0,1,15,16,16,0,0,0,2,10,16,16,11,0,0,0,7,16,16,16,7,0,0,0,6,12,16,16,8,0,0,0,0,0,12,16,12,0,0,0,0,0,11,16,13,0,0,0,0,0,2,15,12,0,0,1
fit,optdigits.tra,242,0,0,0,0,10,12,0,0,0,0,0,0,15,12,0,0,0,0,0,7,16,12,0,0,0,0,9,16,16,11,0,0,0,8,16,11,16,12,0,0,0,3,4,3,16,9,0,0,0,0,0,0,15,10,0,0,0,0,0,0,9,13,0,0,1
fit,optdigits.tra,3569,0,0,2,16,10,0,0,0,0,0,6,16,16,4,0,0,0,0,2,15,16,7,0,0,0,0,0,11,16,4,0,0,0,0,0,15,16,3,0,0,0,0,0,13,15,0,0,0,0,0,1,16,13,0,0,0,0,0,2,15,11,0,0,0,1
fit,optdigits.tra,568,0,0,0,0,14,12,0,0,0,0,0,0,16,16,0,0,0,1,6,12,16,16,0,0,0,6,12,10,16,14,0,0,0,0,0,0,16,16,0,0,0,0,0,0,16,15,0,0,0,0,0,2,16,16,7,0,0,0,0,1,13,16,4,0,1
fit,optdigits.tra,3764,0,0,0,9,13,5,0,0,0,0,7,16,15,1,0,0,0,0,7,16,8,0,0,0,0,0,11,16,9,0,0,0,0,0,9,16,6,0,0,0,0,0,10,16,5,0,0,0,0,0,11,16,11,0,0,0,0,0,1,12,10,0,0,0,1
fit,optdigits.tra,919,0,0,0,0,10,12,1,0,0,0,0,1,15,16,3,0,0,0,2,10,16,11,0,0,0,1,11,16,16,12,0,0,0,5,8,3,16,9,0,0,0,0,0,1,16,10,0,0,0,0,0,0,15,11,0,0,0,0,0,0,7,13,1,0,1
fit,optdigits.tra,110,0,0,0,0,11,15,2,0,0,0,0,7,16,16,7,0,0,0,3,15,16,16,4,0,0,6,16,16,16,16,3,0,0,3,8,6,16,16,0,0,0,0,0,4,16,16,0,0,0,0,0,4,16,16,4,0,0,0,0,1,13,16,3,0,1
fit,optdigits.tra,3373,0,0,0,0,14,10,0,0,0,0,1,11,16,12,0,0,0,2,12,16,16,12,0,0,0,4,11,5,15,11,0,0,0,0,0,1,16,7,0,0,0,0,0,3,16,7,0,0,0,0,0,1,16,11,0,0,0,0,0,0,11,9,0,0,1
fit,optdigits.tra,2125,0,0,0,4,13,7,0,0,0,0,0,5,15,16,2,0,0,0,1,14,16,16,0,0,0,2,14,16,16,16,0,0,0,5,12,10,16,16,0,0,0,0,0,4,16,16,0,0,0,0,0,5,16,16,4,0,0,0,0,4,14,15,4,0,1
fit,optdigits.tra,2308,0,0,1,16,13,0,0,0,0,0,6,16,15,0,0,0,0,7,16,16,12,0,0,0,1,12,16,16,12,0,0,0,0,0,2,10,14,0,0,0,0,0,0,8,16,1,0,0,0,0,0,10,16,0,0,0,0,0,0,12,16,0,0,0,1
fit,optdigits.tra,2003,0,0,2,12,12,3,0,0,0,0,4,16,16,13,0,0,0,0,3,16,16,11,0,0,0,0,5,16,16,11,0,0,0,0,9,16,16,9,0,0,0,0,9,16,16,8,0,0,0,0,7,16,16,10,0,0,0,0,1,11,12,9,0,0,1
fit,optdigits.tra,654,0,0,6,11,11,1,0,0,0,0,9,16,16,14,0,0,0,0,11,16,16,10,0,0,0,0,7,16,16,12,0,0,0,0,12,16,16,11,0,0,0,0,9,16,16,12,0,0,0,0,8,16,16,16,0,0,0,0,5,12,12,12,3,0,1
fit,optdigits.tra,3279,0,0,3,12,7,2,0,0,0,0,9,16,16,8,0,0,0,0,7,16,16,10,0,0,0,0,6,16,16,12,0,0,0,0,6,16,16,11,0,0,0,0,4,16,16,10,0,0,0,0,8,16,16,12,0,0,0,0,3,11,12,6,0,0,1
fit,optdigits.tra,1599,0,0,3,12,11,7,0,0,0,0,8,16,16,6,0,0,0,3,16,16,16,6,0,0,0,4,16,16,15,1,0,0,0,1,8,9,16,4,0,0,0,1,15,16,16,9,0,0,0,0,8,16,16,12,0,0,0,0,4,11,11,6,0,0,1
fit,optdigits.tra,2590,0,0,0,0,15,5,0,0,0,0,0,5,16,9,0,0,0,0,1,15,16,5,0,0,0,6,13,16,16,7,0,0,0,7,16,10,16,6,0,0,0,0,0,2,16,6,0,0,0,0,0,2,16,6,0,0,0,0,0,1,15,12,0,0,1
fit,optdigits.tra,3102,0,0,1,15,14,0,0,0,0,0,6,16,8,0,0,0,0,0,14,16,13,0,0,0,0,9,15,14,16,1,0,0,0,5,3,6,16,5,0,0,0,0,0,3,16,11,0,0,0,0,0,5,14,15,0,0,0,0,3,15,16,16,6,0,1
fit,optdigits.tra,3056,0,0,2,16,9,0,0,0,0,0,8,16,15,0,0,0,0,6,16,16,15,1,0,0,0,0,0,5,16,8,0,0,0,0,0,0,14,14,0,0,0,0,0,0,2,16,6,0,0,0,1,4,7,16,13,0,0,0,0,11,16,16,15,1,1
fit,optdigits.tra,2667,0,0,0,0,12,15,2,0,0,0,0,0,12,16,4,0,0,2,4,6,16,16,2,0,0,9,16,16,16,16,0,0,0,1,8,5,15,16,0,0,0,0,0,0,16,16,4,0,0,0,0,0,15,16,5,0,0,0,0,0,9,16,8,0,1
fit,optdigits.tra,2138,0,0,0,10,14,6,0,0,0,0,0,8,16,10,1,0,0,0,0,11,16,6,0,0,0,0,6,16,16,4,0,0,0,4,12,14,16,4,0,0,0,0,0,8,16,4,0,0,0,0,0,11,16,5,0,0,0,0,0,6,16,16,7,0,1
fit,optdigits.tra,2212,0,0,1,7,16,12,0,0,0,0,3,15,16,12,0,0,0,5,13,16,16,9,0,0,0,5,14,16,16,8,0,0,0,0,4,16,16,7,0,0,0,0,0,11,16,12,0,0,0,0,0,8,16,16,5,0,0,0,0,6,14,13,5,0,1
fit,optdigits.tra,3376,0,0,0,4,12,13,2,0,0,0,2,13,16,15,0,0,0,4,16,16,16,9,0,0,0,3,10,15,16,6,0,0,0,0,0,13,16,0,0,0,0,0,0,14,16,1,0,0,0,0,0,9,16,10,0,0,0,0,0,2,15,13,1,0,1
fit,optdigits.tra,649,0,0,11,8,0,0,0,0,0,0,12,15,1,0,0,0,0,0,13,16,5,0,0,0,0,0,12,16,6,0,0,0,0,0,2,15,7,0,0,0,0,0,0,10,14,1,0,0,0,0,16,16,16,16,11,3,0,0,11,16,16,16,16,11,1
fit,optdigits.tra,2797,0,0,4,13,11,2,0,0,0,0,2,13,16,7,0,0,0,0,0,7,16,15,0,0,0,0,0,3,16,15,4,0,0,0,0,7,16,16,1,0,0,0,0,10,16,14,0,0,0,0,1,13,15,4,0,0,0,0,8,16,14,0,0,0,1
fit,optdigits.tra,53,0,0,0,1,15,9,1,0,0,0,0,5,16,16,0,0,0,0,0,13,16,11,0,0,0,2,8,16,16,11,0,0,0,5,12,13,16,8,0,0,0,0,0,5,16,7,0,0,0,0,0,7,16,4,0,0,0,0,0,3,16,15,1,0,1
fit,optdigits.tra,3363,0,0,0,2,15,9,0,0,0,0,0,7,16,15,0,0,0,0,5,15,16,10,0,0,0,3,16,16,16,6,0,0,0,3,12,14,16,5,0,0,0,0,0,8,16,8,0,0,0,0,0,5,16,15,2,0,0,0,0,2,13,15,4,0,1
fit,optdigits.tra,2188,0,0,0,1,13,10,0,0,0,0,0,3,16,15,0,0,0,0,3,9,16,15,0,0,0,7,16,15,16,12,0,0,0,0,0,1,16,15,0,0,0,0,0,4,16,16,0,0,0,0,0,4,16,16,3,0,0,0,0,0,12,16,4,0,1
fit,optdigits.tra,544,0,0,0,1,16,8,0,0,0,0,0,5,16,8,0,0,0,0,5,12,16,4,0,0,0,8,16,16,16,3,0,0,0,0,0,9,16,5,0,0,0,0,0,11,16,6,0,0,0,0,0,6,16,12,0,0,0,0,0,2,16,14,1,0,1
fit,optdigits.tra,1361,0,0,1,15,11,0,0,0,0,0,9,16,16,1,0,0,0,8,16,16,15,0,0,0,1,16,16,16,14,0,0,0,0,4,6,15,15,0,0,0,0,0,2,16,12,0,0,0,0,0,1,16,13,0,0,0,0,0,0,14,12,0,0,0,1
fit,optdigits.tra,1487,0,0,1,15,14,0,0,0,0,0,6,16,16,8,0,0,0,0,12,16,16,2,0,0,0,0,12,16,13,0,0,0,0,0,15,16,7,0,0,0,0,0,14,16,7,0,0,0,0,0,11,16,11,0,0,0,0,0,2,14,13,0,0,0,1
fit,optdigits.tra,761,0,0,0,4,15,12,0,0,0,0,0,10,16,14,0,0,0,2,9,16,16,13,0,0,0,14,16,13,14,14,0,0,0,5,12,0,11,16,0,0,0,0,0,0,13,14,0,0,0,0,0,1,16,11,0,0,0,0,0,4,16,7,0,0,1
fit,optdigits.tra,2609,0,0,1,16,9,0,0,0,0,0,3,16,16,2,0,0,0,0,5,16,15,1,0,0,0,0,4,16,11,0,0,0,0,0,3,16,15,0,0,0,0,0,1,16,12,0,0,0,0,0,2,16,14,0,0,0,0,0,0,14,9,0,0,0,1
fit,optdigits.tra,1608,0,1,8,15,10,0,0,0,0,4,16,16,16,9,0,0,0,0,12,16,16,12,0,0,0,0,10,16,16,8,0,0,0,0,8,16,16,10,0,0,0,0,9,16,16,13,0,0,0,0,8,16,16,12,0,0,0,0,5,15,16,9,1,0,1
fit,optdigits.tra,358,0,0,1,14,15,3,0,0,0,0,9,16,16,8,0,0,0,9,16,16,14,10,0,0,0,0,3,8,16,14,0,0,0,0,0,2,16,16,2,0,0,0,0,0,13,16,9,0,0,0,1,10,16,16,9,0,0,0,2,10,15,10,0,0,1
validation,optdigits.tra,2045,0,0,0,0,2,14,4,0,0,0,0,1,11,16,5,0,0,0,6,14,16,16,1,0,0,5,16,12,16,13,0,0,0,3,10,0,14,13,0,0,0,0,0,0,15,14,0,0,0,0,0,0,8,16,1,0,0,0,0,0,4,15,0,0,1
validation,optdigits.tra,2407,0,0,0,0,4,16,5,0,0,0,0,2,15,16,4,0,0,0,1,13,16,16,0,0,0,1,14,12,14,12,0,0,0,6,14,1,10,13,0,0,0,4,2,0,9,13,0,0,0,0,0,0,8,12,0,0,0,0,0,0,4,14,0,0,1
validation,optdigits.tra,908,0,0,0,6,14,3,0,0,0,0,2,14,16,12,0,0,0,0,4,16,16,16,0,0,0,1,11,16,16,12,0,0,0,6,16,16,16,12,0,0,0,0,8,16,16,9,0,0,0,0,4,16,16,10,1,0,0,0,0,9,14,11,2,0,1
validation,optdigits.tra,1105,0,0,8,12,11,6,0,0,0,1,14,16,16,13,0,0,0,4,16,16,16,8,0,0,0,1,15,16,16,3,0,0,0,3,15,16,16,7,0,0,0,2,13,16,16,8,0,0,0,1,14,16,16,7,0,0,0,0,7,12,9,0,0,0,1
validation,optdigits.tra,3396,0,0,3,12,10,1,0,0,0,0,12,16,16,10,0,0,0,0,7,16,16,8,0,0,0,0,3,16,16,12,0,0,0,0,2,15,16,14,0,0,0,0,0,16,16,15,0,0,0,0,2,16,16,14,0,0,0,0,4,8,12,3,0,0,1
validation,optdigits.tra,763,0,0,0,12,13,1,0,0,0,0,1,14,16,3,0,0,0,2,13,16,16,2,0,0,0,15,16,16,16,3,0,0,0,5,3,10,16,2,0,0,0,0,0,6,16,5,0,0,0,0,0,9,16,5,0,0,0,0,0,10,16,3,0,0,1
validation,optdigits.tra,3750,0,0,0,2,15,4,0,0,0,0,0,7,16,5,0,0,0,0,8,16,14,1,0,0,0,7,16,16,12,0,0,0,0,2,8,14,12,0,0,0,0,0,0,9,13,0,0,0,0,0,0,6,16,13,2,0,0,0,0,2,12,13,2,0,1
validation,optdigits.tra,2507,0,0,5,16,14,3,0,0,0,0,2,14,16,10,0,0,0,0,0,12,16,8,0,0,0,0,0,14,16,6,0,0,0,0,1,16,16,3,0,0,0,0,3,15,16,0,0,0,0,0,0,15,16,9,0,0,0,0,0,13,16,11,0,0,1
validation,optdigits.tra,2232,0,0,12,10,0,0,0,0,0,3,13,16,4,0,0,0,0,6,16,16,7,0,0,0,0,0,8,15,9,0,0,0,0,0,0,10,14,0,0,0,0,0,0,6,16,6,0,0,0,0,9,13,16,13,8,3,0,0,9,16,16,16,16,9,1
validation,optdigits.tra,1153,0,0,3,16,11,0,0,0,0,0,5,16,16,0,0,0,0,1,11,16,15,0,0,0,0,3,15,16,15,0,0,0,0,0,2,16,14,0,0,0,0,0,0,15,16,0,0,0,0,0,1,16,16,2,0,0,0,0,1,11,14,5,0,0,1
validation,optdigits.tra,2353,0,0,0,11,12,6,0,0,0,0,4,16,16,16,0,0,0,0,9,16,16,16,0,0,0,0,13,16,16,16,4,0,0,0,5,16,16,16,4,0,0,0,1,16,16,16,2,0,0,0,2,16,16,16,5,0,0,0,0,5,11,9,2,0,1
validation,optdigits.tra,2053,0,0,0,0,12,16,2,0,0,0,3,11,16,16,5,0,0,3,15,16,16,14,0,0,0,4,12,12,16,14,0,0,0,0,0,5,16,11,0,0,0,0,0,7,16,11,0,0,0,0,0,4,16,13,0,0,0,0,0,1,13,13,0,0,1
validation,optdigits.tra,2266,0,0,2,12,9,1,0,0,0,0,7,16,16,7,0,0,0,0,12,16,16,2,0,0,0,1,16,16,16,1,0,0,0,0,14,16,15,1,0,0,0,0,8,16,16,3,0,0,0,0,8,16,16,7,0,0,0,0,3,12,16,16,5,0,1
validation,optdigits.tra,622,0,0,10,9,0,0,0,0,0,0,7,16,2,0,0,0,0,11,14,16,3,0,0,0,0,5,15,16,5,0,0,0,0,0,1,10,10,0,0,0,0,0,0,5,15,0,0,0,0,0,5,12,16,14,12,4,0,0,8,16,16,16,16,13,1
validation,optdigits.tra,2088,0,0,0,0,3,16,6,0,0,0,0,5,15,16,9,0,0,1,10,16,15,16,8,0,0,10,16,12,2,16,5,0,0,1,6,0,4,16,4,0,0,0,0,0,5,16,1,0,0,0,0,0,6,16,3,0,0,0,0,0,3,16,9,0,1
assessment,optdigits.tes,732,0,0,5,15,13,12,4,0,0,0,11,16,16,14,0,0,0,0,16,16,16,8,0,0,0,4,16,16,15,3,0,0,0,2,16,16,8,0,0,0,0,0,16,15,3,0,0,0,0,0,10,16,4,0,0,0,0,0,8,15,3,0,0,0,1
assessment,optdigits.tes,1753,0,0,4,10,12,7,0,0,0,0,8,16,16,15,0,0,0,0,9,16,16,12,0,0,0,0,7,16,16,9,0,0,0,0,2,14,16,11,1,0,0,0,0,16,16,16,0,0,0,0,2,16,16,12,0,0,0,0,1,9,10,0,0,0,1
assessment,optdigits.tes,48,0,0,0,1,11,9,0,0,0,0,0,7,16,13,0,0,0,0,4,14,16,9,0,0,0,10,16,11,16,8,0,0,0,0,0,3,16,6,0,0,0,0,0,3,16,8,0,0,0,0,0,5,16,10,0,0,0,0,0,2,14,6,0,0,1
assessment,optdigits.tes,1041,0,0,6,10,8,3,0,0,0,0,6,16,16,9,0,0,0,0,9,16,16,6,0,0,0,0,7,16,16,10,0,0,0,0,11,16,16,8,0,0,0,0,7,16,16,9,0,0,0,0,10,16,16,6,0,0,0,0,4,9,12,11,2,0,1
assessment,optdigits.tes,740,0,0,5,12,12,8,1,0,0,0,10,16,16,15,0,0,0,0,11,16,16,8,0,0,0,4,16,16,16,4,0,0,0,3,16,16,10,0,0,0,0,0,13,16,16,3,0,0,0,0,13,16,16,0,0,0,0,0,2,10,12,0,0,0,1
assessment,optdigits.tes,108,0,0,0,0,6,10,0,0,0,0,0,0,14,15,0,0,0,0,0,10,16,16,0,0,0,0,7,16,16,15,0,0,0,3,15,7,15,10,0,0,0,0,0,0,13,11,0,0,0,0,0,0,15,9,0,0,0,0,0,0,8,15,0,0,1
assessment,optdigits.tes,132,0,0,0,0,5,15,8,0,0,0,0,2,15,16,9,0,0,0,3,15,16,16,10,0,0,7,16,10,8,16,7,0,0,0,1,0,8,16,4,0,0,0,0,0,11,16,1,0,0,0,0,0,9,16,1,0,0,0,0,0,8,14,0,0,1
assessment,optdigits.tes,388,0,0,0,0,13,16,6,0,0,0,3,11,16,16,5,0,0,5,16,16,16,16,4,0,0,4,10,9,16,16,4,0,0,0,0,0,13,16,4,0,0,0,0,0,12,16,4,0,0,0,0,2,16,16,7,0,0,0,0,1,12,14,5,0,1
assessment,optdigits.tes,429,0,0,0,1,12,7,0,0,0,0,0,9,16,16,1,0,0,1,7,15,16,14,0,0,0,4,16,16,16,16,0,0,0,0,0,3,16,16,0,0,0,0,0,2,16,16,3,0,0,0,0,6,16,16,0,0,0,0,0,3,15,13,0,0,1
assessment,optdigits.tes,187,0,0,0,1,11,14,5,0,0,0,0,9,16,16,5,0,0,0,10,16,16,16,1,0,0,5,16,16,16,16,0,0,0,1,5,11,16,16,0,0,0,0,0,5,16,16,0,0,0,0,0,0,11,16,0,0,0,0,0,0,11,10,0,0,1
assessment,optdigits.tes,610,0,0,4,15,4,0,0,0,0,0,3,16,9,0,0,0,0,0,2,16,11,0,0,0,0,0,0,16,13,0,0,0,0,0,2,16,16,2,0,0,0,0,0,5,15,10,0,0,0,0,4,12,14,16,13,13,0,0,2,13,16,16,15,8,1
assessment,optdigits.tes,1387,0,0,2,16,12,0,0,0,0,0,5,16,16,1,0,0,0,0,2,16,15,0,0,0,0,0,6,16,14,0,0,0,0,0,8,16,9,0,0,0,0,0,7,16,14,0,0,0,0,0,8,16,11,0,0,0,0,0,2,15,13,0,0,0,1
assessment,optdigits.tes,1632,0,0,0,12,7,0,0,0,0,0,0,14,15,0,0,0,0,0,0,14,16,1,0,0,0,0,0,15,16,2,0,0,0,0,0,13,16,1,0,0,0,0,0,14,16,1,0,0,0,0,0,14,16,1,0,0,0,0,0,6,16,2,0,0,1
assessment,optdigits.tes,1135,0,0,3,16,12,2,0,0,0,0,6,16,16,3,0,0,0,0,9,16,16,0,0,0,0,0,9,16,16,1,0,0,0,0,9,16,16,0,0,0,0,0,9,16,13,0,0,0,0,0,7,16,13,0,0,0,0,0,3,14,16,3,0,0,1
assessment,optdigits.tes,1724,0,0,5,11,12,5,0,0,0,0,12,6,2,3,0,0,0,0,9,16,16,4,0,0,0,0,12,16,16,4,0,0,0,0,12,16,16,4,0,0,0,0,12,16,16,4,0,0,0,0,12,16,16,8,0,0,0,0,6,12,11,7,0,0,1
assessment,optdigits.tes,1243,0,0,1,12,16,8,0,0,0,2,13,16,16,8,0,0,0,13,16,14,16,12,0,0,0,11,6,7,16,2,0,0,0,0,0,11,16,1,0,0,0,0,0,13,13,0,0,0,0,0,0,15,13,0,0,0,0,0,0,13,13,0,0,0,1
assessment,optdigits.tes,1715,0,0,1,7,10,3,0,0,0,0,8,16,16,12,0,0,0,0,8,16,16,12,0,0,0,0,10,16,16,5,0,0,0,0,7,16,16,1,0,0,0,0,14,16,15,1,0,0,0,0,12,16,16,1,0,0,0,0,1,9,12,9,0,0,1
assessment,optdigits.tes,1330,0,0,0,16,13,0,0,0,0,0,0,15,15,0,0,0,0,0,0,16,13,0,0,0,0,0,3,16,11,0,0,0,0,0,2,16,12,0,0,0,0,0,3,16,12,0,0,0,0,0,1,16,12,0,0,0,0,0,0,12,15,1,0,0,1
assessment,optdigits.tes,616,0,0,5,16,14,8,0,0,0,0,4,16,16,7,0,0,0,0,14,16,16,8,0,0,0,0,14,16,16,8,0,0,0,0,11,16,16,5,0,0,0,0,10,16,16,8,0,0,0,0,11,16,16,14,3,0,0,0,6,16,16,16,3,0,1
assessment,optdigits.tes,1515,0,0,0,0,5,15,6,0,0,0,0,4,15,16,4,0,0,3,11,16,10,16,4,0,0,4,11,3,0,16,4,0,0,0,0,0,1,16,4,0,0,0,0,0,3,16,3,0,0,0,0,0,5,16,4,0,0,0,0,0,6,15,4,0,1
assessment,optdigits.tes,1159,0,0,0,5,15,13,1,0,0,0,2,14,16,14,0,0,0,1,13,16,16,12,0,0,0,9,16,14,16,6,0,0,0,3,5,6,16,4,0,0,0,0,0,8,16,2,0,0,0,0,0,9,16,3,0,0,0,0,0,4,15,13,1,0,1
assessment,optdigits.tes,1257,0,0,3,16,12,1,0,0,0,0,10,16,16,0,0,0,0,0,12,16,12,0,0,0,0,0,13,16,10,0,0,0,0,0,16,16,1,0,0,0,0,0,16,16,0,0,0,0,0,0,10,16,1,0,0,0,0,0,2,13,9,0,0,0,1
assessment,optdigits.tes,1238,0,0,3,16,12,1,0,0,0,0,3,16,16,5,0,0,0,0,2,16,16,5,0,0,0,0,0,16,16,5,0,0,0,0,4,16,16,2,0,0,0,0,4,16,14,0,0,0,0,0,6,16,14,0,0,0,0,0,2,16,14,0,0,0,1
assessment,optdigits.tes,824,0,0,5,14,12,5,0,0,0,0,13,16,16,9,0,0,0,0,11,16,16,9,0,0,0,0,11,16,16,7,0,0,0,0,10,16,16,2,0,0,0,0,13,16,15,0,0,0,0,0,14,16,13,0,0,0,0,0,7,13,16,8,0,0,1
assessment,optdigits.tes,1761,0,0,1,12,10,3,0,0,0,0,7,16,16,7,0,0,0,0,12,16,16,3,0,0,0,0,14,16,16,2,0,0,0,1,15,16,16,5,0,0,0,0,15,16,15,2,0,0,0,0,11,16,16,8,0,0,0,0,1,7,12,10,0,0,1
assessment,optdigits.tes,219,0,0,0,0,3,15,6,0,0,0,0,0,11,16,7,0,0,0,0,9,16,16,4,0,0,0,10,16,16,16,4,0,0,4,16,7,8,16,4,0,0,1,4,0,10,16,2,0,0,0,0,0,7,16,1,0,0,0,0,0,3,16,1,0,1
assessment,optdigits.tes,1710,0,0,3,14,15,9,0,0,0,0,10,16,16,13,0,0,0,2,13,16,16,4,0,0,0,0,12,16,16,4,0,0,0,2,13,16,16,4,0,0,0,0,12,16,16,4,0,0,0,0,6,16,16,16,6,0,0,0,2,10,16,16,2,0,1
assessment,optdigits.tes,1127,0,0,1,12,11,1,0,0,0,0,1,16,16,4,0,0,0,0,3,16,15,2,0,0,0,0,9,16,12,0,0,0,0,0,12,16,5,0,0,0,0,0,14,16,6,0,0,0,0,0,9,16,8,0,0,0,0,0,2,11,13,1,0,0,1
assessment,optdigits.tes,304,0,0,0,10,13,0,0,0,0,0,0,13,16,5,0,0,0,0,0,16,16,4,0,0,0,0,3,16,16,7,0,0,0,0,7,16,16,9,0,0,0,0,9,16,16,10,0,0,0,0,10,16,16,14,0,0,0,0,1,5,7,15,8,0,1
assessment,optdigits.tes,347,0,0,0,12,15,2,0,0,0,0,0,13,16,8,0,0,0,0,0,14,16,9,0,0,0,0,0,13,16,6,0,0,0,0,7,16,16,3,0,0,0,1,16,16,16,1,0,0,0,0,8,16,16,2,0,0,0,0,0,9,16,7,0,0,1
fit,optdigits.tra,1202,0,0,13,14,5,0,0,0,0,3,16,15,16,3,0,0,0,7,11,1,13,4,0,0,0,1,2,2,15,2,0,0,0,0,0,9,12,0,0,0,0,0,8,16,4,1,1,0,0,0,16,16,16,16,8,0,0,0,11,12,10,11,7,0,2
fit,optdigits.tra,2794,0,2,11,16,5,0,0,0,0,11,16,16,9,0,0,0,0,2,6,16,9,0,0,0,0,0,8,16,5,0,0,0,0,0,14,11,0,0,0,0,0,6,16,5,0,0,2,0,0,6,16,14,13,15,12,0,0,0,15,16,13,11,3,0,2
fit,optdigits.tra,1140,0,0,5,10,12,7,0,0,0,1,14,16,16,16,0,0,0,11,16,4,7,15,0,0,0,5,12,0,11,14,0,0,0,0,0,5,16,9,0,0,0,0,2,14,13,5,1,0,0,0,10,16,16,16,15,0,0,0,7,12,12,9,12,1,2
fit,optdigits.tra,1875,0,0,15,16,7,0,0,0,0,3,16,6,16,3,0,0,0,0,12,6,12,9,0,0,0,0,0,0,12,7,0,0,0,0,0,0,15,4,0,0,0,0,0,6,15,2,0,0,0,1,11,15,13,2,8,1,0,0,13,14,15,16,16,3,2
fit,optdigits.tra,2015,0,0,10,16,9,0,0,0,0,2,16,16,16,2,0,0,0,0,8,1,15,8,0,0,0,0,0,0,14,9,0,0,0,0,0,1,16,10,0,0,0,0,0,9,16,16,7,0,0,0,8,16,15,12,15,5,0,0,13,15,1,0,5,6,2
fit,optdigits.tra,1430,0,0,6,10,12,4,0,0,0,2,15,10,8,9,0,0,0,0,6,0,3,12,0,0,0,0,0,0,8,7,0,0,0,0,0,6,14,1,0,0,0,0,4,14,6,0,0,0,0,1,16,11,7,11,8,0,0,0,13,16,13,12,12,0,2
fit,optdigits.tra,2475,0,1,10,14,2,0,0,0,0,4,16,14,6,0,0,0,0,5,9,8,8,0,0,0,0,0,1,13,7,0,0,0,0,0,3,16,1,0,0,0,0,0,6,14,0,2,2,0,0,0,16,16,16,16,12,0,0,0,15,13,10,9,8,0,2
fit,optdigits.tra,628,0,3,14,16,4,0,0,0,0,8,10,11,11,0,0,0,0,5,9,0,13,2,0,0,0,0,0,0,12,4,0,0,0,0,0,2,15,1,0,0,0,0,0,14,11,0,0,0,0,1,13,16,14,12,6,0,0,2,12,12,12,12,11,0,2
fit,optdigits.tra,2050,0,3,15,16,13,0,0,0,0,10,14,15,16,4,0,0,0,3,3,1,16,8,0,0,0,0,0,6,16,4,0,0,0,0,1,14,12,0,0,0,0,0,10,16,3,0,0,0,0,3,16,15,12,11,1,0,0,2,16,16,16,16,8,0,2
fit,optdigits.tra,3173,0,0,16,10,0,0,0,0,0,3,16,16,6,0,0,0,0,0,16,12,12,0,0,0,0,0,13,11,14,0,0,0,0,0,1,6,16,0,0,0,0,0,0,10,12,0,0,0,0,0,13,16,16,14,8,0,0,1,13,16,16,15,16,5,2
fit,optdigits.tra,1960,0,4,15,16,7,0,0,0,0,4,16,11,16,2,0,0,0,2,6,4,16,3,0,0,0,0,0,1,16,4,0,0,0,0,0,8,14,1,0,0,0,0,2,15,10,0,0,0,0,3,15,16,13,12,11,0,0,5,16,16,15,12,12,0,2
fit,optdigits.tra,3609,0,0,8,16,8,0,0,0,0,9,16,13,16,5,0,0,0,7,3,6,16,4,0,0,0,0,0,15,13,0,0,0,0,0,9,16,2,0,0,0,0,0,14,9,0,0,0,0,0,0,16,11,4,6,8,0,0,0,7,16,16,11,7,0,2
fit,optdigits.tra,2712,0,2,13,13,1,0,0,0,0,3,14,13,13,0,0,0,0,0,2,0,16,0,0,0,0,0,0,0,16,0,0,0,0,0,0,9,8,0,0,0,0,0,4,15,3,0,0,0,0,2,16,16,9,7,6,0,0,0,11,12,15,16,12,0,2
fit,optdigits.tra,3472,0,1,10,16,9,0,0,0,0,9,15,13,16,0,0,0,0,4,2,0,14,2,0,0,0,0,0,0,12,4,0,0,0,0,0,1,14,1,0,0,0,0,0,9,7,0,0,0,0,0,14,16,16,16,11,0,0,0,8,10,12,14,10,0,2
fit,optdigits.tra,3702,0,0,2,12,13,0,0,0,0,3,15,13,16,0,0,0,0,10,13,1,16,0,0,0,0,0,1,4,16,0,0,0,0,0,0,6,13,0,0,0,0,0,0,9,10,7,8,0,0,0,0,14,15,15,3,0,0,0,0,15,12,3,0,0,2
fit,optdigits.tra,3257,0,0,9,16,11,2,0,0,0,9,16,8,13,8,0,0,0,8,6,0,0,12,0,0,0,0,0,0,8,10,0,0,0,0,0,0,14,6,0,0,0,0,0,8,11,0,0,0,0,0,8,16,6,4,4,0,0,0,12,15,15,16,13,0,2
fit,optdigits.tra,2909,0,1,13,16,12,1,0,0,0,6,16,11,14,7,0,0,0,5,16,0,10,10,0,0,0,0,2,0,13,10,0,0,0,0,0,2,16,7,0,0,0,0,0,11,15,1,0,0,0,0,11,16,16,12,12,2,0,0,15,16,12,12,12,3,2
fit,optdigits.tra,1593,0,0,9,15,2,0,0,0,0,3,16,14,13,1,0,0,0,0,6,0,14,2,0,0,0,0,0,1,15,0,0,0,0,0,0,5,14,0,0,0,0,0,1,12,9,0,0,0,0,0,12,16,16,16,16,2,0,0,8,13,11,8,7,0,2
fit,optdigits.tra,1714,0,0,13,16,12,0,0,0,0,8,16,14,16,0,0,0,0,12,13,7,16,1,0,0,0,5,8,10,15,0,0,0,0,0,1,16,9,0,0,0,0,0,8,16,3,0,0,0,0,0,14,15,8,9,6,0,0,0,16,16,15,11,3,0,2
fit,optdigits.tra,1405,0,0,9,15,14,2,0,0,0,3,16,13,15,11,0,0,0,2,9,0,14,9,0,0,0,0,0,5,16,5,0,0,0,0,0,12,14,0,0,0,0,0,5,16,4,0,0,0,0,1,14,15,8,8,9,1,0,0,11,16,16,16,16,7,2
fit,optdigits.tra,1907,0,0,11,16,13,2,0,0,0,0,10,15,11,13,0,0,0,0,3,15,7,15,5,0,0,0,0,1,1,13,6,0,0,0,0,0,0,16,5,0,0,0,0,0,9,16,2,0,0,0,15,16,16,11,0,0,0,0,9,15,13,16,16,5,2
fit,optdigits.tra,1588,0,1,15,15,1,0,0,0,0,7,16,16,11,0,0,0,0,3,7,8,13,0,0,0,0,0,0,7,16,2,0,0,0,0,2,15,9,0,0,0,0,0,8,16,5,0,3,0,0,3,15,16,16,16,16,0,0,2,16,16,16,16,10,0,2
fit,optdigits.tra,3345,0,0,7,15,10,0,0,0,0,2,16,9,14,3,0,0,0,5,9,0,8,4,0,0,0,2,10,0,13,1,0,0,0,0,0,9,12,0,0,0,0,0,4,15,1,0,0,0,0,0,16,7,4,4,2,0,0,0,9,16,14,12,6,0,2
fit,optdigits.tra,640,0,2,15,10,1,0,0,0,0,8,15,16,9,0,0,0,0,8,10,11,12,0,0,0,0,1,5,7,16,0,0,0,0,0,0,10,13,0,0,0,0,0,2,15,10,0,0,0,0,5,16,16,16,12,8,0,0,3,12,12,11,14,16,1,2
fit,optdigits.tra,609,0,1,14,12,1,0,0,0,0,7,16,16,13,0,0,0,0,6,14,3,16,2,0,0,0,2,12,0,14,6,0,0,0,0,0,0,15,8,0,0,0,0,0,8,16,4,0,0,0,2,12,16,16,12,10,0,0,0,15,16,16,16,16,6,2
fit,optdigits.tra,1515,0,0,14,11,1,0,0,0,0,7,15,14,8,0,0,0,0,7,8,4,8,0,0,0,0,0,4,0,12,0,0,0,0,0,0,4,10,0,0,0,0,0,0,8,6,0,0,0,0,1,13,16,13,8,4,0,0,1,14,12,16,16,10,0,2
fit,optdigits.tra,1465,0,0,9,16,13,3,0,0,0,2,16,16,16,12,0,0,0,0,0,6,16,7,0,0,0,0,1,15,12,0,0,0,0,0,13,15,2,0,0,0,0,4,16,7,0,0,0,0,0,8,16,8,6,8,3,0,0,1,11,16,16,12,4,0,2
fit,optdigits.tra,885,0,4,16,14,1,0,0,0,0,9,16,16,8,0,0,0,0,5,9,12,7,0,0,0,0,0,1,16,3,0,0,0,0,0,6,15,0,0,0,0,0,1,15,10,0,0,0,0,0,6,16,14,10,6,1,0,0,4,15,16,16,16,13,0,2
fit,optdigits.tra,2118,0,0,5,14,16,8,0,0,0,3,16,14,15,15,0,0,0,0,8,3,14,11,0,0,0,0,0,9,15,3,0,0,0,0,3,15,8,0,0,0,0,0,10,14,1,0,0,0,0,0,16,13,4,9,8,0,0,0,5,14,15,12,3,0,2
fit,optdigits.tra,3392,0,1,15,6,0,0,0,0,0,7,15,16,3,0,0,0,0,11,5,12,4,0,0,0,0,2,3,10,7,0,0,0,0,0,1,16,2,0,0,0,0,0,6,14,0,0,0,0,0,0,14,16,16,15,6,0,0,0,8,8,8,10,13,0,2
fit,optdigits.tra,2047,0,3,15,13,2,0,0,0,0,11,14,12,11,0,0,0,0,8,2,4,15,0,0,0,0,0,0,4,15,0,0,0,0,0,0,13,7,0,0,0,0,0,6,15,1,0,0,0,0,2,14,14,12,15,8,0,0,2,13,13,12,12,5,0,2
fit,optdigits.tra,2156,0,0,9,15,5,0,0,0,0,7,16,13,14,0,0,0,0,14,10,4,16,0,0,0,0,7,6,2,16,1,0,0,0,0,0,6,13,0,0,0,0,0,0,9,11,0,0,0,0,0,5,16,15,9,4,0,0,0,10,14,11,15,16,2,2
fit,optdigits.tra,780,0,7,16,13,2,0,0,0,0,8,14,12,14,0,0,0,0,1,2,4,16,0,0,0,0,0,0,0,16,4,0,0,0,0,0,5,16,2,0,0,0,0,0,11,15,0,0,0,0,1,11,16,16,13,11,0,0,4,16,16,12,12,9,0,2
fit,optdigits.tra,1670,0,1,12,16,6,0,0,0,0,9,16,14,14,3,0,0,0,12,12,0,16,7,0,0,0,2,0,0,15,6,0,0,0,0,0,4,15,1,0,0,0,0,1,12,14,0,0,0,0,2,15,16,14,9,2,0,0,1,13,16,16,16,16,3,2
fit,optdigits.tra,1782,0,0,7,16,16,7,0,0,0,3,16,16,16,11,0,0,0,1,6,4,16,7,0,0,0,0,0,9,15,2,0,0,0,0,1,14,8,0,0,0,0,0,7,16,5,4,1,0,0,0,10,16,16,16,5,0,0,0,7,16,16,7,0,0,2
fit,optdigits.tra,1118,0,0,11,12,2,0,0,0,0,3,16,12,7,0,0,0,0,2,14,3,10,0,0,0,0,0,0,5,8,0,0,0,0,0,0,11,5,0,0,0,0,0,3,16,1,0,0,0,0,0,11,14,9,15,15,0,0,0,8,13,12,8,10,2,2
fit,optdigits.tra,3763,0,6,16,6,0,0,0,0,0,9,16,16,2,0,0,0,0,1,2,16,7,0,0,0,0,0,2,16,3,0,0,0,0,0,10,15,0,0,0,0,0,4,16,6,0,0,0,0,0,10,16,12,14,16,9,0,0,7,16,16,12,10,3,0,2
fit,optdigits.tra,1253,0,0,2,12,16,10,0,0,0,0,11,12,11,16,4,0,0,0,1,1,1,16,4,0,0,0,0,0,8,14,2,0,0,0,0,4,15,5,0,0,0,0,8,16,5,0,0,0,0,5,16,16,14,9,1,0,0,0,3,8,10,15,3,0,2
fit,optdigits.tra,204,0,1,13,13,1,0,0,0,0,9,16,16,7,0,0,0,0,5,5,13,8,0,0,0,0,0,2,16,6,0,0,0,0,0,11,15,1,0,0,0,0,4,16,8,1,0,0,0,0,4,16,16,16,16,6,0,0,1,11,14,16,16,11,0,2
fit,optdigits.tra,1926,0,0,15,15,4,0,0,0,0,0,16,13,15,2,0,0,0,0,9,15,12,8,0,0,0,0,0,2,11,10,0,0,0,0,0,0,13,8,0,0,0,0,0,1,14,5,0,0,0,0,16,16,16,6,1,0,0,1,11,15,12,15,15,4,2
fit,optdigits.tra,2656,0,0,11,14,10,3,0,0,0,0,6,8,12,15,3,0,0,0,0,0,6,16,5,0,0,0,0,6,15,12,1,0,0,0,5,16,13,1,0,0,0,0,15,13,0,0,0,0,0,5,16,8,4,2,0,0,0,1,10,16,16,10,0,0,2
fit,optdigits.tra,1902,0,0,8,15,8,0,0,0,0,4,16,16,16,5,0,0,0,8,16,2,6,15,0,0,0,3,15,4,4,16,0,0,0,0,1,0,7,15,0,0,0,0,0,3,15,7,0,0,0,2,11,16,15,7,4,0,0,1,13,16,15,12,4,0,2
fit,optdigits.tra,1755,0,0,11,16,6,0,0,0,0,2,16,15,16,3,0,0,0,0,8,4,16,4,0,0,0,0,0,7,14,1,0,0,0,0,0,14,9,0,0,0,0,0,11,11,0,0,0,0,0,1,16,9,2,5,1,0,0,0,9,14,12,9,0,0,2
fit,optdigits.tra,1483,0,5,15,13,0,0,0,0,0,3,10,16,5,0,0,0,0,0,0,14,4,0,0,0,0,0,6,14,0,0,0,0,0,1,14,7,0,0,0,0,0,7,13,1,0,0,0,0,0,13,14,10,11,9,5,0,0,5,15,16,14,10,3,0,2
fit,optdigits.tra,3458,0,0,9,8,1,0,0,0,0,5,16,16,7,0,0,0,0,8,10,8,8,0,0,0,0,0,2,4,12,0,0,0,0,0,0,6,10,0,0,0,0,0,0,7,9,0,0,0,0,0,6,16,15,11,5,0,0,0,9,14,12,14,10,0,2
fit,optdigits.tra,2445,0,3,14,14,2,0,0,0,0,10,15,14,11,0,0,0,0,11,7,5,16,0,0,0,0,1,2,0,16,3,0,0,0,0,0,7,12,0,0,0,0,0,1,12,15,7,0,0,0,1,15,16,16,16,11,0,0,1,10,10,5,6,7,0,2
fit,optdigits.tra,3625,0,0,9,16,12,1,0,0,0,7,16,13,16,9,0,0,0,9,6,0,12,12,0,0,0,0,0,0,11,10,0,0,0,0,0,2,15,6,0,0,0,0,0,11,12,0,0,0,0,0,12,16,13,9,2,0,0,0,11,16,16,16,11,0,2
fit,optdigits.tra,2479,0,0,9,14,7,1,0,0,0,6,16,10,15,5,0,0,0,7,15,0,12,8,0,0,0,0,0,3,16,4,0,0,0,0,0,7,14,0,0,0,0,0,2,16,5,0,1,0,0,0,8,15,13,16,15,2,0,0,8,14,11,6,10,2,2
fit,optdigits.tra,3444,0,0,6,14,9,0,0,0,0,3,16,15,16,6,0,0,0,6,14,0,8,10,0,0,0,0,2,0,11,10,0,0,0,0,0,5,16,4,0,0,0,0,2,14,12,1,0,0,0,0,10,16,16,16,16,0,0,0,10,13,12,8,10,1,2
fit,optdigits.tra,105,0,2,14,16,14,2,0,0,0,9,15,9,16,8,0,0,0,1,3,1,16,6,0,0,0,0,0,5,16,3,0,0,0,0,0,13,13,0,0,0,0,0,7,16,3,0,0,0,0,2,15,16,10,12,6,0,0,4,16,16,16,16,11,0,2
validation,optdigits.tra,1256,0,0,12,16,12,2,0,0,0,12,15,9,15,12,0,0,0,12,7,0,8,16,0,0,0,3,1,0,8,14,0,0,0,0,0,4,16,6,0,0,0,0,1,13,15,1,0,0,0,0,11,16,13,12,8,0,0,0,11,12,12,15,14,0,2
validation,optdigits.tra,2041,0,0,10,15,16,6,0,0,0,1,13,5,7,15,2,0,0,0,0,0,7,12,2,0,0,0,0,6,15,3,0,0,0,0,7,12,1,0,0,0,0,5,14,2,0,0,0,0,0,9,14,10,11,7,1,0,0,1,7,8,8,11,4,0,2
validation,optdigits.tra,3269,0,3,15,15,3,0,0,0,0,8,15,14,14,0,0,0,0,4,9,2,16,5,0,0,0,0,0,2,16,5,0,0,0,0,0,7,15,1,0,0,0,0,0,14,9,0,0,0,0,1,11,16,10,8,4,0,0,5,16,16,16,16,11,0,2
validation,optdigits.tra,1900,0,0,10,12,2,0,0,0,0,4,15,13,13,0,0,0,0,5,12,0,14,2,0,0,0,2,10,0,13,3,0,0,0,0,0,2,14,0,0,0,0,0,0,9,9,0,0,0,0,0,11,16,8,4,2,0,0,0,13,15,16,16,7,0,2
validation,optdigits.tra,1994,0,1,11,13,7,0,0,0,0,6,15,13,15,4,0,0,0,2,2,0,9,9,0,0,0,0,0,0,8,8,0,0,0,0,0,0,13,5,0,0,0,0,0,8,12,0,0,0,0,0,8,16,10,9,3,0,0,0,11,15,15,16,7,0,2
validation,optdigits.tra,3545,0,1,9,15,16,13,0,0,0,5,11,4,2,13,3,0,0,1,3,0,1,15,3,0,0,0,0,0,11,11,0,0,0,0,0,11,11,0,0,0,0,0,7,14,1,0,0,0,0,0,15,6,0,0,0,0,0,0,11,16,16,15,6,0,2
validation,optdigits.tra,811,0,3,15,15,3,0,0,0,0,6,16,10,14,2,0,0,0,0,4,0,16,5,0,0,0,0,0,0,15,7,0,0,0,0,0,3,16,2,0,0,0,0,0,8,14,0,0,0,0,0,10,16,7,6,7,1,0,2,16,16,16,16,13,2,2
validation,optdigits.tra,1111,0,0,2,16,10,1,0,0,0,0,8,15,13,7,0,0,0,0,3,9,4,13,0,0,0,0,0,0,6,13,0,0,0,0,0,0,12,8,0,0,0,0,0,4,16,3,0,0,0,0,2,15,14,8,14,5,0,0,2,15,16,16,12,7,2
validation,optdigits.tra,1421,0,0,4,13,15,4,0,0,0,0,11,13,8,13,0,0,0,0,5,2,4,13,0,0,0,0,0,0,12,7,0,0,0,0,0,6,15,2,0,0,0,0,0,15,5,0,0,0,0,0,9,14,6,11,5,0,0,0,9,16,12,12,10,0,2
validation,optdigits.tra,3233,0,1,13,16,16,6,0,0,0,10,16,11,11,13,0,0,0,5,12,0,4,16,2,0,0,0,0,0,6,16,1,0,0,0,0,0,9,14,0,0,0,0,0,4,16,5,0,0,0,0,6,16,15,9,8,3,0,0,12,16,16,14,13,6,2
validation,optdigits.tra,67,0,0,8,15,5,0,0,0,0,4,15,12,16,0,0,0,0,10,9,0,12,4,0,0,0,3,1,0,13,3,0,0,0,0,0,1,16,0,0,0,0,0,0,6,11,0,0,0,0,0,5,16,16,16,15,0,0,0,9,10,4,6,9,0,2
validation,optdigits.tra,2607,0,2,15,16,13,2,0,0,0,3,15,10,14,9,0,0,0,0,0,0,14,10,0,0,0,0,0,10,16,2,0,0,0,0,2,16,10,0,0,0,0,0,12,13,1,0,0,0,0,2,16,12,8,10,13,2,0,2,13,16,16,16,16,3,2
validation,optdigits.tra,154,0,0,6,14,14,4,0,0,0,0,13,15,11,13,0,0,0,0,2,2,2,16,1,0,0,0,0,0,3,14,1,0,0,0,0,0,9,11,0,0,0,0,0,4,16,3,0,0,0,0,4,15,16,16,14,2,0,0,7,13,12,9,9,3,2
validation,optdigits.tra,3693,0,0,12,14,1,0,0,0,0,8,16,12,6,0,0,0,0,8,7,7,8,0,0,0,0,0,0,9,7,0,0,0,0,0,0,11,5,0,0,0,0,0,0,14,1,0,0,0,0,0,9,13,4,7,4,0,0,0,15,16,16,16,13,0,2
validation,optdigits.tra,3405,0,0,6,13,3,0,0,0,0,0,15,16,15,5,0,0,0,0,14,4,6,13,0,0,0,0,0,0,4,15,0,0,0,0,0,0,8,12,0,0,0,0,1,6,15,8,0,0,0,0,16,16,16,16,12,0,0,0,5,8,9,10,15,3,2
assessment,optdigits.tes,370,0,0,7,12,12,2,0,0,0,5,15,6,10,9,0,0,0,11,4,0,11,6,0,0,0,3,0,2,15,2,0,0,0,0,1,13,6,0,0,0,0,0,11,11,1,0,0,0,0,1,16,7,4,4,2,0,0,0,11,12,13,14,11,0,2
assessment,optdigits.tes,1242,0,1,13,16,16,5,0,0,0,7,10,4,10,12,0,0,0,0,0,0,11,7,0,0,0,0,0,2,15,2,0,0,0,0,0,12,7,0,0,0,0,0,6,12,1,0,0,0,0,0,16,3,1,5,3,0,0,1,15,16,16,15,3,0,2
assessment,optdigits.tes,245,0,0,4,14,16,4,0,0,0,3,16,16,16,6,0,0,0,8,16,12,16,7,0,0,0,3,5,12,15,0,0,0,0,0,0,15,12,0,0,0,0,0,6,16,2,0,0,0,0,0,8,16,12,5,1,0,0,0,4,16,16,15,4,0,2
assessment,optdigits.tes,1784,0,0,15,13,1,0,0,0,0,0,14,14,4,0,0,0,0,0,1,4,12,0,0,0,0,0,0,6,12,0,0,0,0,0,0,11,10,0,0,0,0,0,1,16,8,6,5,0,0,0,13,16,16,16,14,0,0,0,10,13,10,6,2,0,2
assessment,optdigits.tes,1342,0,0,10,16,13,3,0,0,0,0,6,15,12,13,0,0,0,0,0,6,6,16,0,0,0,0,0,0,3,16,1,0,0,0,0,0,7,14,0,0,0,0,0,0,13,8,0,0,0,0,4,15,16,13,8,5,0,0,6,16,10,9,12,15,2
assessment,optdigits.tes,1493,0,4,16,16,3,0,0,0,0,11,14,11,11,0,0,0,0,11,7,2,16,1,0,0,0,0,0,3,16,0,0,0,0,0,0,10,12,0,0,0,0,0,3,16,8,5,3,0,0,0,12,16,16,16,16,0,0,3,16,15,8,7,4,0,2
assessment,optdigits.tes,1042,0,0,8,15,15,2,0,0,0,2,16,13,12,10,0,0,0,3,15,1,9,11,0,0,0,0,0,1,15,8,0,0,0,0,0,10,13,1,0,0,0,0,8,16,7,0,0,0,0,6,16,16,13,7,6,1,0,0,7,5,12,16,15,2,2
assessment,optdigits.tes,1438,0,4,16,15,2,0,0,0,0,11,15,15,7,0,0,0,0,9,10,6,14,0,0,0,0,0,0,7,15,0,0,0,0,0,0,13,10,0,0,0,0,0,1,16,7,2,2,0,0,1,12,16,15,16,15,0,0,4,16,16,16,12,11,0,2
assessment,optdigits.tes,311,0,0,7,16,16,3,0,0,0,7,16,9,14,7,0,0,0,10,9,0,14,5,0,0,0,3,3,4,16,2,0,0,0,0,0,12,11,0,0,0,0,0,6,16,3,0,0,0,0,0,12,15,8,8,3,0,0,0,10,16,16,16,9,0,2
assessment,optdigits.tes,1345,0,0,11,16,16,7,0,0,0,2,16,10,11,15,0,0,0,0,15,4,4,16,3,0,0,0,3,3,5,16,1,0,0,0,0,0,9,13,0,0,0,0,0,1,16,7,0,0,0,0,2,12,15,6,4,1,0,0,10,16,16,16,16,10,2
assessment,optdigits.tes,1725,0,2,16,10,0,0,0,0,0,7,16,16,3,0,0,0,0,3,10,12,8,0,0,0,0,0,0,7,10,0,0,0,0,0,0,10,12,0,0,0,0,0,8,15,15,12,5,0,0,2,16,16,16,16,15,2,0,2,15,14,12,12,7,0,2
assessment,optdigits.tes,852,0,5,16,15,5,0,0,0,0,2,12,15,16,0,0,0,0,0,0,14,14,2,0,0,0,0,2,16,9,0,0,0,0,0,11,16,2,0,0,0,0,4,16,8,0,0,0,0,0,13,16,11,8,8,3,0,0,6,16,16,16,16,7,0,2
assessment,optdigits.tes,722,0,0,9,16,16,9,0,0,0,5,16,14,15,16,1,0,0,2,11,1,10,15,0,0,0,0,0,1,15,8,0,0,0,0,0,8,15,1,0,0,0,0,6,16,7,8,7,0,0,0,9,16,15,14,2,0,0,0,9,16,13,1,0,0,2
assessment,optdigits.tes,960,0,0,11,16,7,0,0,0,0,1,16,11,15,0,0,0,0,2,16,5,16,4,0,0,0,0,2,2,16,3,0,0,0,0,0,5,16,0,0,0,0,0,0,9,14,0,0,0,0,0,9,16,14,7,6,0,0,0,13,14,14,16,16,6,2
assessment,optdigits.tes,1531,0,1,13,16,15,5,0,0,0,4,16,7,14,12,0,0,0,3,12,2,11,10,0,0,0,0,0,0,14,8,0,0,0,0,0,3,16,4,0,0,0,0,1,11,13,0,0,0,0,0,9,16,14,16,7,0,0,1,16,16,15,12,5,0,2
assessment,optdigits.tes,114,0,0,2,16,13,1,0,0,0,0,6,15,16,7,0,0,0,0,3,6,16,8,0,0,0,0,0,3,16,6,0,0,0,0,1,13,13,0,0,0,0,6,14,16,4,0,0,0,0,9,16,16,13,10,3,0,0,0,4,11,15,16,10,0,2
assessment,optdigits.tes,409,0,0,9,11,2,0,0,0,0,8,16,14,12,0,0,0,0,9,10,5,15,0,0,0,0,5,10,4,16,1,0,0,0,0,0,5,15,0,0,0,0,0,2,13,9,2,1,0,0,0,10,16,15,14,15,0,0,0,7,9,9,12,4,0,2
assessment,optdigits.tes,978,0,1,14,16,12,0,0,0,0,5,16,9,16,6,0,0,0,3,11,0,14,9,0,0,0,0,0,0,10,10,0,0,0,0,0,0,14,10,0,0,0,0,0,10,16,5,0,0,0,2,15,16,14,8,12,2,0,0,11,16,16,16,15,5,2
assessment,optdigits.tes,399,0,0,7,13,3,0,0,0,0,0,15,16,11,0,0,0,0,0,14,5,15,3,0,0,0,0,6,2,14,5,0,0,0,0,0,0,12,8,0,0,0,0,0,6,16,4,4,0,0,0,7,16,16,16,16,3,0,0,6,15,6,9,9,1,2
assessment,optdigits.tes,372,0,3,15,16,13,1,0,0,0,10,13,9,16,4,0,0,0,1,1,0,16,6,0,0,0,0,0,10,15,1,0,0,0,0,10,16,3,0,0,0,0,3,16,7,0,0,0,0,0,5,16,13,12,7,2,0,0,2,13,13,13,16,15,0,2
assessment,optdigits.tes,1594,0,0,5,16,15,5,0,0,0,0,8,13,9,15,0,0,0,0,0,4,0,15,5,0,0,0,0,0,0,12,6,0,0,0,0,0,0,15,4,0,0,0,11,10,10,15,0,0,0,0,16,16,16,15,13,4,0,0,7,16,13,10,8,3,2
assessment,optdigits.tes,1656,0,0,8,16,16,12,0,0,0,0,16,13,10,16,3,0,0,0,12,1,2,16,4,0,0,0,0,0,6,15,0,0,0,0,0,1,15,10,0,0,0,0,0,9,15,2,0,0,0,1,11,16,12,8,8,1,0,0,11,16,16,16,12,1,2
assessment,optdigits.tes,1215,0,1,10,15,15,5,0,0,0,11,16,9,12,10,0,0,0,15,6,0,14,7,0,0,0,0,0,6,16,5,0,0,0,0,1,15,11,0,0,0,0,0,5,16,4,0,0,0,0,1,15,11,8,12,14,1,0,1,15,16,16,12,5,0,2
assessment,optdigits.tes,1467,0,1,15,15,2,0,0,0,0,7,14,13,9,0,0,0,0,9,9,6,13,0,0,0,0,1,0,8,12,0,0,0,0,0,0,8,12,0,0,0,0,0,0,11,6,0,0,0,0,0,7,16,16,16,7,0,0,0,16,15,12,12,3,0,2
assessment,optdigits.tes,1085,0,0,9,16,14,0,0,0,0,0,16,8,13,7,0,0,0,0,12,0,8,8,0,0,0,0,0,0,12,8,0,0,0,0,0,0,16,5,0,0,0,0,0,9,13,0,0,0,0,0,10,16,15,10,9,1,0,0,12,14,13,16,16,5,2
assessment,optdigits.tes,568,0,0,2,14,8,0,0,0,0,3,14,10,16,1,0,0,0,11,8,2,15,0,0,0,0,9,8,1,13,0,0,0,0,1,3,6,10,0,0,0,0,0,0,9,7,0,0,0,0,0,0,14,9,4,7,3,0,0,1,14,16,16,13,8,2
assessment,optdigits.tes,143,0,0,13,14,8,1,0,0,0,1,16,16,16,6,0,0,0,0,3,5,16,8,0,0,0,0,0,9,16,2,0,0,0,0,1,16,9,0,0,0,0,1,16,13,0,0,0,0,0,5,16,11,4,4,0,0,0,1,13,14,12,12,0,0,2
assessment,optdigits.tes,1170,0,0,11,16,12,1,0,0,0,3,16,9,16,5,0,0,0,0,6,1,16,10,0,0,0,0,0,5,16,6,0,0,0,0,0,9,15,0,0,0,0,0,3,15,6,0,0,0,0,0,10,16,4,5,8,1,0,0,13,16,16,16,16,6,2
assessment,optdigits.tes,308,0,0,5,15,15,2,0,0,0,3,16,9,16,5,0,0,0,5,9,1,16,1,0,0,0,0,0,10,9,0,0,0,0,0,1,16,3,0,0,0,0,0,9,9,0,0,0,0,0,0,11,14,7,6,2,0,0,0,6,16,16,15,2,0,2
assessment,optdigits.tes,500,0,1,11,13,2,0,0,0,0,8,15,15,6,0,0,0,0,10,9,6,14,0,0,0,0,3,10,4,10,0,0,0,0,0,0,11,7,0,0,0,0,0,2,15,3,0,0,0,0,2,13,16,13,11,2,0,0,1,12,12,12,15,11,0,2
fit,optdigits.tra,3479,0,0,9,14,15,4,0,0,0,7,16,16,16,10,0,0,0,5,10,4,16,4,0,0,0,0,0,16,16,7,0,0,0,0,0,3,9,16,3,0,0,0,2,0,1,15,7,0,0,0,15,13,13,16,4,0,0,0,9,15,15,8,0,0,3
fit,optdigits.tra,3452,0,0,5,15,13,2,0,0,0,0,10,13,12,11,0,0,0,0,3,2,4,15,0,0,0,0,0,9,16,10,0,0,0,0,0,3,13,16,6,0,0,0,0,0,0,7,14,0,0,0,5,8,8,10,16,1,0,0,4,9,14,13,7,0,3
fit,optdigits.tra,1558,0,1,10,16,14,3,0,0,0,4,16,13,15,14,0,0,0,1,1,0,9,16,2,0,0,0,5,14,16,13,0,0,0,0,7,16,16,15,2,0,0,0,0,0,4,15,9,0,0,1,13,8,13,16,5,0,0,1,14,16,14,7,0,0,3
fit,optdigits.tra,2404,0,0,13,16,13,1,0,0,0,3,16,13,16,8,0,0,0,0,9,11,16,7,0,0,0,0,0,14,14,0,0,0,0,0,0,11,15,12,1,0,0,0,0,0,1,14,10,0,0,1,11,6,4,8,16,3,0,0,13,16,16,16,16,2,3
fit,optdigits.tra,3404,0,2,12,15,10,0,0,0,0,4,14,8,16,7,0,0,0,0,0,2,16,10,0,0,0,0,2,16,16,9,0,0,0,0,1,8,13,14,2,0,0,0,0,0,2,13,8,0,0,2,9,8,8,12,11,0,0,2,11,14,14,10,3,0,3
fit,optdigits.tra,260,0,0,7,14,12,1,0,0,0,2,16,12,16,8,0,0,0,2,10,0,12,8,0,0,0,0,5,12,16,3,0,0,0,0,5,12,15,13,1,0,0,0,0,0,5,16,3,0,0,0,12,8,4,13,3,0,0,0,9,16,14,9,0,0,3
fit,optdigits.tra,3530,0,3,13,15,16,9,1,0,0,6,12,2,3,16,6,0,0,0,0,2,13,11,0,0,0,0,0,9,13,0,0,0,0,0,0,8,12,0,0,0,0,0,0,3,15,5,0,0,0,0,4,3,14,11,0,0,0,3,15,15,9,1,0,0,3
fit,optdigits.tra,1004,0,0,7,15,13,3,0,0,0,0,11,6,8,14,0,0,0,0,0,3,8,12,0,0,0,0,0,16,14,2,0,0,0,0,0,10,15,7,0,0,0,0,0,0,2,11,10,0,0,1,15,3,1,11,10,0,0,0,4,15,16,13,2,0,3
fit,optdigits.tra,2820,0,0,8,12,14,3,0,0,0,10,16,14,15,13,0,0,0,7,5,0,9,15,0,0,0,0,0,0,12,11,0,0,0,0,0,0,9,16,2,0,0,0,0,0,0,14,9,0,0,0,11,12,14,16,5,0,0,0,8,14,9,4,0,0,3
fit,optdigits.tra,2490,0,0,6,12,14,2,0,0,0,1,16,14,13,11,0,0,0,0,5,3,9,13,0,0,0,0,3,9,16,8,0,0,0,0,4,12,12,15,7,0,0,0,0,0,0,9,14,0,0,0,4,8,6,12,14,1,0,0,6,16,16,15,4,0,3
fit,optdigits.tra,1161,0,0,7,13,16,8,0,0,0,9,16,12,8,16,2,0,0,4,7,0,6,15,1,0,0,0,4,13,16,8,0,0,0,0,6,13,15,16,3,0,0,0,0,0,2,11,12,0,0,0,7,8,4,14,12,0,0,0,10,16,16,14,4,0,3
fit,optdigits.tra,1655,0,0,4,14,11,1,0,0,0,4,16,12,10,8,0,0,0,9,14,1,7,7,0,0,0,1,2,0,15,9,0,0,0,0,0,0,7,15,2,0,0,0,0,0,0,5,11,0,0,0,12,3,4,10,11,0,0,0,6,15,15,11,1,0,3
fit,optdigits.tra,2621,0,0,10,13,11,2,0,0,0,0,9,11,10,15,0,0,0,0,0,1,12,14,2,0,0,0,0,15,16,5,0,0,0,0,0,4,7,14,6,0,0,0,0,0,0,6,12,0,0,0,11,4,5,14,10,0,0,0,13,16,16,10,0,0,3
fit,optdigits.tra,1880,0,1,10,16,16,8,0,0,0,8,13,6,14,8,0,0,0,1,1,10,15,2,0,0,0,0,3,16,15,8,0,0,0,0,0,2,7,15,6,0,0,0,0,0,0,8,12,0,0,0,2,1,2,13,10,0,0,0,11,16,16,11,1,0,3
fit,optdigits.tra,1774,0,0,8,12,14,10,1,0,0,3,16,12,9,15,8,0,0,1,6,0,8,14,4,0,0,0,0,4,16,7,0,0,0,0,0,2,15,7,0,0,0,0,0,0,6,16,1,0,0,0,8,7,8,16,3,0,0,0,6,14,11,6,0,0,3
fit,optdigits.tra,2095,0,1,10,15,15,6,0,0,0,8,16,15,14,15,3,0,0,3,6,3,15,15,0,0,0,0,0,12,16,5,0,0,0,0,0,8,16,2,0,0,0,0,0,4,16,8,0,0,0,0,4,15,16,4,0,0,0,0,14,16,7,0,0,0,3
fit,optdigits.tra,133,0,1,8,14,16,6,0,0,0,9,15,10,13,10,0,0,0,1,2,7,16,5,0,0,0,0,4,16,9,0,0,0,0,0,4,16,11,2,0,0,0,0,0,4,13,16,9,0,0,1,8,4,4,13,13,0,0,0,9,14,16,13,7,0,3
fit,optdigits.tra,1239,0,1,10,16,13,4,0,0,0,9,13,4,11,15,0,0,0,0,0,0,4,16,1,0,0,0,0,3,13,11,0,0,0,0,0,7,16,14,2,0,0,0,0,0,4,15,8,0,0,0,5,4,5,14,9,0,0,0,15,16,14,9,0,0,3
fit,optdigits.tra,2410,0,0,5,12,12,0,0,0,0,3,16,12,15,4,0,0,0,4,14,0,14,6,0,0,0,1,12,11,12,0,0,0,0,0,7,16,8,1,0,0,0,0,1,5,12,13,1,0,0,0,8,4,0,16,4,0,0,0,8,15,15,11,1,0,3
fit,optdigits.tra,2008,0,3,11,16,7,0,0,0,0,5,12,8,16,0,0,0,0,0,0,10,14,0,0,0,0,0,10,14,3,0,0,0,0,0,10,16,16,15,3,0,0,0,0,0,3,10,8,0,0,0,4,7,10,15,5,0,0,5,13,12,10,3,0,0,3
fit,optdigits.tra,293,0,1,13,16,14,6,1,0,0,0,13,7,8,16,4,0,0,0,2,1,12,15,2,0,0,0,2,15,13,3,0,0,0,0,3,14,15,6,0,0,0,0,0,1,8,16,3,0,0,4,15,10,5,16,5,0,0,3,12,15,16,13,1,0,3
fit,optdigits.tra,3019,0,0,6,12,16,16,9,0,0,0,12,5,1,14,10,0,0,0,0,2,12,12,0,0,0,0,4,15,14,1,0,0,0,0,4,13,16,8,0,0,0,0,0,0,2,16,1,0,0,0,4,8,12,13,0,0,0,0,7,14,7,1,0,0,3
fit,optdigits.tra,1720,0,2,5,10,16,6,0,0,0,4,12,13,16,5,0,0,0,0,0,5,16,0,0,0,0,0,0,11,11,0,0,0,0,0,0,11,13,2,0,0,0,0,0,1,12,15,4,0,0,0,0,0,7,16,8,0,0,0,1,13,16,11,2,0,3
fit,optdigits.tra,3664,0,1,9,15,9,0,0,0,0,4,13,7,15,4,0,0,0,0,0,2,15,3,0,0,0,0,12,16,16,11,1,0,0,0,5,5,5,13,8,0,0,0,0,0,1,12,6,0,0,0,9,8,14,12,1,0,0,0,15,12,6,0,0,0,3
fit,optdigits.tra,860,0,0,5,12,15,10,1,0,0,6,16,16,16,15,2,0,0,4,14,16,16,5,0,0,0,0,5,16,8,0,0,0,0,0,3,16,16,10,1,0,0,0,0,3,16,16,7,0,0,0,4,14,16,12,0,0,0,0,4,14,8,0,0,0,3
fit,optdigits.tra,900,0,1,10,13,16,9,0,0,0,11,16,14,16,16,2,0,0,7,6,3,16,11,0,0,0,0,0,5,16,9,0,0,0,0,0,3,16,12,0,0,0,0,0,0,9,16,5,0,0,0,3,9,16,15,1,0,0,0,12,15,11,1,0,0,3
fit,optdigits.tra,2247,0,0,9,13,7,0,0,0,0,7,14,4,14,4,0,0,0,2,2,3,15,2,0,0,0,0,0,16,11,0,0,0,0,0,0,8,15,11,0,0,0,0,0,0,0,12,7,0,0,0,10,4,2,10,8,0,0,0,7,13,16,16,4,0,3
fit,optdigits.tra,2151,0,0,12,15,9,0,0,0,0,8,13,10,16,2,0,0,0,4,4,0,15,6,0,0,0,0,0,7,16,9,0,0,0,0,0,5,10,16,4,0,0,0,0,0,0,8,9,0,0,0,8,5,4,9,12,0,0,1,14,14,16,14,3,0,3
fit,optdigits.tra,3251,0,0,7,15,15,9,1,0,0,7,15,5,4,14,4,0,0,2,2,0,7,13,1,0,0,0,2,12,15,5,0,0,0,0,1,5,10,13,0,0,0,0,0,0,0,10,7,0,0,0,11,1,1,12,7,0,0,0,8,14,13,8,0,0,3
fit,optdigits.tra,3008,0,0,5,14,16,10,0,0,0,0,15,15,14,13,0,0,0,0,4,3,15,8,0,0,0,0,1,16,16,15,2,0,0,0,1,7,6,16,6,0,0,0,0,1,0,14,6,0,0,0,2,15,12,14,1,0,0,0,7,16,12,1,0,0,3
fit,optdigits.tra,2750,0,0,9,12,16,7,0,0,0,10,11,2,0,16,0,0,0,3,2,0,10,8,0,0,0,0,0,7,15,5,0,0,0,0,0,7,9,14,2,0,0,0,0,0,0,8,10,0,0,0,2,2,4,14,5,0,0,0,14,16,14,2,0,0,3
fit,optdigits.tra,3502,0,2,11,14,7,1,0,0,0,10,15,13,16,4,0,0,0,11,12,5,16,3,0,0,0,1,2,15,14,0,0,0,0,0,5,12,15,11,1,0,0,0,0,0,2,14,10,0,0,0,8,12,12,16,11,0,0,0,9,15,11,8,1,0,3
fit,optdigits.tra,1609,0,3,9,14,15,6,0,0,0,7,13,7,8,16,0,0,0,0,0,0,7,12,0,0,0,0,1,9,16,10,0,0,0,0,5,15,12,15,7,0,0,0,0,0,0,13,9,0,0,0,8,8,14,16,4,0,0,3,16,14,9,1,0,0,3
fit,optdigits.tra,3185,0,0,5,12,10,0,0,0,0,2,15,14,16,1,0,0,0,0,11,3,16,1,0,0,0,0,0,0,11,5,0,0,0,0,0,0,7,14,0,0,0,0,0,0,0,9,10,0,0,0,10,7,5,12,12,0,0,0,6,14,16,13,4,0,3
fit,optdigits.tra,626,0,1,6,13,16,5,0,0,0,6,16,9,15,4,0,0,0,4,9,5,16,2,0,0,0,0,0,8,13,0,0,0,0,0,0,3,15,7,0,0,0,0,0,0,6,15,0,0,0,0,4,6,4,14,6,0,0,0,10,16,16,16,5,0,3
fit,optdigits.tra,3104,0,0,13,16,16,5,0,0,0,1,10,8,16,6,0,0,0,0,0,10,14,0,0,0,0,0,7,16,6,0,0,0,0,0,3,13,16,6,0,0,0,0,0,0,10,15,1,0,0,0,2,5,7,16,7,0,0,0,15,16,16,14,2,0,3
fit,optdigits.tra,989,0,3,13,16,16,12,1,0,0,1,8,4,5,15,6,0,0,0,0,1,9,15,2,0,0,0,6,16,15,5,0,0,0,0,5,14,16,8,0,0,0,0,0,0,8,16,2,0,0,6,12,6,12,15,1,0,0,4,13,12,11,2,0,0,3
fit,optdigits.tra,3496,0,0,5,14,16,7,0,0,0,3,14,2,5,12,0,0,0,5,9,0,7,11,0,0,0,0,0,5,15,5,0,0,0,0,0,7,12,14,1,0,0,0,0,0,0,11,7,0,0,0,3,8,3,12,6,0,0,0,7,16,13,8,0,0,3
fit,optdigits.tra,1456,0,7,16,16,16,9,0,0,0,3,8,4,13,16,0,0,0,0,0,8,16,6,0,0,0,0,0,4,16,4,0,0,0,0,0,0,11,15,5,0,0,0,0,0,1,13,15,0,0,0,5,9,15,16,10,0,0,4,16,16,10,3,0,0,3
fit,optdigits.tra,469,0,0,8,16,16,8,0,0,0,6,14,8,16,9,0,0,0,3,3,9,13,3,0,0,0,0,0,11,15,2,0,0,0,0,0,1,13,13,1,0,0,0,0,0,1,16,5,0,0,0,7,8,4,12,7,0,0,0,10,16,16,16,4,0,3
fit,optdigits.tra,3689,0,0,6,16,9,1,0,0,0,3,15,8,13,3,0,0,0,8,8,0,11,4,0,0,0,1,0,7,16,6,0,0,0,0,2,16,14,16,5,0,0,0,0,5,0,11,8,0,0,0,4,6,9,15,2,0,0,0,4,15,11,3,0,0,3
fit,optdigits.tra,504,0,0,9,13,16,6,0,0,0,2,16,14,16,2,0,0,0,0,2,14,8,0,0,0,0,0,4,16,13,6,0,0,0,0,0,4,12,16,6,0,0,0,0,0,0,13,7,0,0,0,5,7,12,15,1,0,0,0,12,16,11,1,0,0,3
fit,optdigits.tra,1191,0,1,11,16,15,2,0,0,0,4,12,8,14,8,0,0,0,1,1,2,15,6,0,0,0,0,0,7,16,4,0,0,0,0,0,1,13,13,0,0,0,0,0,0,2,16,7,0,0,0,10,11,8,15,8,0,0,0,8,14,16,12,1,0,3
fit,optdigits.tra,807,0,0,12,16,12,1,0,0,0,8,15,10,15,6,0,0,0,3,6,1,15,3,0,0,0,0,0,10,16,9,1,0,0,0,2,14,12,16,6,0,0,0,4,0,0,10,9,0,0,0,16,8,6,15,7,0,0,0,10,16,16,13,1,0,3
fit,optdigits.tra,3212,0,0,4,14,12,1,0,0,0,0,11,11,10,5,0,0,0,0,0,0,12,9,0,0,0,0,0,7,16,12,2,0,0,0,0,0,4,10,10,0,0,0,1,1,0,3,14,0,0,0,11,6,3,12,13,0,0,0,6,14,16,11,1,0,3
fit,optdigits.tra,1065,0,3,14,14,4,0,0,0,0,8,15,11,16,6,0,0,0,1,4,4,16,7,0,0,0,0,5,16,16,4,0,0,0,0,2,9,15,16,3,0,0,0,0,0,4,16,8,0,0,0,7,4,11,16,5,0,0,2,14,16,14,7,0,0,3
fit,optdigits.tra,1789,0,2,10,15,11,4,0,0,0,2,10,6,13,12,0,0,0,0,0,2,13,9,0,0,0,0,0,15,16,0,0,0,0,0,0,11,16,9,0,0,0,0,0,0,2,15,11,0,0,0,1,3,11,14,2,0,0,2,15,16,11,1,0,0,3
fit,optdigits.tra,1549,0,3,15,16,11,1,0,0,0,12,13,10,16,4,0,0,0,5,1,8,16,1,0,0,0,0,0,16,16,6,0,0,0,0,0,7,13,16,5,0,0,0,0,0,1,15,13,0,0,4,11,8,8,15,13,0,0,2,14,16,16,10,1,0,3
fit,optdigits.tra,3697,0,0,10,16,12,1,0,0,0,9,16,12,16,7,0,0,0,4,7,1,16,4,0,0,0,0,0,14,16,8,0,0,0,0,0,10,14,16,4,0,0,5,7,0,0,14,9,0,0,3,15,5,6,15,7,0,0,0,8,16,16,8,0,0,3
fit,optdigits.tra,587,0,1,10,14,7,0,0,0,0,7,12,5,15,0,0,0,0,4,7,5,15,1,0,0,0,0,2,15,9,0,0,0,0,0,0,9,16,4,0,0,0,0,0,0,4,14,4,0,0,0,10,3,3,10,12,0,0,0,11,16,16,14,4,0,3
validation,optdigits.tra,3673,0,0,4,13,11,1,0,0,0,9,15,10,12,8,0,0,0,8,10,0,6,9,0,0,0,0,0,1,16,3,0,0,0,0,0,14,16,13,3,0,0,0,6,2,4,8,12,0,0,1,15,4,5,12,12,0,0,0,7,13,16,13,1,0,3
validation,optdigits.tra,1718,0,2,8,9,14,10,0,0,0,3,11,9,13,16,0,0,0,0,0,0,15,14,0,0,0,0,0,0,16,8,0,0,0,0,0,0,15,13,1,0,0,0,0,0,6,16,8,0,0,0,1,6,15,14,3,0,0,0,14,11,7,1,0,0,3
validation,optdigits.tra,894,0,0,1,10,14,7,1,0,0,4,16,12,11,16,4,0,0,6,6,0,5,15,1,0,0,0,0,3,16,6,0,0,0,0,0,6,16,11,0,0,0,0,0,0,10,16,4,0,0,0,0,7,10,16,4,0,0,0,0,7,13,5,0,0,3
validation,optdigits.tra,2108,0,0,9,15,16,9,0,0,0,11,16,9,11,16,2,0,0,5,3,1,14,14,1,0,0,0,0,7,16,5,0,0,0,0,0,4,16,5,0,0,0,0,0,0,10,16,0,0,0,0,1,6,15,13,0,0,0,0,14,15,9,1,0,0,3
validation,optdigits.tra,1626,0,0,8,16,9,0,0,0,0,4,15,10,16,0,0,0,0,5,5,7,12,0,0,0,0,0,0,16,14,9,0,0,0,0,0,8,8,15,7,0,0,0,0,0,0,11,8,0,0,0,15,5,7,15,3,0,0,0,6,13,13,6,0,0,3
validation,optdigits.tra,302,0,0,5,10,15,9,0,0,0,6,14,8,9,16,4,0,0,4,2,2,13,13,0,0,0,0,0,8,16,1,0,0,0,0,0,0,9,13,1,0,0,0,1,2,0,12,7,0,0,0,9,9,4,11,10,0,0,0,4,13,13,10,1,0,3
validation,optdigits.tra,3095,0,0,7,15,4,0,0,0,0,0,14,16,12,0,0,0,0,0,12,6,16,0,0,0,0,0,0,10,16,2,0,0,0,0,0,8,14,15,3,0,0,0,0,0,0,9,11,0,0,0,5,9,9,15,11,0,0,0,9,14,12,9,1,0,3
validation,optdigits.tra,328,0,3,10,12,15,10,1,0,0,6,11,8,14,16,4,0,0,0,0,4,16,12,0,0,0,0,1,15,12,1,0,0,0,0,0,14,12,0,0,0,0,0,0,8,16,1,0,0,0,1,7,14,13,0,0,0,0,3,15,9,1,0,0,0,3
validation,optdigits.tra,1795,0,1,7,12,12,2,0,0,0,10,16,16,16,10,0,0,0,0,2,1,16,8,0,0,0,0,0,1,16,9,0,0,0,0,0,2,16,14,0,0,0,0,0,0,4,15,5,0,0,0,3,7,7,16,10,0,0,0,7,16,16,12,0,0,3
validation,optdigits.tra,3805,0,0,12,16,16,10,1,0,0,0,13,7,4,16,7,0,0,0,0,5,12,15,2,0,0,0,0,7,16,12,0,0,0,0,0,0,7,16,5,0,0,1,3,0,0,9,15,0,0,6,12,4,2,11,16,0,0,1,10,16,16,16,7,0,3
validation,optdigits.tra,3099,0,0,9,12,11,0,0,0,0,7,13,4,14,2,0,0,0,2,6,0,14,4,0,0,0,0,0,8,14,0,0,0,0,0,0,10,14,13,1,0,0,0,0,0,1,14,5,0,0,0,8,5,10,14,2,0,0,1,15,16,11,1,0,0,3
validation,optdigits.tra,263,0,0,8,16,11,0,0,0,0,1,14,10,16,5,0,0,0,1,4,7,15,1,0,0,0,0,6,16,15,4,0,0,0,0,0,5,10,16,5,0,0,0,4,0,1,16,4,0,0,0,13,8,15,10,0,0,0,0,11,14,5,0,0,0,3
validation,optdigits.tra,1186,0,2,14,16,11,0,0,0,0,8,15,7,16,0,0,0,0,1,2,0,15,1,0,0,0,0,2,12,14,0,0,0,0,0,1,11,14,11,0,0,0,0,0,0,2,14,5,0,0,2,8,3,4,10,12,0,0,1,13,16,16,14,4,0,3
validation,optdigits.tra,3092,0,1,11,12,0,0,0,0,0,7,14,15,6,0,0,0,0,7,3,12,10,0,0,0,0,0,0,15,14,5,0,0,0,0,0,8,10,16,2,0,0,0,0,0,0,12,8,0,0,0,9,8,8,15,10,0,0,0,13,16,14,8,1,0,3
validation,optdigits.tra,672,0,0,13,16,16,11,0,0,0,0,10,7,4,16,0,0,0,0,0,0,10,12,0,0,0,0,0,3,13,14,2,0,0,0,0,10,13,14,6,0,0,0,0,0,0,6,11,0,0,1,14,6,4,13,7,0,0,0,9,13,16,12,0,0,3
assessment,optdigits.tes,1419,0,0,8,16,8,0,0,0,0,0,16,6,15,1,0,0,0,4,10,0,12,2,0,0,0,0,0,7,16,3,0,0,0,0,0,5,13,16,3,0,0,0,0,0,0,11,6,0,0,0,12,9,9,16,2,0,0,0,8,16,15,7,0,0,3
assessment,optdigits.tes,193,0,1,10,15,16,13,3,0,0,5,14,5,5,15,8,0,0,0,0,0,2,15,6,0,0,0,0,0,9,16,0,0,0,0,0,0,9,16,0,0,0,0,0,0,4,16,6,0,0,0,2,3,13,12,0,0,0,0,15,13,7,0,0,0,3
assessment,optdigits.tes,1221,0,2,13,16,16,15,4,0,0,7,12,8,8,16,12,0,0,0,0,0,8,16,7,0,0,0,0,0,14,10,0,0,0,0,0,0,12,15,3,0,0,0,0,0,2,16,11,0,0,0,4,4,7,16,10,0,0,2,15,16,16,12,1,0,3
assessment,optdigits.tes,320,0,1,10,16,16,6,0,0,0,7,14,9,12,12,0,0,0,1,1,5,15,5,0,0,0,0,3,16,14,3,0,0,0,0,1,11,14,16,6,0,0,0,0,0,0,12,11,0,0,0,7,8,13,16,5,0,0,0,15,16,12,5,0,0,3
assessment,optdigits.tes,1625,0,1,11,16,16,12,0,0,0,8,16,13,16,16,3,0,0,1,5,7,16,14,0,0,0,0,0,11,16,4,0,0,0,0,0,2,15,9,0,0,0,0,0,0,11,13,0,0,0,0,3,7,15,14,0,0,0,0,14,16,16,6,0,0,3
assessment,optdigits.tes,1439,0,1,12,15,5,0,0,0,0,4,15,8,15,3,0,0,0,0,3,1,14,4,0,0,0,0,4,14,16,1,0,0,0,0,1,10,14,15,4,0,0,0,0,0,0,12,8,0,0,4,8,4,10,16,4,0,0,2,12,16,13,6,0,0,3
assessment,optdigits.tes,447,0,0,3,14,13,0,0,0,0,2,16,9,16,2,0,0,0,4,12,3,16,0,0,0,0,2,9,15,16,10,1,0,0,0,0,11,8,16,6,0,0,0,6,0,0,12,8,0,0,0,14,10,5,16,7,0,0,0,3,13,16,11,1,0,3
assessment,optdigits.tes,986,0,0,3,15,16,12,0,0,0,0,6,16,6,14,6,0,0,0,0,3,1,15,6,0,0,0,0,1,14,16,3,0,0,5,8,2,13,16,3,0,0,5,16,0,0,9,13,0,0,1,15,11,8,12,16,1,0,0,3,14,16,16,9,0,3
assessment,optdigits.tes,319,0,2,13,16,16,11,0,0,0,10,11,4,12,12,0,0,0,1,1,4,14,8,0,0,0,0,2,16,16,8,0,0,0,0,0,7,9,16,8,0,0,0,0,0,0,10,12,0,0,0,5,9,10,16,9,0,0,0,15,16,13,7,0,0,3
assessment,optdigits.tes,608,0,0,0,6,15,6,0,0,0,1,11,13,8,11,0,0,0,9,13,0,9,10,0,0,0,8,9,3,15,3,0,0,0,0,0,5,14,3,0,0,0,0,3,0,5,13,2,0,0,0,9,12,5,10,7,0,0,0,0,6,12,15,5,0,3
assessment,optdigits.tes,99,0,2,15,16,16,13,2,0,0,1,10,8,14,16,8,0,0,0,0,0,16,15,1,0,0,0,0,0,16,8,0,0,0,0,0,0,14,14,0,0,0,0,0,0,11,16,1,0,0,2,14,13,16,16,3,0,0,2,15,16,14,5,0,0,3
assessment,optdigits.tes,1606,0,0,9,16,16,10,0,0,0,0,9,9,9,15,0,0,0,0,0,0,6,14,0,0,0,0,0,2,15,7,0,0,0,0,1,14,16,4,0,0,0,0,5,16,16,8,0,0,0,0,0,6,16,4,0,0,0,0,11,16,12,0,0,0,3
assessment,optdigits.tes,1350,0,0,5,15,16,15,1,0,0,10,16,11,8,16,5,0,0,12,10,1,10,15,1,0,0,0,0,8,16,11,1,0,0,0,0,1,10,16,10,0,0,0,0,2,0,7,16,0,0,0,8,13,5,15,12,0,0,0,5,15,16,14,3,0,3
assessment,optdigits.tes,1730,0,0,4,12,13,1,0,0,0,0,4,16,16,5,0,0,0,0,9,16,10,0,0,0,0,8,16,16,11,4,0,0,0,0,4,8,16,16,7,0,0,0,0,0,2,14,14,0,0,0,0,4,15,16,11,0,0,0,5,16,14,8,0,0,3
assessment,optdigits.tes,1053,0,0,6,14,16,11,0,0,0,6,14,7,4,16,4,0,0,7,7,0,5,16,2,0,0,0,0,14,16,5,0,0,0,0,0,4,13,11,0,0,0,0,0,0,0,11,8,0,0,0,0,2,4,10,12,0,0,0,9,16,16,11,3,0,3
assessment,optdigits.tes,1478,0,1,11,16,16,4,0,0,0,7,16,8,14,11,0,0,0,0,0,10,16,6,0,0,0,0,0,15,16,6,0,0,0,0,0,0,8,16,2,0,0,1,5,0,0,14,9,0,0,4,16,10,11,16,6,0,0,1,13,16,16,10,0,0,3
assessment,optdigits.tes,615,0,0,3,11,15,8,0,0,0,4,14,8,13,14,0,0,0,8,11,3,15,6,0,0,0,1,1,9,14,0,0,0,0,0,0,0,13,10,0,0,0,0,0,0,1,13,7,0,0,0,9,8,2,6,11,0,0,0,4,10,14,16,10,0,3
assessment,optdigits.tes,317,0,0,7,14,16,11,0,0,0,2,16,11,11,16,2,0,0,0,3,3,15,9,0,0,0,0,0,10,16,8,0,0,0,0,0,3,14,15,2,0,0,0,0,0,1,16,6,0,0,0,3,12,13,15,2,0,0,0,6,16,12,5,0,0,3
assessment,optdigits.tes,1161,0,1,9,15,16,6,0,0,0,13,15,10,16,11,0,0,0,5,3,4,16,7,0,0,0,0,0,8,16,7,0,0,0,0,0,1,13,15,5,0,0,0,0,0,2,13,11,0,0,0,12,5,3,13,14,0,0,0,10,16,16,14,5,0,3
assessment,optdigits.tes,154,0,1,11,12,14,6,0,0,0,1,6,4,8,16,7,0,0,0,0,0,3,16,5,0,0,0,0,2,14,9,0,0,0,0,0,4,16,7,0,0,0,0,0,1,14,13,0,0,0,0,0,1,12,14,0,0,0,5,12,15,9,1,0,0,3
assessment,optdigits.tes,485,0,2,13,16,4,0,0,0,0,12,12,12,15,0,0,0,0,5,2,7,14,0,0,0,0,0,3,15,15,7,0,0,0,0,4,12,12,16,3,0,0,0,0,0,0,15,7,0,0,3,16,8,9,16,6,0,0,1,11,12,14,9,0,0,3
assessment,optdigits.tes,1713,0,0,8,14,16,16,15,1,0,0,6,6,5,12,12,1,0,0,0,2,11,12,3,0,0,0,5,14,9,0,0,0,0,0,9,16,9,0,0,0,0,0,1,11,16,7,0,0,0,0,2,7,16,7,0,0,0,0,9,13,5,0,0,0,3
assessment,optdigits.tes,1377,0,0,10,16,16,10,0,0,0,8,15,7,6,14,0,0,0,1,3,0,15,8,0,0,0,0,0,12,13,1,0,0,0,0,0,7,15,4,0,0,0,0,0,0,8,12,0,0,0,0,6,0,12,10,0,0,0,0,13,16,15,3,0,0,3
assessment,optdigits.tes,800,0,2,11,14,10,1,0,0,0,6,12,8,15,10,0,0,0,0,0,0,10,11,0,0,0,0,0,8,14,2,0,0,0,0,0,7,16,15,1,0,0,0,0,0,2,13,8,0,0,2,5,1,2,12,7,0,0,1,12,16,16,10,0,0,3
assessment,optdigits.tes,1691,0,4,13,16,16,7,0,0,0,8,12,16,16,13,0,0,0,0,9,16,16,3,0,0,0,0,15,16,6,0,0,0,0,0,10,11,9,2,0,0,0,0,1,7,15,13,2,0,0,0,3,4,7,16,10,0,0,2,11,15,11,8,2,0,3
assessment,optdigits.tes,963,0,0,8,12,13,5,0,0,0,4,13,4,9,11,0,0,0,0,0,6,13,4,0,0,0,0,0,10,15,4,0,0,0,0,0,0,4,15,2,0,0,7,8,0,0,12,7,0,0,8,9,1,3,16,3,0,0,0,10,16,16,6,0,0,3
assessment,optdigits.tes,736,0,0,6,9,11,9,0,0,0,13,16,15,15,15,0,0,0,4,5,2,15,6,0,0,0,0,0,3,15,6,0,0,0,0,0,0,6,15,6,0,0,0,0,0,0,5,12,0,0,0,0,5,13,16,9,0,0,0,3,13,12,7,1,0,3
assessment,optdigits.tes,1203,0,2,10,15,16,16,14,0,0,7,11,4,6,15,9,0,0,0,0,6,15,12,0,0,0,0,3,16,9,0,0,0,0,0,5,16,8,0,0,0,0,0,0,11,15,2,0,0,0,0,1,6,16,2,0,0,0,1,16,16,6,0,0,0,3
assessment,optdigits.tes,1043,0,0,7,13,16,5,0,0,0,6,15,7,6,14,0,0,0,9,5,1,10,9,0,0,0,0,0,8,16,5,0,0,0,0,0,1,6,15,1,0,0,0,0,0,0,1,12,0,0,0,4,5,2,5,13,0,0,0,6,12,16,14,5,0,3
assessment,optdigits.tes,1671,0,1,6,12,15,5,0,0,0,7,14,14,16,7,0,0,0,0,2,14,10,0,0,0,0,0,11,16,2,0,0,0,0,0,2,11,16,12,0,0,0,0,0,0,4,14,7,0,0,0,2,4,5,14,7,0,0,0,6,16,14,8,0,0,3
fit,optdigits.tra,432,0,0,0,2,12,3,0,0,0,0,0,9,11,0,0,0,0,0,2,15,6,6,7,0,0,0,13,7,0,16,3,0,0,7,15,3,2,16,2,0,0,13,16,16,16,13,1,0,0,1,4,5,16,6,0,0,0,0,0,4,16,3,0,0,4
fit,optdigits.tra,3283,0,0,0,1,14,10,0,0,0,0,0,9,15,2,0,0,0,0,1,14,5,0,2,0,0,0,11,9,0,8,14,0,0,7,14,0,0,14,10,0,4,16,15,11,9,16,4,0,1,12,14,16,16,12,0,0,0,0,0,0,14,6,0,0,4
fit,optdigits.tra,1028,0,0,0,2,14,5,1,0,0,0,1,12,13,1,15,4,0,0,9,15,2,6,16,2,0,7,16,13,8,14,12,0,0,9,16,16,16,16,10,0,0,0,0,3,11,15,1,0,0,0,0,0,14,10,0,0,0,0,0,2,16,4,0,0,4
fit,optdigits.tra,3675,0,0,0,13,6,2,0,0,0,0,2,16,8,16,3,0,0,1,14,13,12,16,0,0,0,9,16,16,16,16,10,0,0,3,12,14,16,13,6,0,0,0,0,8,16,1,0,0,0,0,0,11,10,0,0,0,0,0,0,13,7,0,0,0,4
fit,optdigits.tra,2815,0,0,0,1,15,10,0,0,0,0,0,9,16,4,0,0,0,0,1,15,12,0,0,0,0,0,9,16,3,0,0,0,0,1,15,10,0,15,11,0,0,8,16,16,16,16,8,0,0,0,4,8,16,12,0,0,0,0,0,4,16,7,0,0,4
fit,optdigits.tra,2559,0,0,0,4,8,0,0,0,0,0,0,11,8,0,0,0,0,0,0,13,6,0,0,0,0,0,2,15,2,3,0,0,0,0,11,10,4,16,2,0,0,11,14,0,9,16,2,0,0,9,15,12,15,16,0,0,0,0,2,6,15,6,0,0,4
fit,optdigits.tra,169,0,0,0,3,16,3,0,0,0,0,0,9,16,2,0,0,0,0,2,14,9,5,6,0,0,0,8,15,2,15,12,0,0,4,16,6,3,16,5,0,0,11,16,13,16,16,8,0,0,5,11,13,16,10,1,0,0,0,0,4,16,7,0,0,4
fit,optdigits.tra,1604,0,0,0,4,15,0,0,0,0,0,2,13,12,0,3,0,0,0,11,15,2,6,16,0,0,8,16,12,8,15,12,0,0,7,16,16,16,16,7,0,0,0,4,7,14,13,0,0,0,0,0,1,16,9,0,0,0,0,0,3,16,3,0,0,4
fit,optdigits.tra,2694,0,0,0,0,10,9,0,0,0,0,0,5,15,3,0,0,0,0,3,16,6,2,1,0,0,0,13,9,0,11,6,0,0,6,16,1,1,16,4,0,0,8,16,14,14,16,4,0,0,1,6,7,15,13,0,0,0,0,0,0,10,9,0,0,4
fit,optdigits.tra,523,0,0,0,3,15,1,0,0,0,0,0,7,14,0,0,0,0,0,0,12,10,0,0,0,0,0,3,15,3,0,0,0,0,0,11,14,8,6,0,0,0,5,16,11,16,11,0,0,1,13,16,16,16,16,4,0,0,4,4,7,16,5,0,0,4
fit,optdigits.tra,2549,0,0,0,1,15,11,0,0,0,0,0,6,16,6,0,0,0,0,0,13,14,1,0,0,0,0,8,15,5,9,4,0,0,7,16,8,6,16,7,0,0,13,16,16,16,16,5,0,0,0,0,7,15,15,0,0,0,0,0,1,16,10,0,0,4
fit,optdigits.tra,1309,0,0,0,4,13,13,0,0,0,0,3,16,14,3,0,0,0,1,15,11,1,1,0,0,0,10,15,0,0,11,9,0,0,7,15,9,9,16,6,0,0,0,4,8,16,15,1,0,0,0,0,2,16,7,0,0,0,0,0,3,16,1,0,0,4
fit,optdigits.tra,1344,0,0,0,5,16,4,0,0,0,0,0,13,15,1,0,0,0,0,10,16,3,2,0,0,0,5,16,9,0,13,10,0,0,12,16,6,6,16,6,0,0,1,15,16,16,16,1,0,0,0,0,4,16,11,0,0,0,0,0,4,16,11,0,0,4
fit,optdigits.tra,479,0,0,0,7,15,6,0,0,0,0,7,16,4,1,3,0,0,2,16,10,0,14,13,0,0,6,16,7,4,16,8,0,0,6,16,16,14,16,6,0,0,1,7,9,16,13,0,0,0,0,0,4,16,7,0,0,0,0,0,10,12,0,0,0,4
fit,optdigits.tra,2279,0,0,0,3,14,0,0,0,0,0,1,14,12,8,2,0,0,0,9,15,6,16,4,0,0,3,16,14,12,16,5,0,0,3,13,16,16,16,8,0,0,0,0,0,16,11,1,0,0,0,0,2,16,4,0,0,0,0,0,3,12,4,0,0,4
fit,optdigits.tra,2135,0,0,0,9,7,0,0,0,0,0,2,16,2,5,1,0,0,0,9,8,3,15,1,0,0,3,14,1,8,12,0,0,0,6,16,12,16,16,5,0,0,8,15,13,16,9,0,0,0,0,0,5,14,0,0,0,0,0,0,10,7,0,0,0,4
fit,optdigits.tra,2595,0,0,0,9,12,0,0,0,0,0,1,14,12,0,0,0,0,0,11,13,0,6,8,0,0,4,16,4,2,15,7,0,0,10,14,4,11,14,1,0,0,3,14,16,16,6,0,0,0,0,0,10,14,0,0,0,0,0,0,10,10,0,0,0,4
fit,optdigits.tra,1176,0,0,0,2,15,3,0,0,0,0,0,8,14,0,0,0,0,0,0,12,8,2,4,0,0,0,4,15,2,15,8,0,0,4,13,14,9,16,6,0,3,16,16,16,16,14,0,0,1,6,4,4,13,9,0,0,0,0,0,3,16,4,0,0,4
fit,optdigits.tra,2195,0,0,0,4,14,0,0,0,0,0,0,12,12,0,0,0,0,0,1,16,9,0,0,0,0,0,10,16,7,13,0,0,0,3,16,9,9,16,0,0,0,14,16,13,15,16,5,0,0,5,13,14,16,15,3,0,0,0,0,3,16,10,0,0,4
fit,optdigits.tra,755,0,0,0,13,8,0,0,0,0,0,11,13,3,0,0,0,0,2,16,5,0,4,2,0,0,7,14,1,5,16,5,0,0,6,15,12,16,11,0,0,0,0,6,11,16,1,0,0,0,0,0,8,13,0,0,0,0,0,0,15,7,0,0,0,4
fit,optdigits.tra,2554,0,0,0,7,16,0,0,0,0,0,0,16,11,0,0,0,0,0,6,16,6,0,0,0,0,0,14,13,0,11,7,0,0,11,16,2,8,16,1,0,5,16,16,16,16,14,0,0,0,4,9,14,16,7,0,0,0,0,0,9,15,1,0,0,4
fit,optdigits.tra,496,0,0,0,3,14,7,0,0,0,0,0,12,12,0,3,8,0,0,9,14,0,2,16,6,0,4,16,2,0,10,14,0,1,15,8,3,8,16,4,0,7,16,16,16,16,12,0,0,2,9,5,2,15,3,0,0,0,0,0,5,14,0,0,0,4
fit,optdigits.tra,2802,0,0,0,12,12,0,0,0,0,0,2,16,10,0,0,0,0,0,9,16,6,0,0,0,0,3,16,11,3,12,2,0,0,12,16,16,16,16,7,0,0,3,8,13,16,13,1,0,0,0,0,9,16,9,0,0,0,0,0,11,16,5,0,0,4
fit,optdigits.tra,2658,0,0,0,3,15,1,0,0,0,0,0,12,11,1,5,0,0,0,6,16,2,6,16,0,0,3,16,7,0,16,6,0,0,10,16,12,14,16,5,0,0,11,14,12,16,13,1,0,0,0,0,0,16,6,0,0,0,0,0,5,14,2,0,0,4
fit,optdigits.tra,820,0,0,0,6,14,1,0,0,0,0,0,13,7,0,0,0,0,0,6,14,2,0,6,0,0,1,14,5,0,9,15,0,0,9,14,0,2,16,6,0,1,15,15,12,14,15,3,0,1,12,12,10,16,4,0,0,0,0,0,7,13,0,0,0,4
fit,optdigits.tra,889,0,0,0,6,16,2,0,0,0,0,0,12,13,0,0,0,0,0,8,15,2,0,0,0,0,3,16,8,1,11,7,0,0,14,16,16,16,16,10,0,0,5,12,12,16,16,4,0,0,0,0,3,16,9,0,0,0,0,0,7,16,5,0,0,4
fit,optdigits.tra,1554,0,0,0,2,13,2,0,0,0,0,0,14,10,0,0,0,0,0,11,10,0,10,4,0,0,4,16,3,1,14,3,0,0,6,16,16,16,16,5,0,0,0,5,8,14,11,1,0,0,0,0,0,15,2,0,0,0,0,0,1,13,0,0,0,4
fit,optdigits.tra,3243,0,0,0,10,15,0,0,0,0,0,8,15,5,7,11,0,0,2,16,6,0,13,11,0,0,10,16,3,6,16,3,0,0,4,16,16,16,16,8,0,0,0,4,12,16,3,0,0,0,0,0,10,15,0,0,0,0,0,0,12,10,0,0,0,4
fit,optdigits.tra,294,0,0,0,12,12,0,0,0,0,0,9,16,9,0,0,0,0,3,16,14,5,5,2,0,0,6,16,16,16,16,9,0,0,0,5,8,13,16,6,0,0,0,0,1,15,16,2,0,0,0,0,5,16,11,0,0,0,0,0,11,16,9,0,0,4
fit,optdigits.tra,2678,0,0,0,0,8,11,0,0,0,0,0,2,14,6,0,0,0,0,0,11,9,2,3,0,0,0,9,12,1,11,9,0,0,4,16,6,0,13,5,0,0,8,16,16,16,16,0,0,0,0,0,3,8,15,0,0,0,0,0,0,6,12,0,0,4
fit,optdigits.tra,128,0,0,0,2,14,8,0,0,0,0,0,8,14,2,6,0,0,0,3,15,7,6,16,2,0,1,13,12,1,12,11,0,0,11,16,16,16,16,10,0,0,5,10,8,13,15,3,0,0,0,0,0,14,12,0,0,0,0,0,4,16,7,0,0,4
fit,optdigits.tra,3314,0,0,0,1,14,8,0,0,0,0,0,12,14,2,0,0,0,0,7,16,4,0,0,0,0,5,16,11,3,10,5,0,0,11,16,16,16,16,6,0,0,7,12,11,16,13,1,0,0,0,0,5,16,10,0,0,0,0,0,2,16,9,0,0,4
fit,optdigits.tra,830,0,0,0,0,15,11,0,0,0,0,0,1,16,8,0,0,0,0,0,12,13,1,0,0,0,0,7,15,2,12,3,0,0,1,15,7,2,16,4,0,0,10,16,11,11,16,3,0,0,15,12,12,15,16,5,0,0,0,0,0,13,7,0,0,4
fit,optdigits.tra,1426,0,1,15,8,0,1,2,0,0,8,16,8,0,12,15,0,0,7,16,11,10,16,7,0,0,2,15,16,16,16,2,0,0,0,2,12,16,9,0,0,0,0,1,16,12,0,0,0,0,0,10,15,1,0,0,0,0,0,12,11,0,0,0,0,4
fit,optdigits.tra,1650,0,0,0,14,4,5,1,0,0,0,6,13,1,15,5,0,0,0,12,7,2,16,2,0,0,7,15,6,10,16,6,0,0,12,16,16,16,13,6,0,0,2,7,8,15,3,0,0,0,0,0,8,10,0,0,0,0,0,0,16,4,0,0,0,4
fit,optdigits.tra,369,0,0,0,0,13,6,0,0,0,0,1,10,13,3,0,0,0,0,5,16,5,0,0,0,0,2,15,9,0,1,0,0,0,7,16,1,5,16,6,0,0,8,16,12,16,14,0,0,0,2,11,13,16,12,0,0,0,0,0,1,14,5,0,0,4
fit,optdigits.tra,342,0,0,0,2,14,1,0,0,0,0,0,10,12,0,0,0,0,0,8,15,1,2,1,0,0,3,15,5,0,12,7,0,0,10,14,0,6,16,2,0,0,8,16,16,16,12,0,0,0,0,2,4,16,5,0,0,0,0,0,2,13,0,0,0,4
fit,optdigits.tra,2625,0,1,15,10,0,0,0,0,0,7,16,5,1,13,6,0,0,9,16,3,9,16,4,0,0,3,15,16,16,11,0,0,0,0,2,14,15,3,0,0,0,0,3,16,8,0,0,0,0,0,12,15,0,0,0,0,0,1,16,5,0,0,0,0,4
fit,optdigits.tra,2603,0,0,5,16,1,0,0,0,0,0,11,11,0,0,6,5,0,0,14,7,0,2,15,6,0,3,16,10,1,12,12,0,0,0,14,16,16,16,4,0,0,0,1,11,16,7,0,0,0,0,0,13,10,0,0,0,0,0,7,15,1,0,0,0,4
fit,optdigits.tra,40,0,0,0,2,10,16,12,2,0,0,2,14,12,7,16,3,0,3,15,15,4,10,15,0,0,6,16,16,16,16,14,0,0,0,3,3,4,16,6,0,0,0,0,0,6,16,2,0,0,0,0,0,10,14,0,0,0,0,0,0,14,9,0,0,4
fit,optdigits.tra,2773,0,0,0,12,16,0,0,0,0,0,3,16,13,0,0,0,0,1,11,15,1,2,6,0,0,6,16,6,1,13,13,0,0,5,16,14,12,16,5,0,0,0,7,14,16,7,0,0,0,0,0,11,13,0,0,0,0,0,0,15,8,0,0,0,4
fit,optdigits.tra,2281,0,0,0,2,16,2,0,0,0,0,0,9,13,0,2,0,0,0,4,16,5,11,11,0,0,0,12,13,3,14,10,0,0,5,16,14,13,16,5,0,0,15,16,16,16,16,8,0,0,3,4,2,12,13,1,0,0,0,0,1,16,7,0,0,4
fit,optdigits.tra,1148,0,0,0,5,4,1,0,0,0,0,0,14,8,12,0,0,0,0,4,13,4,12,0,0,0,0,12,5,7,9,0,0,0,2,16,4,13,16,7,0,0,10,16,16,16,11,1,0,0,5,6,7,15,0,0,0,0,0,0,7,7,0,0,0,4
fit,optdigits.tra,1805,0,0,0,7,15,0,0,0,0,0,7,16,10,0,0,0,0,1,16,9,0,12,8,0,0,9,14,1,5,16,7,0,0,8,15,8,12,16,9,0,0,3,15,16,16,11,1,0,0,0,0,7,16,1,0,0,0,0,0,7,13,0,0,0,4
fit,optdigits.tra,2032,0,0,0,0,12,3,0,0,0,0,0,2,15,0,0,0,0,0,0,9,9,0,0,0,0,0,3,15,0,3,10,0,0,1,14,3,0,14,6,0,0,10,16,15,13,16,1,0,0,9,10,8,14,11,0,0,0,0,0,0,12,2,0,0,4
fit,optdigits.tra,2014,0,0,0,5,13,0,0,0,0,0,0,14,6,0,0,0,0,0,9,13,0,2,0,0,0,1,16,4,5,14,0,0,0,9,14,0,7,10,0,0,0,10,16,12,14,14,0,0,0,2,8,12,15,1,0,0,0,0,0,4,11,0,0,0,4
fit,optdigits.tra,2297,0,0,6,15,1,0,0,0,0,2,16,7,0,0,0,0,0,8,15,0,0,7,3,0,0,11,13,4,8,16,5,0,0,5,16,16,16,10,0,0,0,0,1,14,15,0,0,0,0,0,4,16,6,0,0,0,0,0,10,13,0,0,0,0,4
fit,optdigits.tra,1518,0,0,0,4,13,2,0,0,0,0,0,14,8,0,0,0,0,0,5,14,0,9,7,0,0,2,16,3,5,16,5,0,0,7,14,0,12,13,0,0,0,7,16,13,15,11,0,0,0,0,5,13,16,16,2,0,0,0,0,3,14,2,0,0,4
fit,optdigits.tra,3659,0,0,0,1,13,10,0,0,0,0,0,10,15,3,0,0,0,0,7,16,6,1,14,1,0,3,16,8,0,9,15,0,0,14,16,16,12,16,10,0,0,6,13,16,16,16,6,0,0,0,0,0,14,12,0,0,0,0,0,2,15,3,0,0,4
fit,optdigits.tra,1766,0,0,1,11,13,0,0,0,0,0,5,16,3,0,0,0,0,1,15,9,0,0,0,0,0,6,15,1,0,4,6,0,0,9,16,11,9,16,8,0,0,1,9,12,16,12,1,0,0,0,0,4,16,4,0,0,0,0,0,14,11,0,0,0,4
validation,optdigits.tra,470,0,0,0,2,15,5,0,0,0,0,0,10,14,0,3,0,0,0,3,16,3,6,16,2,0,1,14,8,0,14,10,0,1,12,14,8,11,16,5,0,5,16,16,15,16,11,1,0,1,3,0,1,16,6,0,0,0,0,0,5,15,1,0,0,4
validation,optdigits.tra,1959,0,0,0,1,13,12,3,0,0,0,6,13,11,12,10,0,0,6,16,11,4,13,7,0,0,8,16,16,16,16,10,0,0,0,4,4,7,16,5,0,0,0,0,0,12,8,0,0,0,0,0,0,13,7,0,0,0,0,0,0,15,4,0,0,4
validation,optdigits.tra,3349,0,0,0,7,5,0,1,0,0,0,5,13,1,0,14,4,0,1,16,3,0,9,7,0,0,3,16,7,4,16,3,0,0,2,15,16,16,14,4,0,0,0,0,0,14,6,0,0,0,0,0,3,16,1,0,0,0,0,0,8,7,0,0,0,4
validation,optdigits.tra,2886,0,0,0,0,6,11,0,0,0,0,0,3,15,12,0,0,0,0,5,14,10,12,0,0,0,2,15,6,5,9,0,0,0,6,15,12,15,16,8,0,0,1,8,8,12,12,2,0,0,0,0,0,8,8,0,0,0,0,0,0,5,11,0,0,4
validation,optdigits.tra,2236,0,0,0,11,11,0,0,0,0,0,0,14,11,0,0,0,0,1,12,15,2,0,0,0,0,8,16,8,11,6,2,0,0,5,15,16,16,16,11,0,0,0,1,9,16,7,1,0,0,0,0,8,16,3,0,0,0,0,0,9,16,1,0,0,4
validation,optdigits.tra,2394,0,0,0,0,13,5,0,0,0,0,0,8,15,2,2,0,0,0,9,15,5,13,7,0,0,5,16,6,2,16,4,0,0,11,16,15,11,16,3,0,0,3,12,13,15,15,8,0,0,0,0,0,12,9,0,0,0,0,0,0,10,9,0,0,4
validation,optdigits.tra,3749,0,0,0,9,10,0,0,0,0,0,2,16,4,0,0,0,0,0,11,12,0,0,0,0,0,3,16,4,0,6,1,0,0,9,16,3,9,16,4,0,0,9,16,16,16,10,0,0,0,0,4,9,15,2,0,0,0,0,0,8,13,0,0,0,4
validation,optdigits.tra,1222,0,0,0,9,14,0,0,0,0,0,0,13,11,0,4,0,0,0,2,16,6,6,15,0,0,0,9,14,0,14,10,0,0,12,16,14,13,15,1,0,0,11,14,14,16,12,0,0,0,0,0,7,16,5,0,0,0,0,0,14,13,0,0,0,4
validation,optdigits.tra,1555,0,0,0,1,15,5,0,0,0,0,0,11,15,0,7,1,0,0,8,15,2,5,16,0,0,3,15,8,4,12,11,0,0,10,16,16,16,16,7,0,0,2,8,8,13,16,1,0,0,0,0,0,14,10,0,0,0,0,0,2,14,3,0,0,4
validation,optdigits.tra,84,0,0,0,4,16,4,0,0,0,0,0,14,14,2,0,0,0,0,7,16,5,1,3,0,0,4,16,11,1,13,11,0,0,13,16,13,13,16,8,0,0,9,16,16,16,16,4,0,0,0,0,4,16,7,0,0,0,0,0,5,16,9,0,0,4
validation,optdigits.tra,68,0,0,0,0,11,2,0,0,0,0,0,8,12,0,0,0,0,0,2,15,4,4,8,0,0,1,13,8,0,10,10,0,0,9,16,8,9,16,7,0,0,6,12,12,13,14,1,0,0,0,0,0,14,8,0,0,0,0,0,3,16,4,0,0,4
validation,optdigits.tra,3419,0,0,0,3,12,2,0,0,0,0,0,12,12,0,0,0,0,0,6,16,4,8,13,0,0,1,15,8,1,15,8,0,0,6,16,14,13,16,1,0,0,2,4,10,16,10,0,0,0,0,0,5,16,2,0,0,0,0,0,3,10,0,0,0,4
validation,optdigits.tra,1080,0,0,0,6,7,0,0,0,0,0,2,15,6,0,0,0,0,0,10,11,1,1,0,0,0,4,16,5,10,9,0,0,0,8,16,16,16,15,2,0,0,1,4,7,16,10,0,0,0,0,0,5,16,1,0,0,0,0,0,9,11,0,0,0,4
validation,optdigits.tra,3768,0,0,0,6,16,3,0,0,0,0,2,15,10,11,5,0,0,0,13,9,4,16,3,0,0,4,15,4,9,16,3,0,0,11,15,12,16,16,10,0,0,5,15,14,16,9,0,0,0,0,0,7,13,1,0,0,0,0,0,9,9,0,0,0,4
validation,optdigits.tra,2333,0,0,14,9,0,0,0,0,0,0,8,16,0,0,0,0,0,0,8,12,0,2,1,0,0,0,12,8,0,13,9,0,0,1,16,4,0,16,8,0,0,5,16,0,0,15,6,0,0,8,16,16,16,16,12,0,0,1,8,8,8,13,7,0,4
assessment,optdigits.tes,1409,0,0,0,2,14,5,0,0,0,0,1,11,11,0,0,0,0,0,7,14,1,0,0,0,0,5,16,3,4,6,2,0,0,14,16,14,16,16,10,0,0,9,12,7,8,16,4,0,0,0,0,0,13,12,0,0,0,0,0,3,15,6,0,0,4
assessment,optdigits.tes,125,0,0,0,8,14,0,0,0,0,0,5,16,11,0,0,0,0,1,15,14,1,6,0,0,0,7,16,5,3,16,8,0,0,8,16,8,14,16,2,0,0,0,6,14,16,11,0,0,0,0,0,6,16,4,0,0,0,0,0,10,15,0,0,0,4
assessment,optdigits.tes,98,0,0,0,3,14,1,0,0,0,0,0,13,12,1,0,0,0,0,7,16,5,3,0,0,0,3,15,11,5,16,2,0,0,5,16,11,11,16,6,0,0,0,6,12,16,13,3,0,0,0,0,1,15,7,0,0,0,0,0,2,16,7,0,0,4
assessment,optdigits.tes,638,0,0,3,15,2,0,0,0,0,0,12,12,1,7,0,0,0,2,16,4,9,13,0,0,0,8,11,6,16,1,2,0,0,12,10,12,14,12,11,0,0,11,16,16,14,7,1,0,0,1,7,16,0,0,0,0,0,0,5,16,1,0,0,0,4
assessment,optdigits.tes,498,0,0,0,2,14,0,0,0,0,0,0,10,9,0,0,0,0,0,1,15,8,11,0,0,0,0,12,7,12,8,0,0,0,5,16,12,15,14,5,0,0,8,13,9,16,13,3,0,0,0,0,0,16,4,0,0,0,0,0,0,16,6,0,0,4
assessment,optdigits.tes,1282,0,0,2,14,13,0,0,0,0,0,14,15,3,0,0,0,0,6,16,2,1,5,0,0,0,10,13,0,5,16,2,0,0,7,16,9,12,16,11,0,0,0,5,12,16,10,2,0,0,0,0,12,12,1,0,0,0,0,0,16,5,0,0,0,4
assessment,optdigits.tes,1420,0,0,3,16,0,0,0,0,0,0,10,10,0,0,0,0,0,1,16,3,13,5,0,0,0,8,13,1,16,7,6,0,0,14,13,9,16,16,10,0,0,11,16,16,14,9,3,0,0,1,4,16,8,0,0,0,0,0,2,16,6,0,0,0,4
assessment,optdigits.tes,864,0,0,0,1,15,4,0,0,0,0,1,13,14,1,0,0,0,0,9,15,5,7,7,0,0,4,16,6,1,16,8,0,0,14,15,0,6,16,2,0,0,11,16,13,14,16,4,0,0,0,5,8,15,14,1,0,0,0,0,0,15,12,0,0,4
assessment,optdigits.tes,1044,0,0,0,6,15,1,0,0,0,0,5,16,10,0,8,6,0,2,16,11,0,9,16,6,0,8,16,14,14,16,13,1,0,6,12,12,12,16,3,0,0,0,0,0,13,11,0,0,0,0,0,6,16,5,0,0,0,0,0,10,14,0,0,0,4
assessment,optdigits.tes,1398,0,0,0,1,11,12,0,0,0,0,0,9,13,1,0,0,0,0,8,15,3,0,0,0,0,2,16,6,1,5,2,0,0,12,13,8,13,16,9,0,0,16,16,13,11,16,6,0,0,3,4,0,11,14,0,0,0,0,0,1,16,12,0,0,4
assessment,optdigits.tes,1012,0,0,0,6,16,0,0,0,0,0,0,12,13,0,0,0,0,0,5,15,3,6,15,0,0,1,14,11,0,13,13,0,0,10,16,13,12,16,5,0,0,11,12,12,16,14,2,0,0,0,0,3,16,9,0,0,0,0,0,8,16,3,0,0,4
assessment,optdigits.tes,69,0,0,0,9,9,0,0,0,0,0,3,16,9,0,0,0,0,3,14,10,0,2,0,0,0,10,16,5,7,15,1,0,0,2,11,15,16,13,1,0,0,0,0,7,16,3,0,0,0,0,0,6,15,0,0,0,0,0,0,4,16,5,0,0,4
assessment,optdigits.tes,321,0,0,1,14,8,0,0,0,0,0,8,16,4,0,0,0,0,1,16,9,0,1,5,0,0,8,16,5,1,12,15,0,0,10,16,12,11,16,6,0,0,3,14,16,16,8,0,0,0,0,0,11,16,1,0,0,0,0,0,13,14,0,0,0,4
assessment,optdigits.tes,1662,0,0,0,11,8,0,0,0,0,0,6,15,2,0,0,0,0,0,13,8,0,4,7,0,0,5,16,2,2,13,9,0,0,10,15,12,15,14,1,0,0,6,16,9,16,5,0,0,0,0,0,6,14,1,0,0,0,0,0,14,7,0,0,0,4
assessment,optdigits.tes,474,0,0,0,0,7,6,0,0,0,0,0,6,15,6,0,0,0,0,1,15,5,14,3,0,0,0,12,8,4,16,0,0,0,5,16,9,10,16,4,0,0,1,11,12,14,14,4,0,0,0,0,0,8,8,0,0,0,0,0,0,11,7,0,0,4
assessment,optdigits.tes,1356,0,0,0,4,14,2,0,0,0,0,1,15,7,0,0,0,0,0,8,14,0,2,8,0,0,1,15,5,0,10,11,0,0,6,14,1,6,16,5,0,0,12,16,16,16,14,2,0,0,3,12,13,16,3,0,0,0,0,0,6,10,0,0,0,4
assessment,optdigits.tes,1768,0,0,0,2,16,1,0,0,0,0,0,9,12,0,0,0,0,0,4,15,9,0,0,0,0,4,16,12,0,9,12,0,0,9,16,16,16,16,10,0,0,1,6,10,14,16,4,0,0,0,0,0,14,14,0,0,0,0,0,3,16,7,0,0,4
assessment,optdigits.tes,711,0,0,0,6,15,1,0,0,0,0,3,16,9,15,3,0,0,1,15,7,5,15,0,0,0,9,16,4,11,14,10,0,0,9,16,16,16,16,9,0,0,0,2,4,16,2,0,0,0,0,0,6,14,0,0,0,0,0,0,7,10,0,0,0,4
assessment,optdigits.tes,1385,0,0,0,0,12,10,0,0,0,0,0,11,16,3,0,0,0,0,4,15,4,0,0,0,0,0,12,10,0,8,10,0,0,6,15,1,1,15,8,0,0,7,16,8,10,16,7,0,0,4,15,16,16,13,0,0,0,0,0,0,12,9,0,0,4
assessment,optdigits.tes,112,0,0,1,10,9,0,0,0,0,0,9,15,4,0,0,0,0,1,16,5,0,0,0,0,0,4,16,1,4,14,4,0,0,4,16,12,14,16,5,0,0,0,1,7,16,9,0,0,0,0,0,2,16,4,0,0,0,0,0,10,13,0,0,0,4
assessment,optdigits.tes,581,0,0,0,12,10,0,0,0,0,0,4,16,5,0,0,0,0,0,15,7,2,14,1,0,0,6,16,2,9,16,11,0,0,9,14,9,16,15,6,0,0,5,16,16,16,1,0,0,0,0,2,11,13,0,0,0,0,0,0,12,13,0,0,0,4
assessment,optdigits.tes,344,0,0,2,13,13,0,0,0,0,0,9,16,6,0,0,0,0,0,14,16,2,0,4,0,0,5,16,10,1,13,15,0,0,7,16,16,16,16,4,0,0,0,8,15,16,8,0,0,0,0,0,14,10,0,0,0,0,0,1,16,11,0,0,0,4
assessment,optdigits.tes,1672,0,0,0,0,8,10,0,0,0,0,0,0,13,6,0,0,0,0,0,5,13,0,0,0,0,0,2,14,3,10,10,0,0,1,14,15,10,16,6,0,0,14,14,12,15,16,2,0,0,3,0,0,8,14,0,0,0,0,0,0,5,10,0,0,4
assessment,optdigits.tes,1457,0,0,0,5,15,2,0,0,0,0,0,14,10,2,0,0,0,0,12,14,4,15,0,0,0,6,16,4,9,15,8,0,0,14,15,11,15,16,9,0,0,7,15,15,16,11,0,0,0,0,0,3,16,6,0,0,0,0,0,6,16,2,0,0,4
assessment,optdigits.tes,874,0,0,0,6,14,0,0,0,0,0,4,16,6,0,0,0,0,0,14,10,1,2,0,0,0,6,16,4,12,10,0,0,0,14,11,0,16,8,0,0,4,16,16,16,16,10,0,0,1,11,12,12,16,5,0,0,0,0,0,8,16,4,0,0,4
assessment,optdigits.tes,145,0,0,0,5,14,0,0,0,0,0,1,15,13,0,0,0,0,0,9,16,13,0,0,0,0,5,16,15,13,0,0,0,0,8,16,16,16,15,9,0,0,0,4,10,14,8,5,0,0,0,0,8,12,0,0,0,0,0,0,7,10,0,0,0,4
assessment,optdigits.tes,378,0,0,1,15,7,0,0,0,0,0,6,16,3,0,0,0,0,1,16,10,0,1,3,0,0,5,16,3,1,12,15,0,0,11,16,8,14,15,3,0,0,6,16,16,16,5,0,0,0,0,1,14,11,0,0,0,0,0,2,16,12,0,0,0,4
assessment,optdigits.tes,1778,0,0,0,2,14,0,0,0,0,0,0,4,15,0,0,0,0,0,0,11,10,5,7,0,0,0,11,15,2,13,7,0,0,10,16,8,8,16,6,0,0,8,12,12,13,15,1,0,0,0,0,0,10,10,0,0,0,0,0,1,13,3,0,0,4
assessment,optdigits.tes,888,0,0,0,5,15,4,0,0,0,0,1,15,11,0,0,0,0,0,12,14,2,0,0,0,0,5,16,7,7,10,0,0,0,12,16,16,16,12,0,0,0,11,12,14,16,14,1,0,0,0,0,0,16,9,0,0,0,0,0,4,16,6,0,0,4
assessment,optdigits.tes,195,0,0,0,0,11,5,0,0,0,0,0,8,16,2,0,0,0,0,4,15,16,3,0,0,0,0,12,6,16,3,0,0,0,5,15,0,15,5,3,0,0,6,16,16,16,11,4,0,0,0,0,0,14,0,0,0,0,0,0,0,12,2,0,0,4
fit,optdigits.tra,1331,0,0,15,2,0,0,0,0,0,5,16,15,11,5,0,0,0,7,16,15,12,13,4,0,0,1,15,7,0,0,0,0,0,0,5,16,5,0,0,0,0,0,0,10,14,0,0,0,0,0,1,12,15,0,0,0,0,0,11,16,6,0,0,0,5
fit,optdigits.tra,1966,0,0,7,16,15,11,5,0,0,0,14,11,8,8,5,0,0,1,16,2,8,5,0,0,0,8,15,15,15,15,3,0,0,8,15,5,0,12,4,0,0,0,0,0,2,15,1,0,0,0,6,8,13,8,0,0,0,0,8,15,10,0,0,0,5
fit,optdigits.tra,1437,0,3,12,16,16,14,0,0,0,13,16,14,8,5,0,0,0,10,10,0,0,0,0,0,0,5,15,3,0,0,0,0,0,0,14,9,0,0,0,0,0,0,7,14,1,0,0,0,0,0,10,16,4,0,0,0,0,0,15,15,2,0,0,0,5
fit,optdigits.tra,1095,0,0,10,12,13,9,4,0,0,2,16,11,8,5,3,0,0,3,16,1,0,0,0,0,0,7,16,16,15,3,0,0,0,6,12,9,14,15,1,0,0,0,0,0,6,16,2,0,0,0,4,4,13,15,1,0,0,0,13,15,9,2,0,0,5
fit,optdigits.tra,2709,0,0,4,10,14,14,8,0,0,7,16,15,11,8,4,0,0,2,15,9,3,0,0,0,0,0,12,16,16,7,0,0,0,0,0,4,9,16,4,0,0,0,0,0,0,13,8,0,0,0,7,12,11,16,5,0,0,0,4,16,10,5,0,0,5
fit,optdigits.tra,1021,0,0,10,12,13,11,2,0,0,0,14,9,8,8,2,0,0,0,15,0,0,0,0,0,0,6,16,6,0,0,0,0,0,3,12,13,15,5,0,0,0,0,0,0,6,13,1,0,0,0,9,5,4,14,0,0,0,0,8,15,15,7,0,0,5
fit,optdigits.tra,3372,0,0,7,14,14,13,3,0,0,0,14,7,4,9,6,0,0,4,13,0,0,0,0,0,0,6,16,14,8,1,0,0,0,0,0,3,9,13,0,0,0,0,0,0,0,13,0,0,0,0,9,0,3,14,0,0,0,0,11,16,14,3,0,0,5
fit,optdigits.tra,238,0,0,1,8,13,10,2,0,0,0,11,16,13,13,3,0,0,4,15,0,0,0,0,0,0,3,15,7,1,0,0,0,0,0,8,15,15,7,0,0,0,0,0,2,10,16,2,0,0,0,2,7,8,16,4,0,0,0,2,15,12,7,0,0,5
fit,optdigits.tra,2934,0,2,13,12,13,16,4,0,0,4,15,9,8,8,0,0,0,4,12,0,0,0,0,0,0,6,15,12,5,0,0,0,0,2,11,10,16,2,0,0,0,0,0,0,12,6,0,0,0,0,2,9,15,3,0,0,0,1,13,10,2,0,0,0,5
fit,optdigits.tra,2713,0,0,8,14,15,11,0,0,0,1,16,14,8,8,0,0,0,2,16,10,2,0,0,0,0,1,12,16,14,2,0,0,0,0,0,0,11,10,0,0,0,0,0,0,7,13,0,0,0,0,14,14,16,3,0,0,0,0,12,10,5,0,0,0,5
fit,optdigits.tra,2533,0,1,10,13,15,11,1,0,0,4,16,12,8,7,0,0,0,5,16,4,5,1,0,0,0,3,16,16,15,15,2,0,0,0,0,1,5,14,5,0,0,0,0,0,0,15,5,0,0,7,11,6,6,16,4,0,0,2,10,14,14,8,0,0,5
fit,optdigits.tra,512,0,2,15,13,11,8,1,0,0,7,16,14,13,12,3,0,0,8,16,4,0,0,0,0,0,4,16,16,14,3,0,0,0,0,3,4,13,14,0,0,0,0,0,0,1,15,7,0,0,0,7,3,2,13,10,0,0,2,15,16,16,16,9,0,5
fit,optdigits.tra,1168,0,0,7,8,8,8,0,0,0,0,12,16,14,12,0,0,0,0,15,5,2,0,0,0,0,0,14,16,13,2,0,0,0,0,7,4,12,9,0,0,0,0,0,0,6,12,0,0,0,0,11,12,16,10,0,0,0,0,8,13,8,1,0,0,5
fit,optdigits.tra,3582,0,0,8,15,16,8,0,0,0,3,13,13,6,2,0,0,0,13,8,0,0,0,0,0,0,5,16,5,0,0,0,0,0,0,8,14,2,0,0,0,0,0,0,13,11,0,0,0,0,0,4,13,16,0,0,0,0,0,7,16,8,0,0,0,5
fit,optdigits.tra,2685,0,0,12,16,15,5,0,0,0,3,15,8,7,5,0,0,0,9,13,8,8,2,0,0,0,4,15,12,15,16,3,0,0,0,0,0,1,14,8,0,0,0,1,0,0,11,10,0,0,2,16,9,9,15,3,0,0,0,8,11,13,4,0,0,5
fit,optdigits.tra,2925,0,2,11,10,12,13,7,0,0,7,16,13,11,12,5,0,0,4,16,4,4,1,0,0,0,4,16,16,16,16,5,0,0,0,2,2,1,13,8,0,0,0,0,0,0,14,6,0,0,0,9,5,13,14,0,0,0,0,15,12,9,2,0,0,5
fit,optdigits.tra,3588,0,0,9,16,16,14,0,0,0,3,15,10,2,5,0,0,0,11,9,0,0,0,0,0,0,8,14,1,0,0,0,0,0,1,15,5,0,0,0,0,0,0,11,9,0,0,0,0,0,0,9,12,0,0,0,0,0,0,14,9,0,0,0,0,5
fit,optdigits.tra,3300,0,0,2,10,13,4,0,0,0,0,11,16,15,5,0,0,0,5,16,11,2,0,0,0,0,10,15,2,0,0,0,0,0,3,13,15,5,0,0,0,0,0,0,8,16,6,0,0,0,0,2,10,16,7,0,0,0,0,3,15,10,0,0,0,5
fit,optdigits.tra,2997,0,0,5,8,14,14,8,0,0,4,16,13,12,9,4,0,0,4,16,0,0,0,0,0,0,5,16,8,2,0,0,0,0,0,6,14,16,8,0,0,0,0,0,0,6,16,2,0,0,0,11,8,10,15,1,0,0,0,8,13,10,1,0,0,5
fit,optdigits.tra,3735,0,0,9,14,8,8,0,0,0,4,16,16,16,16,2,0,0,8,16,4,1,0,0,0,0,1,16,8,0,0,0,0,0,0,7,16,9,0,0,0,0,0,0,3,16,6,0,0,0,0,4,9,15,13,0,0,0,0,14,13,12,5,0,0,5
fit,optdigits.tra,1666,0,0,6,15,16,16,5,0,0,3,16,14,8,4,1,0,0,10,16,11,3,0,0,0,0,11,16,16,15,3,0,0,0,1,2,1,14,12,0,0,0,0,0,0,7,16,1,0,0,0,5,13,11,15,0,0,0,0,7,16,15,3,0,0,5
fit,optdigits.tra,2675,0,0,4,12,12,6,0,0,0,0,3,6,4,8,0,0,0,3,13,6,8,3,0,0,0,4,16,13,12,15,2,0,0,0,3,0,0,10,8,0,0,0,0,0,0,8,6,0,0,0,7,6,5,14,2,0,0,0,3,14,15,6,0,0,5
fit,optdigits.tra,116,0,1,11,13,13,12,7,0,0,2,16,6,4,10,9,0,0,2,16,2,0,0,0,0,0,4,16,16,16,4,0,0,0,1,10,5,7,12,0,0,0,0,0,0,5,11,0,0,0,0,1,5,14,3,0,0,0,0,15,14,7,0,0,0,5
fit,optdigits.tra,1978,0,0,6,9,12,12,8,0,0,2,16,12,8,8,6,0,0,0,15,8,4,0,0,0,0,0,14,16,16,13,1,0,0,0,9,7,5,16,7,0,0,0,0,0,2,16,5,0,0,0,0,6,15,9,0,0,0,0,15,15,7,0,0,0,5
fit,optdigits.tra,1478,0,0,4,14,16,7,0,0,0,1,16,14,8,5,0,0,0,8,10,0,0,0,0,0,0,3,13,0,0,0,0,0,0,0,12,6,0,0,0,0,0,0,4,13,0,0,0,0,0,0,0,16,5,0,0,0,0,0,7,16,4,0,0,0,5
fit,optdigits.tra,2063,0,0,3,11,14,16,4,0,0,9,16,16,16,9,3,0,0,15,14,6,2,0,0,0,0,10,16,5,0,0,0,0,0,3,13,15,5,0,0,0,0,0,1,10,15,6,0,0,0,0,0,7,15,15,0,0,0,0,2,15,16,15,0,0,5
fit,optdigits.tra,229,0,0,6,12,14,10,0,0,0,4,16,13,10,13,0,0,0,8,9,0,0,0,0,0,0,6,14,10,7,0,0,0,0,0,8,9,15,11,0,0,0,0,0,0,1,14,7,0,0,0,4,8,8,15,5,0,0,0,5,16,12,6,0,0,5
fit,optdigits.tra,1482,0,0,3,13,16,16,3,0,0,0,8,10,5,5,0,0,0,7,15,0,0,0,0,0,0,10,13,2,0,0,0,0,0,3,15,14,1,0,0,0,0,0,0,11,11,0,0,0,0,0,0,7,13,0,0,0,0,0,3,16,11,0,0,0,5
fit,optdigits.tra,1035,0,0,6,12,13,12,6,0,0,0,6,8,2,5,7,0,0,0,12,2,0,0,0,0,0,7,15,12,7,2,0,0,0,2,8,8,9,15,4,0,0,0,0,0,0,7,7,0,0,0,4,5,4,13,2,0,0,0,4,15,16,6,0,0,5
fit,optdigits.tra,973,0,0,5,9,13,13,0,0,0,0,11,16,9,4,0,0,0,0,7,12,0,0,0,0,0,0,10,15,12,12,2,0,0,0,3,12,8,14,7,0,0,0,0,0,0,13,4,0,0,0,1,9,14,12,1,0,0,0,3,16,10,1,0,0,5
fit,optdigits.tra,794,0,0,8,12,13,14,4,0,0,0,15,8,2,4,1,0,0,1,16,5,2,0,0,0,0,4,12,13,14,8,0,0,0,0,0,0,1,12,4,0,0,0,0,0,0,8,5,0,0,0,6,3,2,14,2,0,0,0,9,16,14,5,0,0,5
fit,optdigits.tra,362,0,0,6,16,16,10,0,0,0,5,16,16,13,6,0,0,0,1,15,15,1,0,0,0,0,0,4,16,5,0,0,0,0,0,0,14,11,0,0,0,0,0,0,13,14,0,0,0,0,0,9,16,11,0,0,0,0,0,8,15,5,0,0,0,5
fit,optdigits.tra,2699,0,2,8,12,15,15,2,0,0,13,16,16,13,12,3,0,0,12,16,9,0,0,0,0,0,6,16,16,7,0,0,0,0,0,4,10,15,0,0,0,0,0,2,4,16,4,0,0,0,4,16,16,13,0,0,0,0,0,15,15,5,0,0,0,5
fit,optdigits.tra,3069,0,1,11,12,12,13,2,0,0,7,16,9,8,8,2,0,0,7,14,8,8,1,0,0,0,3,15,11,11,13,0,0,0,0,0,0,4,16,0,0,0,0,0,0,9,13,0,0,0,0,2,11,14,4,0,0,0,0,12,9,1,0,0,0,5
fit,optdigits.tra,1092,0,1,8,15,16,12,3,0,0,4,16,13,5,6,2,0,0,0,16,7,1,0,0,0,0,6,16,16,15,8,0,0,0,1,12,8,12,16,5,0,0,0,0,0,5,16,5,0,0,0,3,8,15,12,0,0,0,0,8,14,8,0,0,0,5
fit,optdigits.tra,1831,0,0,6,15,16,16,16,11,0,0,10,15,16,14,10,2,0,0,3,16,8,0,0,0,0,0,3,16,13,1,0,0,0,0,0,9,16,9,0,0,0,0,0,0,15,15,1,0,0,0,0,10,15,7,0,0,0,0,5,15,3,0,0,0,5
fit,optdigits.tra,1374,0,0,7,14,16,8,0,0,0,1,16,16,8,6,0,0,0,8,16,10,0,0,0,0,0,14,16,16,10,1,0,0,0,7,12,8,15,6,0,0,0,0,0,0,14,9,0,0,0,0,3,9,16,6,0,0,0,0,12,16,10,1,0,0,5
fit,optdigits.tra,537,0,0,11,16,16,12,5,0,0,1,16,10,8,8,5,0,0,2,16,10,7,1,0,0,0,3,16,13,14,12,1,0,0,0,5,0,2,15,5,0,0,0,0,0,0,13,7,0,0,0,6,5,10,16,2,0,0,0,12,14,12,6,0,0,5
fit,optdigits.tra,2174,0,0,6,9,12,16,10,0,0,0,11,13,5,4,4,0,0,0,12,4,0,0,0,0,0,3,15,3,4,2,0,0,0,2,16,14,12,14,7,0,0,0,1,0,0,10,4,0,0,12,13,0,1,13,2,0,0,0,6,16,16,7,0,0,5
fit,optdigits.tra,3438,0,0,4,10,12,8,0,0,0,0,9,16,12,11,0,0,0,0,12,9,3,0,0,0,0,0,13,16,16,6,0,0,0,0,9,6,8,13,1,0,0,0,0,0,4,16,3,0,0,0,13,12,14,13,1,0,0,0,7,14,10,0,0,0,5
fit,optdigits.tra,66,0,0,10,16,16,16,4,0,0,2,14,8,1,1,0,0,0,7,15,12,12,7,0,0,0,3,9,7,5,16,6,0,0,0,0,0,0,5,8,0,0,0,0,0,0,13,7,0,0,0,11,4,13,12,0,0,0,0,9,13,9,0,0,0,5
fit,optdigits.tra,545,0,0,12,13,14,5,0,0,0,0,16,9,8,6,0,0,0,3,16,2,3,0,0,0,0,5,16,16,16,8,0,0,0,0,2,0,4,16,3,0,0,0,0,0,0,15,8,0,0,0,3,0,4,16,7,0,0,0,11,16,16,13,1,0,5
fit,optdigits.tra,1622,0,0,4,16,13,13,5,0,0,0,9,15,7,4,2,0,0,3,14,9,0,0,0,0,0,5,16,16,13,5,0,0,0,0,0,2,10,15,1,0,0,0,0,0,5,15,1,0,0,0,1,4,14,6,0,0,0,0,2,16,10,0,0,0,5
fit,optdigits.tra,960,0,1,9,14,16,16,13,0,0,8,16,12,7,4,2,0,0,10,15,4,2,0,0,0,0,8,16,16,15,3,0,0,0,0,3,6,15,13,0,0,0,0,0,0,5,16,2,0,0,0,2,4,8,16,4,0,0,0,13,16,16,10,0,0,5
fit,optdigits.tra,786,0,1,12,12,13,13,4,0,0,3,14,6,4,2,1,0,0,5,11,6,2,0,0,0,0,6,16,12,15,4,0,0,0,1,1,0,5,14,0,0,0,0,0,0,2,16,0,0,0,0,4,3,7,14,0,0,0,2,14,16,14,3,0,0,5
fit,optdigits.tra,2679,0,0,10,16,16,15,0,0,0,3,15,9,8,4,0,0,0,9,13,6,2,0,0,0,0,8,16,16,16,11,0,0,0,1,8,5,10,16,7,0,0,0,0,0,0,12,9,0,0,0,4,9,14,16,4,0,0,0,11,13,11,5,0,0,5
fit,optdigits.tra,189,0,1,14,13,16,12,1,0,0,9,16,13,7,8,1,0,0,10,16,11,7,0,0,0,0,1,13,16,16,6,0,0,0,0,0,0,5,12,0,0,0,0,0,0,5,11,0,0,0,0,1,6,15,9,0,0,0,0,13,15,8,1,0,0,5
fit,optdigits.tra,3038,0,1,12,13,16,15,1,0,0,3,16,16,10,5,0,0,0,0,12,12,0,0,0,0,0,0,8,14,1,0,0,0,0,0,3,15,5,0,0,0,0,0,0,13,8,0,0,0,0,0,11,16,9,0,0,0,0,1,13,16,3,0,0,0,5
fit,optdigits.tra,475,0,0,11,16,16,16,6,0,0,4,16,13,10,4,2,0,0,4,16,0,0,0,0,0,0,1,15,10,0,0,0,0,0,0,6,15,9,0,0,0,0,2,1,3,16,1,0,0,0,9,11,5,16,2,0,0,0,1,11,16,14,0,0,0,5
fit,optdigits.tra,1208,0,0,2,11,15,8,0,0,0,0,14,13,13,8,0,0,0,0,14,8,8,4,0,0,0,0,7,16,16,14,2,0,0,0,1,4,1,13,6,0,0,0,0,0,0,7,13,0,0,0,10,7,2,7,12,0,0,0,2,10,14,16,7,0,5
validation,optdigits.tra,2756,0,0,15,12,7,15,6,0,0,8,16,16,16,14,5,0,0,10,16,5,1,0,0,0,0,8,16,9,1,0,0,0,0,0,5,15,13,0,0,0,0,0,0,5,16,4,0,0,0,0,0,10,15,0,0,0,0,0,15,16,6,0,0,0,5
validation,optdigits.tra,2467,0,0,5,12,13,11,3,0,0,2,16,12,8,6,3,0,0,4,16,9,3,0,0,0,0,7,16,16,16,7,0,0,0,3,8,4,11,14,0,0,0,0,0,0,4,16,2,0,0,0,2,6,12,16,2,0,0,0,8,12,8,3,0,0,5
validation,optdigits.tra,3630,0,0,5,16,16,5,0,0,0,5,16,11,7,1,0,0,0,11,16,14,5,0,0,0,0,4,8,11,16,13,1,0,0,0,0,0,4,16,7,0,0,0,2,0,0,9,11,0,0,0,8,11,8,15,7,0,0,0,3,12,16,9,0,0,5
validation,optdigits.tra,2600,0,4,16,16,15,5,0,0,0,7,15,13,13,14,5,0,0,2,15,8,0,0,1,0,0,0,6,15,4,0,0,0,0,0,0,15,7,0,0,0,0,0,0,11,12,0,0,0,0,0,2,15,9,0,0,0,0,1,16,15,3,0,0,0,5
validation,optdigits.tra,2276,0,0,8,14,15,8,0,0,0,5,15,11,8,10,0,0,0,7,12,0,0,0,0,0,0,9,16,16,4,0,0,0,0,3,8,9,13,0,0,0,0,0,0,1,13,0,0,0,0,0,6,9,14,0,0,0,0,0,7,13,8,0,0,0,5
validation,optdigits.tra,402,0,1,9,12,12,15,6,0,0,1,16,11,8,8,4,0,0,6,16,5,4,2,0,0,0,7,16,16,16,15,2,0,0,0,2,2,3,14,6,0,0,0,0,0,2,14,6,0,0,2,11,8,12,13,2,0,0,1,11,16,10,2,0,0,5
validation,optdigits.tra,1442,0,0,5,14,16,14,0,0,0,7,16,15,8,8,0,0,0,14,13,0,0,0,0,0,0,13,16,13,3,0,0,0,0,0,5,11,15,1,0,0,0,0,0,0,16,9,0,0,0,0,5,11,16,8,0,0,0,0,11,16,10,1,0,0,5
validation,optdigits.tra,1956,0,0,4,16,13,16,13,0,0,0,12,11,5,4,2,0,0,1,16,1,9,8,2,0,0,8,16,14,10,13,6,0,0,1,4,0,0,9,6,0,0,0,0,0,5,11,1,0,0,0,1,6,14,4,0,0,0,0,6,15,5,0,0,0,5
validation,optdigits.tra,2681,0,0,7,13,11,3,0,0,0,2,15,8,8,2,0,0,0,6,11,3,3,0,0,0,0,7,16,16,16,13,2,0,0,1,8,5,3,11,10,0,0,0,0,0,0,2,14,0,0,0,2,5,4,10,15,0,0,0,8,16,16,14,4,0,5
validation,optdigits.tra,2461,0,0,11,16,16,14,4,0,0,3,16,10,11,9,5,0,0,5,15,3,0,0,0,0,0,4,16,16,15,3,0,0,0,3,13,12,15,14,0,0,0,0,0,0,6,16,0,0,0,0,4,12,16,10,0,0,0,0,9,11,6,0,0,0,5
validation,optdigits.tra,3081,0,1,7,6,12,14,7,0,0,4,16,13,7,4,1,0,0,5,14,4,2,0,0,0,0,5,16,16,15,3,0,0,0,1,7,3,14,8,0,0,0,0,0,0,12,6,0,0,0,1,3,5,15,2,0,0,0,1,13,13,5,0,0,0,5
validation,optdigits.tra,118,0,0,11,10,8,14,10,0,0,1,16,14,12,12,7,0,0,0,16,8,0,0,0,0,0,5,16,16,10,2,0,0,0,2,8,8,12,15,1,0,0,0,0,0,5,16,3,0,0,0,5,9,16,10,0,0,0,2,12,12,4,0,0,0,5
validation,optdigits.tra,806,0,0,13,15,16,16,3,0,0,1,14,4,4,0,0,0,0,2,14,11,7,1,0,0,0,2,15,9,13,11,0,0,0,0,0,0,0,15,2,0,0,0,0,0,0,14,3,0,0,3,13,4,6,14,0,0,0,0,13,16,12,3,0,0,5
validation,optdigits.tra,3662,0,0,5,12,12,14,5,0,0,0,13,13,11,8,4,0,0,5,16,1,0,0,0,0,0,8,16,16,12,2,0,0,0,1,7,8,15,15,0,0,0,0,0,0,1,16,1,0,0,0,5,9,11,15,0,0,0,0,5,14,11,3,0,0,5
validation,optdigits.tra,3599,0,0,5,16,16,8,0,0,0,3,11,11,7,4,0,0,0,11,11,0,0,0,0,0,0,13,15,7,0,0,0,0,0,3,8,13,8,0,0,0,0,0,0,2,15,2,0,0,0,0,8,5,15,6,0,0,0,0,7,16,15,3,0,0,5
assessment,optdigits.tes,1651,0,0,15,13,13,13,0,0,0,0,16,16,11,3,0,0,0,0,12,13,0,0,0,0,0,0,5,16,3,0,0,0,0,0,0,11,10,0,0,0,0,0,0,10,14,0,0,0,0,0,9,16,10,0,0,0,0,0,11,15,1,0,0,0,5
assessment,optdigits.tes,802,0,2,12,13,16,16,4,0,0,11,16,13,7,4,1,0,0,13,14,0,0,0,0,0,0,1,15,12,0,0,0,0,0,0,6,16,3,0,0,0,0,0,0,13,7,0,0,0,0,3,5,16,7,0,0,0,0,3,13,15,0,0,0,0,5
assessment,optdigits.tes,1577,0,8,13,15,16,16,8,0,0,9,16,16,13,11,5,0,0,6,16,12,0,0,0,0,0,1,14,14,0,0,0,0,0,0,8,16,2,0,0,0,0,0,8,15,0,0,0,0,0,3,14,11,0,0,0,0,0,9,16,6,0,0,0,0,5
assessment,optdigits.tes,1362,0,0,4,9,13,13,0,0,0,1,13,15,6,2,0,0,0,0,9,7,0,0,0,0,0,0,13,3,4,0,0,0,0,2,16,16,16,8,0,0,0,2,11,3,0,10,4,0,0,0,2,5,4,15,1,0,0,0,3,12,14,8,0,0,5
assessment,optdigits.tes,177,0,7,16,16,16,11,2,0,0,5,16,12,8,6,1,0,0,9,16,1,0,0,0,0,0,2,16,15,3,0,0,0,0,0,5,16,14,1,0,0,0,0,0,2,16,10,0,0,0,1,7,13,16,3,0,0,0,4,15,16,6,0,0,0,5
assessment,optdigits.tes,626,0,0,10,12,13,16,2,0,0,4,15,6,4,4,0,0,0,5,10,0,0,0,0,0,0,5,16,16,16,9,0,0,0,2,11,3,3,12,0,0,0,0,0,0,2,13,0,0,0,0,4,1,9,10,0,0,0,0,16,16,13,1,0,0,5
assessment,optdigits.tes,1405,0,0,9,16,16,16,4,0,0,0,8,16,5,4,0,0,0,1,15,9,0,0,0,0,0,9,15,8,7,3,0,0,0,3,12,12,14,16,5,0,0,0,0,0,1,11,12,0,0,0,1,2,1,11,10,0,0,0,9,16,16,16,4,0,5
assessment,optdigits.tes,374,0,0,7,11,12,14,2,0,0,8,16,9,4,3,0,0,0,10,15,5,0,0,0,0,0,3,12,16,14,4,0,0,0,0,0,2,13,16,2,0,0,0,0,0,0,15,9,0,0,0,2,4,8,15,9,0,0,0,10,16,13,8,0,0,5
assessment,optdigits.tes,1275,0,4,7,13,16,16,4,0,0,11,16,14,9,2,0,0,0,14,5,0,0,0,0,0,0,12,8,0,0,0,0,0,0,9,12,0,0,0,0,0,0,2,13,16,9,0,0,0,0,1,3,14,16,3,0,0,0,4,14,16,13,0,0,0,5
assessment,optdigits.tes,1683,0,0,8,14,16,16,0,0,0,0,14,13,8,8,0,0,0,2,16,6,0,0,0,0,0,6,16,13,16,13,0,0,0,3,16,16,12,16,7,0,0,0,4,1,2,14,6,0,0,0,1,6,16,11,0,0,0,0,11,15,8,1,0,0,5
assessment,optdigits.tes,34,0,6,13,5,8,8,1,0,0,8,16,16,16,16,6,0,0,6,16,9,6,4,0,0,0,6,16,16,15,5,0,0,0,0,4,5,15,12,0,0,0,0,0,3,16,9,0,0,0,1,8,13,15,3,0,0,0,4,16,15,3,0,0,0,5
assessment,optdigits.tes,672,0,1,13,16,16,11,1,0,0,8,16,16,13,11,1,0,0,11,13,1,0,0,0,0,0,10,13,2,0,0,0,0,0,2,14,15,6,0,0,0,0,0,0,8,16,6,0,0,0,0,6,9,15,9,0,0,0,0,13,16,15,3,0,0,5
assessment,optdigits.tes,1576,0,0,7,15,16,16,1,0,0,9,16,16,10,5,0,0,0,14,16,16,15,0,0,0,0,11,14,13,16,2,0,0,0,0,0,6,16,1,0,0,0,0,0,12,12,0,0,0,0,0,6,16,7,0,0,0,0,0,10,13,0,0,0,0,5
assessment,optdigits.tes,1525,0,0,9,9,12,12,0,0,0,0,14,10,8,3,0,0,0,0,13,6,3,0,0,0,0,0,13,16,15,12,2,0,0,0,0,0,0,5,9,0,0,0,0,0,0,2,12,0,0,0,5,1,2,11,8,0,0,0,10,16,16,11,1,0,5
assessment,optdigits.tes,458,0,0,4,12,16,16,11,2,0,0,15,13,8,11,8,1,0,2,15,13,16,8,0,0,0,6,16,13,13,16,2,0,0,7,11,2,2,16,6,0,0,0,0,0,5,15,2,0,0,0,9,6,13,10,0,0,0,0,7,14,13,1,0,0,5
assessment,optdigits.tes,563,0,0,11,13,12,12,3,0,0,5,14,4,4,7,2,0,0,7,10,1,4,1,0,0,0,8,15,14,12,15,2,0,0,2,7,0,0,12,4,0,0,0,0,0,1,16,3,0,0,1,8,3,10,12,0,0,0,1,12,16,12,2,0,0,5
assessment,optdigits.tes,911,0,0,14,12,12,13,3,0,0,0,16,8,8,6,1,0,0,0,14,7,5,0,0,0,0,0,15,15,16,2,0,0,0,0,13,3,6,8,0,0,0,0,0,0,3,13,0,0,0,0,5,4,8,12,1,0,0,1,15,15,11,3,0,0,5
assessment,optdigits.tes,1004,0,3,10,11,12,12,6,0,0,8,14,11,8,8,4,0,0,8,10,7,3,0,0,0,0,8,16,14,15,4,0,0,0,2,2,0,6,9,0,0,0,0,0,0,4,12,0,0,0,1,8,4,10,10,0,0,0,2,15,16,13,2,0,0,5
assessment,optdigits.tes,952,0,3,16,16,16,2,0,0,0,4,14,10,5,0,0,0,0,6,16,16,10,3,0,0,0,4,15,12,14,13,0,0,0,0,2,0,1,15,8,0,0,0,0,0,0,8,13,0,0,3,16,10,7,9,16,0,0,3,13,15,16,16,8,0,5
assessment,optdigits.tes,359,0,0,5,11,16,12,0,0,0,0,16,12,4,3,0,0,0,4,16,6,3,0,0,0,0,4,15,16,16,9,0,0,0,0,0,0,3,16,6,0,0,0,0,0,0,11,6,0,0,0,0,1,8,15,1,0,0,0,6,16,13,1,0,0,5
assessment,optdigits.tes,1191,0,3,16,13,15,16,11,0,0,5,16,14,12,8,10,0,0,2,16,12,0,0,0,0,0,0,7,16,12,0,0,0,0,0,0,7,16,8,0,0,0,0,0,0,13,11,0,0,0,3,6,8,16,7,0,0,0,2,15,15,9,0,0,0,5
assessment,optdigits.tes,433,0,0,3,8,9,11,14,1,0,0,9,16,16,16,13,0,0,0,16,5,8,0,0,0,0,4,16,16,16,6,0,0,0,2,9,2,9,10,0,0,0,0,0,0,8,8,0,0,0,0,8,12,13,5,0,0,0,0,5,13,10,1,0,0,5
assessment,optdigits.tes,1644,0,0,7,12,15,6,0,0,0,14,16,15,6,0,0,0,0,16,16,13,0,0,0,0,0,10,16,14,8,0,0,0,0,0,2,8,13,0,0,0,0,0,0,10,15,0,0,0,0,0,4,13,15,0,0,0,0,0,7,16,7,0,0,0,5
assessment,optdigits.tes,1448,0,0,14,12,12,12,6,0,0,2,15,8,8,8,4,0,0,5,12,0,0,0,0,0,0,8,16,12,11,7,0,0,0,1,4,4,9,15,7,0,0,0,0,0,0,8,8,0,0,1,11,4,5,14,7,0,0,0,12,16,16,8,1,0,5
assessment,optdigits.tes,1518,0,0,9,12,12,13,7,0,0,0,15,5,5,4,2,0,0,4,15,10,4,0,0,0,0,2,11,11,15,11,0,0,0,0,0,0,0,10,5,0,0,0,0,0,0,7,7,0,0,5,11,4,5,14,1,0,0,0,9,16,13,3,0,0,5
assessment,optdigits.tes,1701,0,0,4,9,12,16,8,0,0,0,15,15,8,8,2,0,0,4,16,11,4,1,0,0,0,8,16,16,16,14,0,0,0,0,11,9,8,16,0,0,0,0,0,0,7,16,0,0,0,0,0,8,16,12,0,0,0,0,3,13,9,1,0,0,5
assessment,optdigits.tes,749,0,0,10,16,16,13,0,0,0,4,16,15,12,4,0,0,0,8,16,4,0,0,0,0,0,4,16,11,6,1,0,0,0,0,8,16,16,13,2,0,0,0,0,1,7,14,12,0,0,0,0,6,13,16,10,0,0,0,12,16,14,6,0,0,5
assessment,optdigits.tes,164,0,6,16,16,16,15,10,0,0,9,16,13,8,6,5,0,0,12,16,1,0,0,0,0,0,10,16,7,0,0,0,0,0,3,15,15,3,0,0,0,0,0,3,16,13,0,0,0,0,1,5,16,9,0,0,0,0,9,16,11,0,0,0,0,5
assessment,optdigits.tes,693,0,0,8,12,16,16,9,0,0,4,16,16,13,9,2,0,0,11,14,4,0,0,0,0,0,7,15,10,1,0,0,0,0,0,12,16,13,1,0,0,0,0,0,4,16,4,0,0,0,0,5,10,16,3,0,0,0,0,9,16,10,0,0,0,5
assessment,optdigits.tes,974,0,0,12,12,14,15,1,0,0,1,15,11,6,5,0,0,0,6,15,12,4,0,0,0,0,6,11,8,13,6,0,0,0,0,0,0,1,13,0,0,0,0,0,0,0,9,3,0,0,2,6,1,6,14,3,0,0,1,11,16,13,8,0,0,5
fit,optdigits.tra,1659,0,0,0,6,14,9,0,0,0,0,8,15,8,2,0,0,0,3,15,9,0,0,0,0,0,7,15,0,0,0,0,0,0,7,16,4,6,3,0,0,0,1,16,15,12,15,5,0,0,0,7,14,6,11,14,0,0,0,0,5,13,15,8,0,6
fit,optdigits.tra,2269,0,0,0,5,12,0,0,0,0,0,5,16,14,2,0,0,0,0,15,15,1,0,0,0,0,2,16,9,0,0,0,0,0,0,16,10,13,15,4,0,0,0,13,16,16,16,15,1,0,0,5,16,16,13,16,4,0,0,0,5,14,16,12,0,6
fit,optdigits.tra,972,0,0,0,9,10,0,0,0,0,0,6,16,7,0,0,0,0,0,15,7,0,0,0,0,0,3,16,2,0,0,0,0,0,5,16,16,16,7,0,0,0,2,16,12,10,16,4,0,0,0,8,15,9,14,7,0,0,0,0,7,14,16,3,0,6
fit,optdigits.tra,685,0,0,0,9,13,0,0,0,0,0,5,16,16,4,0,0,0,0,15,15,7,0,0,0,0,1,16,13,0,0,0,0,0,3,16,15,16,16,6,0,0,1,14,16,16,16,15,1,0,0,8,16,13,14,16,1,0,0,0,7,12,12,6,0,6
fit,optdigits.tra,3290,0,0,1,13,3,0,0,0,0,0,11,13,0,0,0,0,0,0,14,5,0,0,0,0,0,0,16,0,0,0,0,0,0,2,16,16,16,15,4,0,0,1,16,10,4,8,13,0,0,0,10,13,1,5,14,0,0,0,0,13,16,16,8,0,6
fit,optdigits.tra,2924,0,0,2,13,7,0,0,0,0,0,12,14,4,0,0,0,0,0,15,3,0,0,0,0,0,6,14,2,6,0,0,0,0,7,16,16,16,13,1,0,0,4,16,8,1,12,10,0,0,1,12,9,4,9,15,0,0,0,2,11,16,15,4,0,6
fit,optdigits.tra,144,0,0,1,14,4,0,0,0,0,0,6,15,2,0,0,0,0,0,12,8,0,0,0,0,0,0,12,4,0,0,0,0,0,2,16,13,12,9,0,0,0,5,16,11,8,15,10,0,0,0,13,9,4,9,11,0,0,0,3,11,14,13,4,0,6
fit,optdigits.tra,2742,0,0,5,14,3,0,0,0,0,0,15,15,3,0,0,0,0,2,16,4,0,0,0,0,0,4,16,4,3,1,0,0,0,6,16,9,16,15,3,0,0,4,16,16,9,13,11,0,0,0,14,15,5,16,6,0,0,0,4,14,14,9,0,0,6
fit,optdigits.tra,922,0,0,0,7,12,2,0,0,0,1,10,16,15,6,0,0,0,0,15,13,1,0,0,0,0,2,16,8,0,0,0,0,0,2,16,11,12,9,0,0,0,2,16,14,10,14,10,0,0,0,11,15,8,11,16,1,0,0,1,9,16,16,13,1,6
fit,optdigits.tra,1792,0,0,4,15,3,0,0,0,0,0,8,16,1,0,0,0,0,0,14,13,0,0,0,0,0,3,16,10,4,3,0,0,0,8,16,16,16,16,5,0,0,8,16,6,4,14,8,0,0,5,16,11,8,16,5,0,0,0,6,15,16,11,0,0,6
fit,optdigits.tra,3039,0,0,0,9,13,3,0,0,0,0,9,14,14,4,0,0,0,1,14,13,0,0,0,0,0,4,16,6,0,0,0,0,0,4,16,6,4,2,0,0,0,2,16,16,16,15,2,0,0,0,7,16,13,16,10,0,0,0,0,7,13,10,5,0,6
fit,optdigits.tra,3370,0,0,0,12,15,2,0,0,0,0,7,16,7,1,0,0,0,0,15,10,0,0,0,0,0,1,16,9,1,0,0,0,0,3,16,16,15,5,0,0,0,1,15,11,4,12,9,0,0,0,10,12,3,11,14,0,0,0,1,9,16,16,6,0,6
fit,optdigits.tra,2515,0,0,1,14,4,0,0,0,0,0,7,14,2,0,0,0,0,0,10,14,0,0,0,0,0,0,13,9,0,0,0,0,0,0,14,10,8,1,0,0,0,0,14,16,16,14,4,0,0,0,12,16,9,14,15,0,0,0,1,11,15,13,11,2,6
fit,optdigits.tra,2935,0,0,0,13,7,0,0,0,0,0,8,15,5,0,0,0,0,1,16,7,0,0,0,0,0,2,16,4,7,6,0,0,0,4,16,16,16,16,8,0,0,3,16,9,0,9,11,0,0,0,11,12,5,12,12,0,0,0,1,10,13,13,5,0,6
fit,optdigits.tra,3698,0,0,0,12,14,1,0,0,0,0,7,16,6,0,0,0,0,1,14,8,0,0,0,0,0,3,16,10,8,2,0,0,0,2,16,16,16,15,4,0,0,1,14,16,6,8,15,0,0,0,5,16,16,13,16,1,0,0,0,9,16,15,7,0,6
fit,optdigits.tra,2790,0,0,5,12,0,0,0,0,0,0,11,12,0,0,0,0,0,0,14,10,0,0,0,0,0,0,14,14,7,1,0,0,0,3,16,16,16,14,1,0,0,5,16,16,10,15,5,0,0,0,13,16,11,15,11,0,0,0,4,12,14,14,3,0,6
fit,optdigits.tra,1368,0,0,1,14,7,0,0,0,0,0,10,16,4,0,0,0,0,1,15,7,0,0,0,0,0,2,16,3,0,0,0,0,0,3,16,16,16,14,3,0,0,1,15,16,0,4,13,1,0,0,10,15,3,7,16,5,0,0,1,11,15,15,9,0,6
fit,optdigits.tra,2843,0,1,13,5,0,0,0,0,0,4,14,0,0,0,0,0,0,4,8,0,1,6,1,0,0,5,8,1,11,16,5,0,0,4,10,7,16,16,7,0,0,4,14,10,16,16,3,0,0,1,16,16,16,10,0,0,0,0,10,14,9,2,0,0,6
fit,optdigits.tra,3463,0,0,3,13,0,0,0,0,0,0,9,13,0,0,0,0,0,0,12,6,0,0,0,0,0,0,15,7,0,0,0,0,0,3,16,14,8,2,0,0,0,4,16,12,12,16,4,0,0,2,15,12,8,15,13,0,0,0,3,11,15,12,8,0,6
fit,optdigits.tra,3031,0,0,0,9,10,0,0,0,0,0,6,16,5,0,0,0,0,1,15,9,0,0,0,0,0,4,16,4,0,0,0,0,0,7,16,14,15,6,0,0,0,2,15,5,2,12,6,0,0,0,9,14,3,6,16,0,0,0,0,8,14,14,12,0,6
fit,optdigits.tra,2375,0,0,6,10,0,0,0,0,0,0,10,11,0,0,0,0,0,1,15,4,0,0,0,0,0,4,16,5,4,0,0,0,0,6,16,16,16,14,3,0,0,7,16,4,6,14,8,0,0,2,15,8,9,14,3,0,0,0,5,14,13,3,0,0,6
fit,optdigits.tra,1559,0,0,0,11,16,8,0,0,0,0,9,15,5,3,0,0,0,0,14,6,0,0,0,0,0,4,14,0,0,0,0,0,0,5,11,2,4,1,0,0,0,4,14,15,15,15,3,0,0,1,11,16,11,11,15,0,0,0,1,11,15,16,12,0,6
fit,optdigits.tra,2148,0,0,5,14,4,0,0,0,0,0,12,12,0,0,0,0,0,0,16,9,0,0,0,0,0,8,16,0,0,0,0,0,0,8,16,13,16,9,1,0,0,11,16,14,10,16,2,0,0,7,16,14,12,15,1,0,0,1,9,13,10,3,0,0,6
fit,optdigits.tra,2583,0,0,0,12,12,1,0,0,0,0,6,16,8,0,0,0,0,0,11,11,0,0,0,0,0,0,13,6,0,0,0,0,0,0,15,16,16,15,5,0,0,0,14,14,4,5,15,1,0,0,8,14,2,6,16,3,0,0,0,8,13,15,9,0,6
fit,optdigits.tra,2911,0,0,3,9,8,0,0,0,0,0,15,9,1,0,0,0,0,4,16,8,2,0,0,0,0,5,16,12,12,11,1,0,0,4,12,0,0,5,10,0,0,1,14,3,0,1,14,1,0,0,10,6,5,14,13,0,0,0,4,13,14,8,0,0,6
fit,optdigits.tra,167,0,0,0,11,3,0,0,0,0,0,5,16,2,0,0,0,0,0,12,11,0,0,0,0,0,0,14,5,0,0,0,0,0,0,16,3,1,1,0,0,0,0,16,16,16,16,11,0,0,0,12,8,4,6,16,2,0,0,2,11,15,16,11,1,6
fit,optdigits.tra,2619,0,0,0,12,1,0,0,0,0,0,4,16,3,0,0,0,0,0,7,14,0,0,0,0,0,0,9,10,4,2,0,0,0,0,12,16,16,15,5,0,0,0,10,9,0,0,12,1,0,0,7,11,1,5,15,2,0,0,0,11,16,15,8,0,6
fit,optdigits.tra,1856,0,0,4,14,1,0,0,0,0,0,12,10,0,0,0,0,0,0,15,5,0,0,0,0,0,3,16,2,8,2,0,0,0,4,16,16,13,15,2,0,0,4,16,12,0,8,9,0,0,1,13,13,8,14,8,0,0,0,3,12,12,8,0,0,6
fit,optdigits.tra,1992,0,0,1,14,6,0,0,0,0,0,9,15,3,0,0,0,0,0,12,6,0,0,0,0,0,0,16,3,0,0,0,0,0,3,16,16,16,14,4,0,0,1,16,7,4,6,13,0,0,0,10,10,0,4,14,0,0,0,1,11,14,16,7,0,6
fit,optdigits.tra,300,0,0,1,15,0,0,0,0,0,0,4,15,1,0,0,0,0,0,12,9,0,0,0,0,0,1,16,9,2,0,0,0,0,5,16,13,14,10,2,0,0,2,16,5,0,10,9,0,0,1,13,12,8,12,11,0,0,0,1,12,13,10,3,0,6
fit,optdigits.tra,2629,0,0,0,7,12,1,0,0,0,0,7,16,9,1,0,0,0,0,12,11,0,0,0,0,0,0,14,4,0,0,0,0,0,0,15,1,0,0,0,0,0,0,11,13,16,16,8,0,0,0,9,16,13,11,16,3,0,0,0,9,12,13,9,0,6
fit,optdigits.tra,1709,0,0,0,0,11,8,0,0,0,0,0,2,16,8,0,0,0,0,0,6,16,2,0,0,0,0,0,7,15,0,0,0,0,0,0,10,14,0,0,0,0,0,13,16,16,11,0,0,0,0,7,7,16,16,10,0,0,0,0,0,8,16,15,0,6
fit,optdigits.tra,3406,0,0,1,14,5,0,0,0,0,0,7,16,6,0,0,0,0,0,14,16,0,0,0,0,0,1,16,9,0,0,0,0,0,0,16,16,14,5,0,0,0,0,13,16,12,16,5,0,0,0,8,16,8,11,16,2,0,0,1,8,13,16,14,2,6
fit,optdigits.tra,3096,0,0,4,14,0,0,0,0,0,0,15,7,0,0,0,0,0,3,13,0,0,0,0,0,0,6,12,4,3,0,0,0,0,8,16,16,16,13,1,0,0,4,16,8,2,16,6,0,0,2,16,13,10,16,4,0,0,0,5,15,13,3,0,0,6
fit,optdigits.tra,3822,0,0,6,16,2,0,0,0,0,0,15,10,0,0,0,0,0,6,16,3,0,0,0,0,0,9,14,0,0,0,0,0,0,12,13,11,12,12,3,0,0,7,16,15,12,13,13,0,0,2,15,12,2,8,15,0,0,0,5,16,16,16,5,0,6
fit,optdigits.tra,500,0,0,7,15,3,0,0,0,0,0,15,6,0,0,0,0,0,6,13,0,0,0,0,0,0,7,13,0,0,0,0,0,0,8,11,7,13,11,2,0,0,3,16,15,5,4,11,0,0,0,16,6,0,7,11,0,0,0,8,12,15,10,1,0,6
fit,optdigits.tra,431,0,0,0,5,14,0,0,0,0,0,0,14,11,0,0,0,0,0,1,16,5,0,0,0,0,0,5,16,1,0,0,0,0,0,12,16,12,4,0,0,0,0,16,16,12,15,7,0,0,0,7,16,11,12,14,0,0,0,0,5,15,16,11,0,6
fit,optdigits.tra,591,0,0,0,6,16,3,0,0,0,0,5,16,8,1,0,0,0,0,10,14,0,0,0,0,0,0,14,15,8,3,0,0,0,0,14,15,12,15,4,0,0,0,16,6,0,6,11,0,0,0,9,13,5,6,15,0,0,0,1,8,12,15,13,1,6
fit,optdigits.tra,3308,0,0,1,11,0,0,0,0,0,0,8,16,2,0,0,0,0,0,11,12,0,0,0,0,0,0,12,10,0,0,0,0,0,0,15,14,9,6,0,0,0,0,15,16,16,16,9,0,0,0,11,16,11,16,14,0,0,0,1,12,13,10,2,0,6
fit,optdigits.tra,1539,0,0,4,11,0,0,0,0,0,0,8,9,0,0,0,0,0,0,15,4,0,0,0,0,0,2,16,8,7,2,0,0,0,6,16,12,13,14,4,0,0,5,16,2,1,10,11,0,0,0,16,9,4,16,9,0,0,0,7,14,15,8,0,0,6
fit,optdigits.tra,3456,0,0,12,5,0,0,0,0,0,0,16,2,0,0,0,0,0,3,12,0,0,0,0,0,0,4,12,0,0,0,0,0,0,7,14,16,14,3,0,0,0,3,16,8,9,16,4,0,0,2,16,3,4,16,4,0,0,0,11,12,11,4,0,0,6
fit,optdigits.tra,3009,0,0,0,5,16,10,0,0,0,0,0,13,14,0,0,0,0,0,3,16,9,0,0,0,0,0,7,16,4,0,0,0,0,0,10,16,12,8,1,0,0,2,16,16,16,16,11,0,0,1,9,16,11,12,16,1,0,0,0,6,16,16,10,0,6
fit,optdigits.tra,2487,0,0,0,9,16,4,0,0,0,0,6,16,16,4,0,0,0,0,11,15,1,0,0,0,0,0,14,13,0,0,0,0,0,0,16,16,16,9,0,0,0,1,16,12,8,14,5,0,0,0,11,15,9,15,9,0,0,0,0,10,13,15,3,0,6
fit,optdigits.tra,791,0,0,1,12,7,0,0,0,0,0,10,13,0,0,0,0,0,2,15,3,0,0,0,0,0,4,15,0,3,0,0,0,0,4,14,15,16,15,2,0,0,0,16,11,2,6,12,0,0,0,13,10,1,5,13,0,0,0,2,10,16,16,6,0,6
fit,optdigits.tra,2465,0,0,0,11,4,0,0,0,0,0,6,16,9,0,0,0,0,0,12,15,1,0,0,0,0,0,16,10,3,0,0,0,0,2,16,16,16,10,1,0,0,0,15,14,4,11,11,0,0,0,9,15,2,6,16,0,0,0,0,9,16,16,12,2,6
fit,optdigits.tra,1112,0,0,1,12,13,2,0,0,0,0,12,16,10,2,0,0,0,2,16,7,0,0,0,0,0,1,16,12,8,2,0,0,0,2,16,13,13,14,2,0,0,0,13,7,0,12,12,0,0,0,9,13,6,15,13,0,0,0,1,11,15,14,6,0,6
fit,optdigits.tra,1631,0,0,0,10,8,0,0,0,0,0,2,16,11,1,0,0,0,0,6,15,1,0,0,0,0,0,10,11,0,0,0,0,0,0,13,12,8,6,0,0,0,0,13,16,16,16,12,1,0,0,9,16,13,11,16,4,0,0,0,10,15,12,5,0,6
fit,optdigits.tra,569,0,0,0,12,3,0,0,0,0,0,10,14,1,0,0,0,0,0,14,9,1,0,0,0,0,1,16,16,15,6,0,0,0,3,16,10,5,14,6,0,0,2,16,1,0,5,12,0,0,0,12,9,4,7,15,0,0,0,1,10,16,16,7,0,6
fit,optdigits.tra,1712,0,0,0,10,16,10,0,0,0,0,9,16,12,8,0,0,0,1,15,13,1,0,0,0,0,2,16,5,0,0,0,0,0,2,16,8,0,0,0,0,0,2,16,16,9,0,0,0,0,1,12,16,16,3,0,0,0,0,0,12,16,7,0,0,6
fit,optdigits.tra,1673,0,0,2,12,8,0,0,0,0,0,13,11,1,0,0,0,0,2,15,1,0,0,0,0,0,6,13,0,0,0,0,0,0,8,14,10,11,5,0,0,0,4,16,15,8,12,7,0,0,0,15,11,4,11,10,0,0,0,3,13,15,12,3,0,6
validation,optdigits.tra,2654,0,0,2,13,1,0,0,0,0,0,11,10,1,0,0,0,0,2,15,1,0,0,0,0,0,6,11,1,4,1,0,0,0,7,10,9,16,14,1,0,0,4,12,7,6,7,10,0,0,1,13,6,2,10,14,0,0,0,3,12,13,13,3,0,6
validation,optdigits.tra,55,0,0,2,13,6,0,0,0,0,0,10,14,6,0,0,0,0,0,15,6,0,0,0,0,0,0,16,3,0,0,0,0,0,0,14,16,16,12,1,0,0,2,16,13,3,9,10,0,0,0,8,14,4,13,13,0,0,0,2,12,14,12,4,0,6
validation,optdigits.tra,2591,0,0,0,7,12,1,0,0,0,0,3,16,12,0,0,0,0,0,8,13,0,0,0,0,0,0,14,9,1,0,0,0,0,0,14,16,16,16,5,0,0,0,12,16,11,6,16,1,0,0,6,15,2,7,15,2,0,0,0,8,13,12,6,0,6
validation,optdigits.tra,3415,0,0,2,15,4,0,0,0,0,0,10,16,2,0,0,0,0,0,12,11,0,0,0,0,0,0,14,12,0,0,0,0,0,2,16,16,16,9,0,0,0,3,16,15,12,16,6,0,0,1,14,16,6,14,10,0,0,0,3,14,16,13,3,0,6
validation,optdigits.tra,1474,0,0,0,9,12,0,0,0,0,0,5,16,6,0,0,0,0,0,10,11,0,0,0,0,0,0,12,8,4,0,0,0,0,0,13,16,15,11,1,0,0,0,13,14,1,6,6,0,0,0,5,12,1,11,6,0,0,0,0,9,15,10,0,0,6
validation,optdigits.tra,3480,0,0,0,10,15,0,0,0,0,0,5,15,5,0,0,0,0,0,13,8,0,0,0,0,0,0,16,4,0,0,0,0,0,5,16,12,9,3,0,0,0,2,16,15,12,15,8,0,0,0,12,14,5,12,11,0,0,0,1,8,14,15,5,0,6
validation,optdigits.tra,2447,0,0,4,11,0,0,0,0,0,0,11,13,0,0,0,0,0,2,15,8,0,0,0,0,0,3,16,4,0,0,0,0,0,7,16,16,16,9,0,0,0,4,16,12,9,16,7,0,0,2,15,9,6,16,9,0,0,0,4,15,16,13,2,0,6
validation,optdigits.tra,3079,0,0,4,13,1,0,0,0,0,0,10,12,0,0,0,0,0,0,13,9,0,0,0,0,0,0,15,6,0,0,0,0,0,2,16,9,4,2,0,0,0,3,16,15,12,15,6,0,0,1,14,15,4,13,14,0,0,0,3,13,16,14,5,0,6
validation,optdigits.tra,2895,0,0,5,15,4,0,0,0,0,2,16,11,1,0,0,0,0,6,14,0,0,0,0,0,0,6,12,4,4,1,0,0,0,7,16,16,16,15,3,0,0,0,16,9,0,9,13,0,0,0,10,12,8,12,9,0,0,0,2,12,14,8,1,0,6
validation,optdigits.tra,3821,0,0,3,15,0,0,0,0,0,0,11,14,0,0,0,0,0,0,13,8,0,0,0,0,0,0,16,8,4,0,0,0,0,1,16,16,16,15,2,0,0,6,16,14,11,15,7,0,0,0,15,15,9,15,4,0,0,0,4,14,16,9,0,0,6
validation,optdigits.tra,1674,0,0,1,14,10,0,0,0,0,0,9,16,6,0,0,0,0,0,13,16,1,0,0,0,0,0,16,11,0,0,0,0,0,2,16,15,11,6,1,0,0,3,16,16,16,16,11,0,0,0,12,16,14,16,11,0,0,0,1,10,15,11,2,0,6
validation,optdigits.tra,272,0,0,2,14,11,1,0,0,0,0,8,13,2,0,0,0,0,0,12,8,0,0,0,0,0,0,16,4,0,0,0,0,0,0,16,12,15,11,4,0,0,2,16,12,4,5,14,0,0,0,13,11,4,12,15,1,0,0,3,11,16,12,3,0,6
validation,optdigits.tra,942,0,0,0,8,13,1,0,0,0,0,6,16,11,1,0,0,0,0,12,12,0,0,0,0,0,2,16,6,0,0,0,0,0,0,15,10,9,6,2,0,0,2,15,12,10,16,11,0,0,0,8,15,10,14,14,0,0,0,0,9,13,12,7,0,6
validation,optdigits.tra,586,0,0,0,7,14,6,0,0,0,0,1,15,11,2,0,0,0,0,8,13,0,0,0,0,0,1,14,13,8,1,0,0,0,3,16,14,12,10,0,0,0,0,15,2,0,7,9,0,0,0,11,13,7,4,15,0,0,0,0,7,12,12,13,2,6
validation,optdigits.tra,1537,0,0,0,15,3,0,0,0,0,0,3,16,2,0,0,0,0,0,7,15,0,0,0,0,0,0,10,12,3,0,0,0,0,0,14,16,16,11,2,0,0,1,15,11,1,11,11,0,0,0,12,13,4,8,13,0,0,0,2,11,14,13,5,0,6
assessment,optdigits.tes,1442,0,0,6,14,1,0,0,0,0,0,12,10,0,0,0,0,0,3,16,1,0,0,0,0,0,5,14,0,4,2,0,0,0,7,16,16,16,16,5,0,0,4,16,6,0,9,11,0,0,0,14,8,5,13,9,0,0,0,5,13,16,12,1,0,6
assessment,optdigits.tes,1562,0,0,0,6,9,0,0,0,0,0,2,15,8,0,0,0,0,0,4,16,5,0,0,0,0,0,9,12,7,12,2,0,0,0,9,16,15,13,6,0,0,0,13,14,2,13,6,0,0,0,14,15,13,16,4,0,0,0,1,10,16,10,0,0,6
assessment,optdigits.tes,712,0,0,2,14,1,0,0,0,0,0,11,12,1,0,0,0,0,1,15,4,0,0,0,0,0,5,13,0,0,0,0,0,0,7,12,12,16,13,2,0,0,4,16,12,6,6,11,0,0,0,14,9,0,5,13,0,0,0,3,11,15,14,1,0,6
assessment,optdigits.tes,961,0,0,2,12,9,0,0,0,0,0,12,10,1,0,0,0,0,4,14,0,0,0,0,0,0,8,9,0,0,0,0,0,0,8,9,5,11,8,0,0,0,4,16,14,6,12,5,0,0,0,13,7,0,10,8,0,0,0,3,14,16,16,5,0,6
assessment,optdigits.tes,197,0,0,1,14,6,0,0,0,0,0,7,16,1,0,0,0,0,0,13,10,0,0,0,0,0,0,14,7,0,0,0,0,0,3,16,10,8,3,0,0,0,0,16,13,12,14,7,0,0,0,14,9,4,11,13,0,0,0,2,12,16,12,4,0,6
assessment,optdigits.tes,1735,0,0,3,14,1,0,0,0,0,0,12,12,0,0,0,0,0,3,16,6,0,0,0,0,0,5,16,2,0,0,0,0,0,6,16,2,5,2,0,0,0,4,16,2,12,15,2,0,0,1,14,13,2,13,11,0,0,0,3,11,16,13,4,0,6
assessment,optdigits.tes,137,0,0,2,15,4,0,0,0,0,0,11,13,0,0,0,0,0,0,16,6,0,0,0,0,0,3,16,7,0,0,0,0,0,4,16,16,15,5,0,0,0,4,16,5,3,13,7,0,0,1,14,9,0,8,13,0,0,0,2,13,16,16,8,0,6
assessment,optdigits.tes,985,0,0,1,12,9,0,0,0,0,0,11,10,2,0,0,0,0,4,14,0,0,0,0,0,0,5,9,0,0,0,0,0,0,8,10,11,16,14,1,0,0,2,16,10,3,7,11,0,0,0,13,8,1,8,12,0,0,0,2,12,16,15,5,0,6
assessment,optdigits.tes,352,0,0,0,11,16,2,0,0,0,0,7,16,8,2,0,0,0,0,15,7,0,0,0,0,0,0,16,4,3,1,0,0,0,1,16,16,16,16,4,0,0,0,14,12,4,6,12,0,0,0,10,16,5,10,15,0,0,0,2,11,16,12,8,0,6
assessment,optdigits.tes,844,0,0,1,13,3,0,0,0,0,0,7,14,2,0,0,0,0,0,13,13,8,5,0,0,0,2,15,15,12,15,5,0,0,7,16,4,0,12,8,0,0,2,15,7,0,12,6,0,0,0,5,15,5,15,5,0,0,0,0,13,16,9,0,0,6
assessment,optdigits.tes,783,0,0,1,14,9,0,0,0,0,0,14,15,3,0,0,0,0,1,16,10,0,0,0,0,0,5,14,13,15,10,0,0,0,8,16,2,3,14,5,0,0,5,16,4,0,12,6,0,0,0,10,13,2,14,6,0,0,0,2,12,16,11,1,0,6
assessment,optdigits.tes,883,0,0,1,12,8,0,0,0,0,0,11,15,5,0,0,0,0,2,16,5,0,0,0,0,0,5,16,0,0,0,0,0,0,5,12,8,14,14,3,0,0,4,16,16,9,12,8,0,0,0,13,8,0,11,8,0,0,0,1,14,16,11,1,0,6
assessment,optdigits.tes,612,0,0,0,11,16,6,0,0,0,0,9,16,11,2,0,0,0,3,16,11,0,0,0,0,0,6,16,12,4,0,0,0,0,7,16,13,15,11,0,0,0,1,15,8,3,16,5,0,0,0,9,14,5,16,10,0,0,0,0,9,16,16,10,0,6
assessment,optdigits.tes,413,0,0,1,11,14,6,0,0,0,0,4,16,14,4,0,0,0,0,12,16,2,0,0,0,0,2,16,16,12,5,0,0,0,7,16,16,16,16,3,0,0,3,15,5,0,15,13,0,0,0,11,16,14,16,10,0,0,0,0,12,13,9,1,0,6
assessment,optdigits.tes,543,0,0,2,15,15,3,0,0,0,0,13,15,8,3,0,0,0,5,16,6,0,0,0,0,0,8,15,5,4,2,0,0,0,8,16,16,16,14,2,0,0,4,16,7,1,13,8,0,0,0,11,12,1,11,13,0,0,0,1,12,16,16,10,0,6
assessment,optdigits.tes,453,0,0,2,15,13,3,0,0,0,0,12,16,9,4,0,0,0,3,16,9,0,0,0,0,0,3,16,14,12,5,0,0,0,8,16,16,16,16,0,0,0,5,16,15,6,16,9,0,0,1,13,14,13,16,3,0,0,0,3,12,14,10,0,0,6
assessment,optdigits.tes,35,0,0,0,5,14,2,0,0,0,0,1,13,11,0,0,0,0,0,5,16,2,0,0,0,0,0,6,15,5,0,0,0,0,1,15,16,15,11,1,0,0,2,13,14,1,12,9,0,0,0,4,16,7,13,9,0,0,0,0,5,16,15,3,0,6
assessment,optdigits.tes,1520,0,0,0,10,8,0,0,0,0,0,6,14,3,0,0,0,0,0,11,8,0,0,0,0,0,3,16,8,2,0,0,0,0,6,16,16,16,15,3,0,0,0,16,2,0,8,12,0,0,0,11,12,5,11,12,0,0,0,1,8,16,15,2,0,6
assessment,optdigits.tes,523,0,0,1,14,15,4,0,0,0,0,9,16,10,5,0,0,0,1,16,10,0,0,0,0,0,3,16,12,5,0,0,0,0,4,16,16,16,8,0,0,0,1,15,7,4,16,4,0,0,0,11,13,4,16,9,0,0,0,1,12,16,16,9,0,6
assessment,optdigits.tes,742,0,0,3,11,0,0,0,0,0,0,9,13,0,0,0,0,0,0,15,4,0,0,0,0,0,2,15,0,1,0,0,0,0,4,15,14,16,13,2,0,0,3,16,11,3,7,12,0,0,0,13,6,3,8,14,0,0,0,4,14,16,14,7,0,6
assessment,optdigits.tes,403,0,0,2,11,13,4,0,0,0,0,12,16,13,15,0,0,0,0,16,9,1,3,0,0,0,4,16,6,14,9,1,0,0,7,16,16,16,16,6,0,0,1,16,14,4,16,8,0,0,0,12,16,13,16,2,0,0,0,2,10,16,7,0,0,6
assessment,optdigits.tes,273,0,0,0,13,9,0,0,0,0,0,8,15,5,0,0,0,0,0,14,8,0,0,0,0,0,2,16,3,0,2,0,0,0,0,16,13,16,16,6,0,0,1,16,11,4,7,12,0,0,0,11,12,5,13,9,0,0,0,1,12,15,11,2,0,6
assessment,optdigits.tes,673,0,0,1,10,0,0,0,0,0,0,7,12,0,0,0,0,0,0,12,7,0,0,0,0,0,0,14,3,0,0,0,0,0,0,15,9,12,10,2,0,0,0,16,13,8,8,11,0,0,0,13,10,4,9,15,0,0,0,3,10,15,9,2,0,6
assessment,optdigits.tes,67,0,0,0,10,11,0,0,0,0,0,9,16,6,0,0,0,0,0,15,13,0,0,0,0,0,0,14,10,0,0,0,0,0,1,15,12,8,2,0,0,0,0,12,16,16,16,10,1,0,0,7,16,12,12,16,4,0,0,0,9,15,12,5,0,6
assessment,optdigits.tes,932,0,0,3,15,1,0,0,0,0,0,12,8,0,0,0,0,0,3,13,0,0,0,0,0,0,4,12,0,0,0,0,0,0,5,10,11,16,14,1,0,0,2,16,10,4,7,10,0,0,0,15,8,2,12,8,0,0,0,3,12,16,8,0,0,6
assessment,optdigits.tes,89,0,0,0,10,11,0,0,0,0,0,3,16,10,0,0,0,0,0,8,16,0,0,0,0,0,0,12,14,0,0,0,0,0,0,14,16,15,6,0,0,0,0,12,16,12,15,6,0,0,0,7,16,10,13,14,0,0,0,0,9,13,11,6,0,6
assessment,optdigits.tes,729,0,0,1,13,1,0,0,0,0,0,7,15,1,0,0,0,0,1,14,6,0,0,0,0,0,0,16,3,0,1,0,0,0,1,16,6,15,15,5,0,0,1,16,14,4,3,12,0,0,0,7,7,0,9,12,0,0,0,0,11,16,9,2,0,6
assessment,optdigits.tes,912,0,0,1,10,10,0,0,0,0,1,13,10,1,0,0,0,0,4,14,0,0,0,0,0,0,6,12,0,0,0,0,0,0,8,11,5,10,11,1,0,0,5,16,13,6,10,8,0,0,0,10,9,0,7,11,0,0,0,1,12,16,14,2,0,6
assessment,optdigits.tes,753,0,0,0,5,11,0,0,0,0,0,1,14,9,0,0,0,0,0,4,14,1,0,0,0,0,0,10,8,0,0,0,0,0,0,13,8,4,6,2,0,0,0,11,16,13,12,13,0,0,0,12,14,4,5,16,2,0,0,1,8,16,13,9,1,6
assessment,optdigits.tes,224,0,0,0,8,12,1,0,0,0,0,1,15,12,1,0,0,0,0,6,16,3,0,0,0,0,0,7,16,1,0,0,0,0,1,16,16,14,5,0,0,0,1,12,16,6,14,9,0,0,0,2,16,6,10,15,0,0,0,0,6,16,16,11,0,6
fit,optdigits.tra,978,0,0,6,10,16,12,0,0,0,1,16,13,11,12,0,0,0,1,4,0,10,8,1,0,0,0,5,8,15,16,13,0,0,1,16,16,14,8,1,0,0,0,4,16,4,0,0,0,0,0,5,13,1,0,0,0,0,0,9,10,0,0,0,0,7
fit,optdigits.tra,1319,0,1,10,16,16,13,0,0,0,6,15,6,9,16,3,0,0,3,5,0,8,16,3,0,0,0,1,10,16,14,3,0,0,0,6,16,16,9,8,0,0,0,0,15,9,0,0,0,0,0,6,15,1,0,0,0,0,0,14,5,0,0,0,0,7
fit,optdigits.tra,3448,0,0,10,8,10,12,6,0,0,2,16,14,12,15,11,0,0,3,9,2,4,14,2,0,0,0,0,1,14,4,0,0,0,0,0,5,14,0,0,0,0,0,1,13,6,0,0,0,0,1,12,16,1,0,0,0,0,0,14,10,0,0,0,0,7
fit,optdigits.tra,448,0,0,2,11,15,16,15,0,0,0,8,13,12,16,13,0,0,0,0,0,6,16,5,0,0,0,0,6,13,16,7,0,0,0,9,16,16,16,9,0,0,0,5,9,16,5,0,0,0,0,0,11,16,1,0,0,0,0,1,16,9,0,0,0,7
fit,optdigits.tra,2753,0,0,7,16,16,16,13,2,0,0,8,11,8,11,16,7,0,0,0,0,0,12,14,0,0,0,0,0,6,15,3,0,0,0,0,2,14,7,0,0,0,0,0,9,14,1,0,0,0,0,3,16,4,0,0,0,0,0,9,15,0,0,0,0,7
fit,optdigits.tra,2005,0,0,6,15,16,16,9,0,0,2,16,11,8,15,12,0,0,0,2,0,0,14,11,0,0,0,3,8,8,16,7,0,0,3,16,16,16,16,10,0,0,0,6,6,15,4,0,0,0,0,0,15,7,0,0,0,0,0,8,12,0,0,0,0,7
fit,optdigits.tra,1074,0,0,8,16,15,5,0,0,0,0,7,8,15,10,0,0,0,0,0,0,14,10,0,0,0,0,5,12,16,14,2,0,0,0,16,16,15,10,6,0,0,0,1,14,7,0,0,0,0,0,4,16,0,0,0,0,0,0,4,12,0,0,0,0,7
fit,optdigits.tra,2566,0,1,12,16,16,16,6,0,0,0,7,8,6,16,13,0,0,0,0,0,3,16,7,0,0,0,3,7,11,14,1,0,0,0,10,16,16,15,3,0,0,0,1,15,15,15,3,0,0,0,7,16,6,0,0,0,0,0,15,13,0,0,0,0,7
fit,optdigits.tra,2458,0,0,9,16,16,16,5,0,0,0,6,8,11,16,10,0,0,0,0,0,9,16,5,0,0,0,1,8,15,15,3,0,0,0,9,16,16,16,7,0,0,0,2,15,14,0,0,0,0,0,9,16,7,0,0,0,0,0,9,16,5,0,0,0,7
fit,optdigits.tra,3178,0,0,10,16,16,12,6,0,0,0,6,9,16,16,15,1,0,0,0,0,3,13,9,0,0,1,12,8,10,16,2,0,0,1,15,16,16,16,8,0,0,0,1,13,11,10,4,0,0,0,3,16,2,0,0,0,0,0,9,14,0,0,0,0,7
fit,optdigits.tra,76,0,0,7,11,16,7,0,0,0,1,12,12,13,16,0,0,0,0,0,0,6,16,0,0,0,4,13,10,15,13,2,0,0,1,8,14,16,12,4,0,0,0,2,15,7,0,0,0,0,0,9,15,0,0,0,0,0,0,12,7,0,0,0,0,7
fit,optdigits.tra,1188,0,0,1,13,12,14,7,0,0,0,5,12,9,16,2,0,0,0,0,0,3,13,0,0,0,0,0,0,10,7,0,0,0,0,7,16,16,10,1,0,0,0,9,14,16,11,1,0,0,0,0,15,5,0,0,0,0,0,1,15,2,0,0,0,7
fit,optdigits.tra,1600,0,0,10,16,16,16,11,0,0,0,9,11,8,16,9,0,0,0,0,0,5,16,3,0,0,0,2,11,15,16,11,0,0,0,6,16,16,10,5,0,0,0,0,13,11,0,0,0,0,0,7,16,3,0,0,0,0,0,13,11,0,0,0,0,7
fit,optdigits.tra,2329,0,0,4,15,16,16,16,15,0,0,2,8,8,5,13,9,0,0,0,0,0,5,15,2,0,0,0,0,3,14,8,0,0,0,2,15,16,16,8,0,0,0,3,9,16,4,0,0,0,0,0,11,13,0,0,0,0,0,5,15,3,0,0,0,7
fit,optdigits.tra,459,0,0,0,8,16,16,16,9,0,0,0,8,8,9,16,8,0,0,0,0,0,7,16,1,0,0,0,0,1,12,14,0,0,0,3,14,16,16,6,0,0,0,4,6,11,10,0,0,0,0,0,3,15,3,0,0,0,0,0,10,11,0,0,0,7
fit,optdigits.tra,2936,0,0,8,12,16,16,2,0,0,1,16,14,13,16,1,0,0,0,3,0,8,14,0,0,0,0,5,16,16,16,4,0,0,0,7,16,15,14,8,0,0,0,1,14,9,0,0,0,0,0,5,16,2,0,0,0,0,0,11,11,0,0,0,0,7
fit,optdigits.tra,1839,0,2,15,16,6,0,0,0,0,3,14,14,16,2,0,0,0,0,0,6,16,2,0,0,0,0,0,11,16,1,0,0,0,8,14,16,16,16,5,0,0,10,16,15,11,12,5,0,0,5,16,7,0,0,0,0,0,5,14,1,0,0,0,0,7
fit,optdigits.tra,3230,0,0,13,13,13,8,0,0,0,0,7,8,16,5,0,0,0,0,0,2,16,1,0,0,0,1,3,9,14,5,8,0,0,10,16,16,16,15,6,0,0,3,11,15,3,0,0,0,0,0,10,9,0,0,0,0,0,0,13,4,0,0,0,0,7
fit,optdigits.tra,3312,0,0,9,16,9,0,0,0,0,3,16,16,16,1,0,0,0,0,6,12,16,14,4,0,0,0,4,14,16,16,13,0,0,0,8,16,16,7,0,0,0,0,0,13,14,0,0,0,0,0,5,16,8,0,0,0,0,0,9,13,1,0,0,0,7
fit,optdigits.tra,3461,0,0,8,16,16,8,0,0,0,0,8,11,13,16,0,0,0,0,0,0,13,11,0,0,0,0,0,1,16,7,0,0,0,0,10,16,16,13,6,0,0,0,13,16,13,8,1,0,0,0,6,16,3,0,0,0,0,0,11,15,0,0,0,0,7
fit,optdigits.tra,1409,0,4,16,16,16,12,1,0,0,0,7,8,12,16,2,0,0,0,0,0,8,15,1,0,0,0,3,4,15,11,0,0,0,2,16,16,16,16,6,0,0,0,9,16,10,4,1,0,0,0,10,15,1,0,0,0,0,1,16,8,0,0,0,0,7
fit,optdigits.tra,3418,0,0,3,12,12,12,2,0,0,0,3,13,9,16,7,0,0,0,0,1,2,16,4,0,0,0,0,1,10,9,0,0,0,0,8,16,16,16,5,0,0,0,3,14,10,0,0,0,0,0,4,16,3,0,0,0,0,0,3,12,1,0,0,0,7
fit,optdigits.tra,2999,0,2,0,0,9,7,0,0,0,15,16,16,16,9,0,0,0,1,5,4,16,7,0,0,0,1,4,4,16,7,0,0,0,5,16,16,16,15,2,0,0,0,3,1,14,6,0,0,0,0,0,0,13,7,0,0,0,0,0,0,10,11,0,0,7
fit,optdigits.tra,3023,0,0,1,10,13,16,14,0,0,0,9,15,12,15,16,1,0,0,1,2,0,10,14,0,0,0,0,2,4,16,12,0,0,0,5,16,16,16,5,0,0,0,7,12,16,8,0,0,0,0,0,6,16,3,0,0,0,0,0,13,11,1,0,0,7
fit,optdigits.tra,1735,0,0,6,12,14,16,14,0,0,1,12,12,10,12,16,0,0,0,0,0,1,11,15,0,0,0,0,9,16,16,10,0,0,0,0,9,16,11,0,0,0,0,0,7,15,0,0,0,0,0,1,16,5,0,0,0,0,0,8,13,0,0,0,0,7
fit,optdigits.tra,3708,0,0,7,16,16,16,16,3,0,0,2,10,9,9,16,7,0,0,0,0,0,10,15,0,0,0,0,6,12,16,11,0,0,0,0,11,16,16,6,0,0,0,0,9,16,8,0,0,0,0,5,16,10,0,0,0,0,0,11,15,0,0,0,0,7
fit,optdigits.tra,1785,0,0,3,12,14,16,14,0,0,0,1,8,7,10,14,0,0,0,0,5,4,13,9,0,0,0,5,16,16,16,10,0,0,0,3,8,16,5,0,0,0,0,0,11,9,0,0,0,0,0,3,16,1,0,0,0,0,0,7,9,0,0,0,0,7
fit,optdigits.tra,1349,0,1,11,16,16,5,0,0,0,6,16,6,14,13,0,0,0,4,5,0,14,12,0,0,0,0,7,9,16,10,0,0,0,0,15,16,16,16,8,0,0,0,1,14,11,4,0,0,0,0,10,16,1,0,0,0,0,0,15,9,0,0,0,0,7
fit,optdigits.tra,2663,0,5,16,16,16,3,0,0,0,8,7,5,16,2,0,0,0,3,5,10,14,0,0,0,0,7,16,16,15,12,6,0,0,0,9,14,11,14,6,0,0,0,16,6,0,0,0,0,0,3,15,2,0,0,0,0,0,7,12,0,0,0,0,0,7
fit,optdigits.tra,1510,0,0,8,15,15,5,0,0,0,4,16,13,16,9,0,0,0,1,4,4,16,6,0,0,0,0,0,11,16,5,0,0,0,1,13,16,16,15,5,0,0,5,13,16,13,12,5,0,0,0,9,16,3,0,0,0,0,0,12,10,0,0,0,0,7
fit,optdigits.tra,299,0,0,3,8,12,14,15,3,0,0,4,8,4,8,16,3,0,0,0,0,0,6,14,0,0,0,2,10,12,15,8,0,0,0,9,8,15,12,4,0,0,0,0,5,15,3,0,0,0,0,0,10,10,0,0,0,0,0,2,16,4,0,0,0,7
fit,optdigits.tra,843,0,0,14,16,12,16,16,0,0,0,8,12,8,16,11,0,0,0,0,0,7,15,3,0,0,0,2,7,14,14,3,0,0,0,12,16,14,12,6,0,0,0,1,15,5,0,0,0,0,0,9,16,0,0,0,0,0,0,16,9,0,0,0,0,7
fit,optdigits.tra,1458,0,0,11,16,15,3,0,0,0,0,2,4,16,7,0,0,0,0,0,4,16,3,0,0,0,2,4,10,14,4,2,0,0,9,16,16,16,16,8,0,0,0,7,15,2,0,0,0,0,0,10,9,0,0,0,0,0,0,12,7,0,0,0,0,7
fit,optdigits.tra,627,0,0,10,16,16,15,2,0,0,0,5,8,8,16,6,0,0,0,0,0,4,16,3,0,0,0,6,8,12,11,0,0,0,1,16,16,16,15,1,0,0,0,1,13,10,11,3,0,0,0,8,14,0,0,0,0,0,0,13,6,0,0,0,0,7
fit,optdigits.tra,3282,0,0,8,16,13,13,16,8,0,0,7,12,12,10,16,4,0,0,0,0,0,11,8,0,0,0,0,2,6,15,1,0,0,0,9,16,16,16,6,0,0,0,5,14,13,2,0,0,0,0,4,16,5,0,0,0,0,0,12,11,0,0,0,0,7
fit,optdigits.tra,1995,0,0,4,10,12,15,16,5,0,0,15,14,12,13,16,7,0,0,3,0,0,8,15,2,0,0,1,8,8,14,9,0,0,0,5,16,16,16,4,0,0,0,0,7,16,4,0,0,0,0,0,12,14,0,0,0,0,0,3,16,5,0,0,0,7
fit,optdigits.tra,417,0,0,3,14,16,16,4,0,0,0,4,9,10,16,5,0,0,0,0,0,7,16,2,0,0,0,3,8,13,16,7,0,0,1,16,16,16,16,9,0,0,0,7,11,15,3,0,0,0,0,0,15,12,0,0,0,0,0,5,16,5,0,0,0,7
fit,optdigits.tra,1896,0,0,8,16,16,16,12,3,0,0,2,2,0,5,16,8,0,0,0,0,0,5,15,1,0,0,0,0,1,13,8,0,0,1,8,8,10,16,1,0,0,3,12,15,16,11,3,0,0,0,2,15,7,0,0,0,0,0,11,11,0,0,0,0,7
fit,optdigits.tra,2724,0,0,8,13,13,16,8,0,0,1,15,15,12,16,4,0,0,0,0,0,10,14,0,0,0,0,1,5,16,10,3,0,0,0,8,16,16,13,6,0,0,0,1,13,9,0,0,0,0,0,4,16,7,0,0,0,0,0,9,13,1,0,0,0,7
fit,optdigits.tra,2798,0,0,4,14,16,10,0,0,0,0,3,8,14,15,2,0,0,0,0,0,10,16,5,0,0,0,6,11,15,16,7,0,0,0,7,14,16,13,7,0,0,0,0,12,12,0,0,0,0,0,4,16,6,0,0,0,0,0,5,14,3,0,0,0,7
fit,optdigits.tra,423,0,0,5,16,16,16,6,0,0,0,5,10,11,16,3,0,0,0,0,0,10,14,0,0,0,0,1,4,16,10,0,0,0,0,10,16,16,16,6,0,0,0,6,14,13,12,3,0,0,0,2,16,6,0,0,0,0,0,7,14,1,0,0,0,7
fit,optdigits.tra,1569,0,0,9,15,16,16,10,0,0,0,15,11,11,16,4,0,0,0,0,0,12,11,0,0,0,0,2,8,16,16,12,0,0,0,14,16,13,8,2,0,0,0,5,16,6,0,0,0,0,0,8,14,0,0,0,0,0,0,13,9,0,0,0,0,7
fit,optdigits.tra,754,0,3,15,16,16,16,4,0,0,1,10,8,12,16,0,0,0,0,0,0,14,10,0,0,0,5,16,13,16,14,9,0,0,3,12,16,13,8,2,0,0,0,9,14,1,0,0,0,0,2,16,7,0,0,0,0,0,5,13,1,0,0,0,0,7
fit,optdigits.tra,3661,0,0,3,8,12,12,16,11,0,0,14,16,16,15,16,9,0,0,6,3,0,9,15,0,0,0,0,9,14,16,12,0,0,0,1,16,16,12,3,0,0,0,0,3,16,4,0,0,0,0,0,13,13,0,0,0,0,0,2,15,5,0,0,0,7
fit,optdigits.tra,727,0,3,16,16,16,16,8,0,0,0,5,8,12,16,6,0,0,0,0,0,13,12,0,0,0,8,12,12,16,10,1,0,0,8,16,16,16,15,1,0,0,0,8,15,3,0,0,0,0,2,15,8,0,0,0,0,0,2,15,2,0,0,0,0,7
fit,optdigits.tra,935,0,0,2,11,16,9,0,0,0,0,9,14,15,14,0,0,0,0,0,0,13,10,0,0,0,0,4,9,16,12,5,0,0,9,16,16,16,16,11,0,0,3,8,12,11,0,0,0,0,0,0,16,5,0,0,0,0,0,2,16,2,0,0,0,7
fit,optdigits.tra,1819,0,0,10,16,16,9,0,0,0,2,15,12,14,16,1,0,0,1,4,4,13,16,5,0,0,0,10,16,16,16,13,0,0,0,5,15,16,6,1,0,0,0,0,16,11,0,0,0,0,0,9,16,3,0,0,0,0,0,11,12,0,0,0,0,7
fit,optdigits.tra,2504,0,8,16,16,16,16,9,0,0,5,12,12,14,16,9,0,0,0,0,2,15,13,0,0,0,0,0,9,16,5,0,0,0,0,2,16,13,0,0,0,0,0,11,16,4,0,0,0,0,7,16,15,0,0,0,0,0,6,16,11,0,0,0,0,7
fit,optdigits.tra,1734,0,2,14,13,16,13,0,0,0,0,7,8,14,14,0,0,0,0,0,0,13,12,0,0,0,0,11,13,16,14,5,0,0,0,8,16,16,12,5,0,0,0,3,16,7,0,0,0,0,0,11,14,1,0,0,0,0,2,16,8,0,0,0,0,7
fit,optdigits.tra,244,0,0,0,14,8,8,14,0,0,0,1,11,15,16,13,0,0,0,0,0,6,16,3,0,0,3,13,16,16,16,3,0,0,2,8,11,15,9,4,0,0,0,0,10,7,0,0,0,0,0,0,16,5,0,0,0,0,0,0,14,1,0,0,0,7
validation,optdigits.tra,2030,0,0,9,15,16,13,0,0,0,0,10,5,13,14,0,0,0,0,0,0,12,12,0,0,0,0,0,2,16,6,0,0,0,1,12,16,16,13,7,0,0,5,14,16,12,8,3,0,0,0,5,16,2,0,0,0,0,0,11,12,0,0,0,0,7
validation,optdigits.tra,1955,0,0,6,12,16,16,13,0,0,0,13,12,8,14,16,2,0,0,1,5,7,15,11,0,0,0,13,16,16,16,11,0,0,0,3,9,16,3,0,0,0,0,0,11,13,0,0,0,0,0,5,16,7,0,0,0,0,0,9,15,2,0,0,0,7
validation,optdigits.tra,3113,0,0,0,6,14,16,8,0,0,0,4,13,8,16,9,0,0,0,0,0,0,15,6,0,0,0,0,5,9,16,9,0,0,0,10,16,16,15,4,0,0,1,9,3,13,7,0,0,0,0,0,1,16,2,0,0,0,0,0,8,9,0,0,0,7
validation,optdigits.tra,1888,0,0,2,15,16,16,10,0,0,0,1,6,4,11,13,0,0,0,0,0,0,9,8,0,0,0,0,4,8,15,3,0,0,0,3,16,16,16,9,0,0,0,0,3,14,0,0,0,0,0,0,13,3,0,0,0,0,0,4,12,0,0,0,0,7
validation,optdigits.tra,3340,0,0,10,10,12,15,12,0,0,0,8,16,13,16,8,0,0,0,0,0,11,14,0,0,0,0,9,12,16,14,7,0,0,1,16,16,15,11,5,0,0,0,7,16,6,0,0,0,0,0,7,16,1,0,0,0,0,0,10,11,0,0,0,0,7
validation,optdigits.tra,2961,0,0,9,15,16,10,0,0,0,3,16,13,14,16,1,0,0,0,0,0,12,16,0,0,0,0,4,6,14,14,2,0,0,1,16,16,16,16,11,0,0,0,4,15,12,4,1,0,0,0,6,16,3,0,0,0,0,0,10,11,0,0,0,0,7
validation,optdigits.tra,276,0,0,15,16,16,16,3,0,0,0,7,8,10,16,4,0,0,0,0,0,8,15,0,0,0,0,4,7,16,15,6,0,0,9,16,16,14,13,3,0,0,2,11,15,2,0,0,0,0,0,13,9,0,0,0,0,0,2,16,4,0,0,0,0,7
validation,optdigits.tra,1954,0,0,3,10,13,16,7,0,0,0,10,10,8,12,13,0,0,0,0,0,0,10,10,0,0,5,12,12,12,15,8,0,0,5,12,12,15,11,1,0,0,0,0,5,15,3,0,0,0,0,0,11,9,0,0,0,0,0,3,16,2,0,0,0,7
validation,optdigits.tra,2955,0,0,15,16,16,15,3,0,0,0,7,8,10,16,6,0,0,0,0,0,4,16,4,0,0,0,0,0,11,12,1,0,0,3,13,16,16,14,8,0,0,3,13,16,13,9,3,0,0,0,6,15,2,0,0,0,0,0,15,12,0,0,0,0,7
validation,optdigits.tra,2538,0,0,2,11,16,15,5,0,0,0,13,14,11,16,6,0,0,0,2,0,1,15,1,0,0,0,0,2,10,11,0,0,0,0,5,16,16,16,6,0,0,0,4,12,15,9,2,0,0,0,1,14,9,0,0,0,0,0,3,15,4,0,0,0,7
validation,optdigits.tra,2993,0,0,7,10,8,11,16,3,0,0,5,10,9,14,11,0,0,0,0,0,2,15,3,0,0,0,0,0,8,10,0,0,0,4,15,16,16,16,7,0,0,2,4,11,10,3,0,0,0,0,2,16,1,0,0,0,0,0,8,12,0,0,0,0,7
validation,optdigits.tra,1857,0,0,2,11,15,16,10,0,0,0,13,14,10,15,11,0,0,0,11,2,1,16,3,0,0,0,0,0,8,15,2,0,0,0,0,11,16,16,10,0,0,0,1,16,13,4,1,0,0,0,0,14,6,0,0,0,0,0,2,16,2,0,0,0,7
validation,optdigits.tra,3637,0,0,3,14,16,14,0,0,0,0,15,11,14,16,0,0,0,5,10,0,13,10,0,0,0,0,3,8,16,10,1,0,0,0,13,16,16,16,10,0,0,0,4,14,9,5,1,0,0,0,2,16,4,0,0,0,0,0,3,15,0,0,0,0,7
validation,optdigits.tra,3193,0,0,9,16,16,16,7,0,0,0,4,8,8,14,14,0,0,0,0,0,2,15,6,0,0,0,10,12,14,14,0,0,0,0,8,16,16,16,6,0,0,0,0,15,9,13,4,0,0,0,7,16,1,0,0,0,0,0,11,10,0,0,0,0,7
validation,optdigits.tra,1355,0,0,6,15,16,13,1,0,0,3,16,10,11,16,3,0,0,5,8,0,4,16,4,0,0,0,0,2,9,16,1,0,0,0,9,16,16,15,6,0,0,0,10,10,16,10,3,0,0,0,0,11,12,0,0,0,0,0,7,13,1,0,0,0,7
assessment,optdigits.tes,1276,0,0,12,16,16,16,15,0,0,0,3,4,2,8,15,0,0,0,0,2,4,11,11,0,0,0,6,15,16,16,12,0,0,0,5,6,15,7,2,0,0,0,0,10,13,0,0,0,0,0,4,16,2,0,0,0,0,0,14,11,0,0,0,0,7
assessment,optdigits.tes,1201,0,0,12,16,16,12,0,0,0,0,6,4,10,13,1,0,0,0,0,0,13,9,0,0,0,0,5,9,16,16,12,0,0,3,16,16,11,3,0,0,0,0,7,13,0,0,0,0,0,0,11,8,0,0,0,0,0,0,16,3,0,0,0,0,7
assessment,optdigits.tes,237,0,0,9,15,16,5,0,0,0,0,16,16,16,13,0,0,0,0,0,3,16,11,0,0,0,0,2,7,16,13,10,0,0,2,15,16,16,12,4,0,0,3,13,16,10,0,0,0,0,0,7,16,2,0,0,0,0,0,12,13,0,0,0,0,7
assessment,optdigits.tes,1433,0,0,1,9,16,16,16,1,0,0,8,15,10,14,13,0,0,0,14,6,0,14,6,0,0,0,6,2,6,16,3,0,0,0,0,12,16,16,10,0,0,0,0,6,16,8,0,0,0,0,0,7,13,0,0,0,0,0,0,14,6,0,0,0,7
assessment,optdigits.tes,690,0,0,0,4,13,16,15,2,0,0,2,15,13,13,16,6,0,0,7,7,0,3,16,4,0,0,0,4,4,8,14,0,0,0,14,16,16,16,6,0,0,0,11,9,10,12,0,0,0,0,0,0,13,3,0,0,0,0,0,4,10,0,0,0,7
assessment,optdigits.tes,499,0,0,2,5,5,11,15,5,0,0,12,16,14,13,16,3,0,1,14,9,0,6,11,0,0,0,16,5,1,13,4,0,0,0,1,0,7,11,0,0,0,0,0,2,12,2,0,0,0,0,0,10,10,0,0,0,0,0,0,15,5,0,0,0,7
assessment,optdigits.tes,45,0,0,9,16,16,16,5,0,0,1,14,10,8,16,8,0,0,0,0,0,7,16,3,0,0,3,8,11,15,16,11,0,0,8,16,16,15,11,3,0,0,0,2,16,7,0,0,0,0,0,8,16,1,0,0,0,0,0,13,10,0,0,0,0,7
assessment,optdigits.tes,8,0,0,7,8,13,16,15,1,0,0,7,7,4,11,12,0,0,0,0,0,8,13,1,0,0,4,8,8,15,15,6,0,0,2,11,15,15,4,0,0,0,0,0,16,5,0,0,0,0,0,9,15,1,0,0,0,0,0,13,5,0,0,0,0,7
assessment,optdigits.tes,794,0,0,7,16,16,5,0,0,0,1,15,11,14,11,0,0,0,0,0,0,12,8,0,0,0,0,3,8,14,12,5,0,0,0,14,16,16,10,5,0,0,0,2,8,14,0,0,0,0,0,1,15,8,0,0,0,0,0,8,14,1,0,0,0,7
assessment,optdigits.tes,1654,0,0,5,14,14,2,0,0,0,2,16,16,16,7,0,0,0,0,7,4,16,12,0,0,0,0,1,9,16,16,8,0,0,3,15,16,16,10,2,0,0,4,16,16,11,0,0,0,0,0,9,16,5,0,0,0,0,0,9,13,0,0,0,0,7
assessment,optdigits.tes,1295,0,3,15,16,15,3,0,0,0,3,10,8,15,12,0,0,0,0,0,0,14,8,0,0,0,0,11,13,16,16,8,0,0,1,15,16,15,7,2,0,0,0,5,16,5,0,0,0,0,2,16,11,0,0,0,0,0,3,16,5,0,0,0,0,7
assessment,optdigits.tes,148,0,0,3,15,14,1,0,0,0,0,13,16,16,6,0,0,0,0,4,4,16,8,0,0,0,0,0,1,16,10,1,0,0,0,7,16,16,16,8,0,0,0,12,15,16,6,0,0,0,0,0,14,11,0,0,0,0,0,4,12,1,0,0,0,7
assessment,optdigits.tes,113,0,0,3,11,16,13,0,0,0,3,15,15,13,16,0,0,0,6,8,2,9,14,0,0,0,0,4,7,15,14,5,0,0,4,16,16,16,14,6,0,0,1,8,13,12,0,0,0,0,0,1,16,4,0,0,0,0,0,3,15,1,0,0,0,7
assessment,optdigits.tes,1136,0,0,11,16,12,12,16,7,0,3,16,9,8,16,10,0,0,1,10,0,6,14,2,0,0,0,1,8,15,15,11,0,0,0,12,16,15,7,2,0,0,0,4,13,7,0,0,0,0,0,4,16,3,0,0,0,0,0,12,12,0,0,0,0,7
assessment,optdigits.tes,1244,0,0,9,15,15,2,0,0,0,3,11,4,15,6,0,0,0,0,0,0,16,2,0,0,0,2,12,13,16,16,11,0,0,2,12,15,11,6,1,0,0,0,3,16,0,0,0,0,0,0,5,14,0,0,0,0,0,0,11,7,0,0,0,0,7
assessment,optdigits.tes,138,0,0,2,15,15,3,0,0,0,0,8,14,16,11,0,0,0,0,0,0,11,14,0,0,0,0,0,0,11,14,3,0,0,0,4,12,16,16,7,0,0,0,11,16,12,1,0,0,0,0,1,14,6,0,0,0,0,0,4,12,1,0,0,0,7
assessment,optdigits.tes,561,0,0,3,15,16,16,6,0,0,0,3,14,7,15,3,0,0,0,0,0,4,14,0,0,0,0,2,9,15,16,14,0,0,0,7,16,14,6,2,0,0,0,0,8,8,0,0,0,0,0,2,16,2,0,0,0,0,0,5,12,0,0,0,0,7
assessment,optdigits.tes,765,0,0,4,15,16,11,0,0,0,0,7,9,9,16,0,0,0,0,0,0,4,13,0,0,0,0,1,9,15,16,10,0,0,0,13,15,16,8,2,0,0,0,3,7,13,0,0,0,0,0,1,13,4,0,0,0,0,0,6,11,0,0,0,0,7
assessment,optdigits.tes,691,0,0,0,3,9,16,16,2,0,0,4,16,13,11,16,1,0,0,3,5,0,6,13,0,0,0,0,2,7,14,9,0,0,0,4,16,16,15,3,0,0,0,9,8,11,12,0,0,0,0,0,0,12,4,0,0,0,0,0,2,15,1,0,0,7
assessment,optdigits.tes,343,0,0,3,13,16,11,0,0,0,0,14,12,14,16,1,0,0,0,6,0,7,15,0,0,0,0,0,0,12,11,0,0,0,0,8,13,16,14,4,0,0,5,16,16,14,12,4,0,0,0,3,16,3,0,0,0,0,0,8,13,0,0,0,0,7
assessment,optdigits.tes,28,0,0,0,8,14,14,2,0,0,0,0,6,10,15,11,0,0,0,0,0,0,14,10,0,0,2,8,11,12,16,8,0,0,8,16,16,16,16,7,0,0,0,0,0,11,15,1,0,0,0,0,9,16,7,0,0,0,0,0,12,13,1,0,0,7
assessment,optdigits.tes,1340,0,0,7,15,16,15,0,0,0,2,15,2,5,16,1,0,0,0,0,0,10,13,0,0,0,0,0,3,14,11,2,0,0,0,6,16,16,16,8,0,0,0,5,13,7,0,0,0,0,0,3,15,1,0,0,0,0,0,10,12,0,0,0,0,7
assessment,optdigits.tes,274,0,0,4,12,16,10,0,0,0,0,15,12,12,11,0,0,0,0,1,0,9,7,0,0,0,0,4,7,15,13,7,0,0,6,16,16,15,10,3,0,0,1,4,12,7,0,0,0,0,0,2,16,2,0,0,0,0,0,6,12,0,0,0,0,7
assessment,optdigits.tes,481,0,0,4,6,11,14,6,0,0,4,16,16,12,16,7,0,0,6,16,2,1,16,3,0,0,5,16,0,5,14,0,0,0,0,2,0,11,10,0,0,0,0,0,2,15,4,0,0,0,0,0,8,16,0,0,0,0,0,0,7,12,0,0,0,7
assessment,optdigits.tes,1675,0,0,7,16,16,15,5,0,0,0,9,12,15,16,7,0,0,0,0,0,9,15,1,0,0,0,7,12,15,15,8,0,0,1,16,16,16,13,5,0,0,0,0,14,10,0,0,0,0,0,5,16,2,0,0,0,0,0,8,14,1,0,0,0,7
assessment,optdigits.tes,635,0,0,5,9,13,16,6,0,0,0,12,12,7,16,5,0,0,0,0,0,6,16,3,0,0,0,3,12,15,16,14,0,0,0,7,16,15,5,1,0,0,0,0,10,10,0,0,0,0,0,2,15,5,0,0,0,0,0,6,14,0,0,0,0,7
assessment,optdigits.tes,62,0,0,6,13,16,6,0,0,0,3,16,14,15,16,1,0,0,0,5,0,8,16,2,0,0,0,0,0,8,16,3,0,0,3,15,16,16,16,9,0,0,5,13,14,16,11,3,0,0,0,0,12,15,1,0,0,0,0,4,16,7,0,0,0,7
assessment,optdigits.tes,996,0,0,4,15,14,12,11,0,0,0,7,15,13,16,10,0,0,0,10,7,6,16,2,0,0,0,7,1,12,12,0,0,0,0,5,8,16,12,1,0,0,4,16,16,16,14,2,0,0,0,0,15,9,1,0,0,0,0,5,15,2,0,0,0,7
assessment,optdigits.tes,1400,0,0,3,13,16,16,5,0,0,4,15,13,10,16,6,0,0,1,8,1,4,16,4,0,0,0,1,6,11,16,10,0,0,0,13,16,16,13,3,0,0,0,10,7,16,4,0,0,0,0,0,11,13,0,0,0,0,0,4,16,8,0,0,0,7
assessment,optdigits.tes,1202,0,1,9,12,16,16,4,0,0,1,11,8,7,16,4,0,0,0,0,0,8,13,0,0,0,0,5,11,15,15,9,0,0,0,16,15,13,5,2,0,0,0,2,16,5,0,0,0,0,0,9,14,1,0,0,0,0,0,14,10,0,0,0,0,7
fit,optdigits.tra,1359,0,0,8,11,16,12,1,0,0,2,16,16,9,16,3,0,0,0,13,11,8,15,2,0,0,0,5,16,16,6,0,0,0,0,9,16,12,0,0,0,0,2,16,12,16,0,0,0,0,3,16,4,16,2,0,0,0,0,12,16,12,0,0,0,8
fit,optdigits.tra,2377,0,0,4,13,6,0,0,0,0,4,16,13,4,3,0,0,0,12,10,1,12,16,3,0,0,7,14,9,16,5,0,0,0,0,12,16,13,1,0,0,0,0,5,15,15,15,3,0,0,0,7,14,12,16,10,0,0,0,3,16,11,8,2,0,8
fit,optdigits.tra,3578,0,0,6,14,13,5,0,0,0,0,5,6,14,10,0,0,0,0,9,16,14,1,0,0,0,0,7,16,10,0,0,0,0,0,10,7,12,2,0,0,0,0,13,3,6,6,0,0,0,0,12,5,11,9,0,0,0,0,5,16,15,3,0,0,8
fit,optdigits.tra,713,0,0,6,15,16,13,1,0,0,3,16,16,16,16,6,0,0,7,16,8,12,14,1,0,0,0,12,16,14,1,0,0,0,0,11,14,16,6,0,0,0,0,14,0,2,15,3,0,0,0,16,2,3,13,8,0,0,0,6,14,16,14,2,0,8
fit,optdigits.tra,2918,0,0,5,13,16,7,0,0,0,2,16,7,8,11,0,0,0,8,15,5,10,8,0,0,0,2,6,15,16,7,0,0,0,0,1,13,10,16,4,0,0,0,4,13,1,9,12,0,0,0,7,10,5,15,7,0,0,0,2,13,15,8,1,0,8
fit,optdigits.tra,1540,0,0,9,15,15,7,0,0,0,3,16,7,7,11,0,0,0,0,16,10,3,6,0,0,0,0,7,16,16,15,4,0,0,0,9,16,16,3,0,0,0,1,15,4,11,10,0,0,0,4,14,3,9,11,0,0,0,0,8,15,15,4,0,0,8
fit,optdigits.tra,614,0,0,5,13,5,0,0,0,0,4,16,11,12,11,2,0,0,7,8,0,12,16,6,0,0,3,15,14,16,12,1,0,0,0,9,14,14,10,0,0,0,0,11,1,2,13,5,0,0,0,9,7,4,8,12,0,0,0,5,14,15,13,7,0,8
fit,optdigits.tra,558,0,0,4,13,13,13,3,0,0,3,16,9,12,16,8,0,0,7,14,0,4,16,5,0,0,2,15,13,15,11,0,0,0,0,10,16,16,10,0,0,0,1,16,5,3,16,4,0,0,0,15,10,5,16,7,0,0,0,5,16,16,9,0,0,8
fit,optdigits.tra,1601,0,0,9,15,8,0,0,0,0,6,14,2,7,10,0,0,0,9,10,0,2,16,3,0,0,5,16,16,16,14,2,0,0,6,16,16,16,14,1,0,0,5,16,0,0,9,11,0,0,1,16,9,7,14,6,0,0,0,9,12,13,8,0,0,8
fit,optdigits.tra,3004,0,0,6,12,14,6,0,0,0,12,14,6,4,15,0,0,0,11,1,0,5,12,0,0,0,6,11,5,15,3,0,0,0,0,7,15,12,2,0,0,0,0,5,13,8,13,1,0,0,0,11,5,6,14,7,0,0,0,5,16,12,7,1,0,8
fit,optdigits.tra,1845,0,0,7,16,15,4,0,0,0,0,14,6,5,15,2,0,0,1,16,0,6,15,0,0,0,2,16,10,16,8,0,0,0,0,9,16,13,0,0,0,0,0,10,12,15,7,0,0,0,1,16,3,5,13,0,0,0,0,9,15,14,7,0,0,8
fit,optdigits.tra,546,0,0,6,13,13,12,2,0,0,4,15,5,6,11,8,0,0,8,11,0,0,10,6,0,0,3,14,13,13,13,1,0,0,0,8,16,14,9,0,0,0,0,16,4,1,15,0,0,0,0,15,5,6,16,0,0,0,0,5,15,16,9,0,0,8
fit,optdigits.tra,1156,0,0,7,11,13,7,0,0,0,1,15,15,13,15,2,0,0,4,16,4,5,14,4,0,0,0,10,16,16,13,2,0,0,0,7,15,16,3,0,0,0,1,16,9,8,15,0,0,0,3,15,6,9,16,0,0,0,0,6,16,15,6,0,0,8
fit,optdigits.tra,3716,0,0,2,10,14,3,0,0,0,3,16,16,16,15,1,0,0,12,12,5,16,4,0,0,0,2,15,16,12,0,0,0,0,0,5,16,13,0,0,0,0,0,4,14,14,9,0,0,0,0,7,15,15,12,0,0,0,0,0,12,16,6,0,0,8
fit,optdigits.tra,3354,0,0,1,9,16,15,4,0,0,0,4,16,10,14,10,0,0,0,3,16,7,14,11,0,0,0,9,16,16,13,0,0,0,5,16,16,16,2,0,0,0,6,14,9,16,2,0,0,0,0,12,16,16,4,0,0,0,0,0,12,11,3,0,0,8
fit,optdigits.tra,2489,0,2,11,14,12,9,0,0,0,8,13,6,9,14,4,0,0,5,16,5,1,14,6,0,0,0,8,16,16,13,1,0,0,0,3,16,16,10,0,0,0,1,14,9,7,13,0,0,0,1,16,5,7,16,1,0,0,0,14,16,16,9,0,0,8
fit,optdigits.tra,1045,0,0,0,6,11,6,0,0,0,0,8,13,9,16,3,0,0,2,15,4,0,13,3,0,0,0,7,14,9,13,0,0,0,0,1,15,16,6,0,0,0,0,11,10,10,12,0,0,0,0,9,10,1,16,3,0,0,0,0,9,12,10,1,0,8
fit,optdigits.tra,2315,0,0,1,9,12,8,0,0,0,0,11,13,8,12,0,0,0,0,11,7,14,6,0,0,0,0,5,16,9,0,0,0,0,0,10,15,5,0,0,0,0,0,13,1,10,1,0,0,0,0,13,1,8,5,0,0,0,0,3,14,15,3,0,0,8
fit,optdigits.tra,1793,0,0,7,14,4,0,0,0,0,1,16,16,16,7,0,0,0,4,16,16,16,14,0,0,0,0,13,16,16,11,0,0,0,0,8,16,16,1,0,0,0,0,10,16,16,6,0,0,0,0,11,16,16,13,0,0,0,0,6,12,13,10,0,0,8
fit,optdigits.tra,89,0,0,1,11,12,4,0,0,0,1,11,12,9,15,5,0,0,7,16,4,3,15,7,0,0,3,15,13,15,11,0,0,0,0,3,16,13,14,0,0,0,0,8,9,0,14,7,0,0,0,11,9,9,15,6,0,0,0,2,12,14,8,0,0,8
fit,optdigits.tra,3018,0,0,1,8,14,13,2,0,0,2,13,12,8,15,2,0,0,6,15,2,11,6,0,0,0,0,5,14,15,1,0,0,0,0,0,12,13,0,0,0,0,0,0,15,15,5,0,0,0,0,0,16,9,15,0,0,0,0,0,9,16,10,0,0,8
fit,optdigits.tra,3440,0,0,6,9,14,10,1,0,0,4,16,15,5,13,4,0,0,7,13,4,6,15,2,0,0,0,9,16,16,9,0,0,0,0,11,13,15,10,0,0,0,0,15,4,5,15,0,0,0,1,16,9,10,14,0,0,0,0,7,13,14,5,0,0,8
fit,optdigits.tra,430,0,0,2,9,16,5,0,0,0,0,14,9,10,15,4,0,0,4,16,2,10,16,11,0,0,2,15,16,16,9,0,0,0,0,2,16,16,11,0,0,0,0,10,9,7,16,0,0,0,0,10,11,8,16,0,0,0,0,2,15,14,8,0,0,8
fit,optdigits.tra,3169,0,0,4,6,14,6,0,0,0,8,16,15,13,10,0,0,0,3,12,3,2,13,0,0,0,0,11,11,13,11,0,0,0,0,6,16,16,3,0,0,0,0,16,9,6,13,2,0,0,0,9,8,0,3,14,0,0,0,0,6,15,16,16,4,8
fit,optdigits.tra,1444,0,0,5,14,16,8,0,0,0,6,15,10,12,16,1,0,0,9,5,0,13,8,0,0,0,6,15,13,15,1,0,0,0,0,11,16,4,0,0,0,0,0,15,16,7,0,0,0,0,0,16,13,14,0,0,0,0,0,5,16,15,4,0,0,8
fit,optdigits.tra,1934,0,1,12,16,12,0,0,0,0,11,13,5,16,3,8,0,0,10,13,4,16,15,3,0,0,2,16,12,15,6,0,0,0,0,14,14,2,0,0,0,0,2,16,16,3,0,0,0,0,4,15,12,11,0,0,0,0,0,14,16,13,0,0,0,8
fit,optdigits.tra,2274,0,0,2,10,7,0,0,0,0,3,16,11,8,6,0,0,0,4,13,0,0,8,0,0,0,4,16,9,11,11,0,0,0,0,10,16,16,15,2,0,0,0,4,16,4,3,8,0,0,0,8,9,0,2,9,0,0,0,3,11,8,8,4,0,8
fit,optdigits.tra,1711,0,2,11,16,10,1,0,0,0,7,14,7,16,14,2,0,0,6,9,7,15,1,0,0,0,1,13,16,7,0,0,0,0,0,9,16,9,0,0,0,0,0,12,16,11,0,0,0,0,3,16,16,3,0,0,0,0,0,14,9,0,0,0,0,8
fit,optdigits.tra,222,0,0,4,12,15,8,0,0,0,4,15,10,10,12,0,0,0,13,10,2,16,4,0,0,0,6,12,15,9,0,0,0,0,0,2,16,13,3,0,0,0,0,10,9,6,13,1,0,0,0,10,9,0,10,8,0,0,0,2,13,16,14,5,0,8
fit,optdigits.tra,2287,0,0,2,13,15,4,0,0,0,0,9,10,5,11,0,0,0,0,10,7,13,10,0,0,0,0,7,12,16,3,0,0,0,0,6,16,7,0,0,0,0,0,14,13,2,0,0,0,0,0,11,2,10,0,0,0,0,0,0,13,15,0,0,0,8
fit,optdigits.tra,2420,0,0,1,14,16,12,1,0,0,0,14,7,3,12,4,0,0,2,14,0,1,16,1,0,0,0,12,10,16,6,0,0,0,0,11,14,15,4,0,0,0,4,14,0,5,14,2,0,0,1,15,6,1,11,7,0,0,0,3,8,14,15,1,0,8
fit,optdigits.tra,2002,0,0,5,15,5,0,0,0,0,0,13,11,12,0,0,0,0,0,14,7,2,4,4,0,0,0,9,15,14,13,5,0,0,1,13,16,13,0,0,0,0,7,14,4,14,9,0,0,0,0,15,4,2,14,7,0,0,0,3,13,16,16,7,0,8
fit,optdigits.tra,2808,0,0,5,12,9,1,0,0,0,4,16,9,11,6,1,0,0,1,15,4,1,12,4,0,0,0,6,6,13,14,0,0,0,0,3,16,16,4,0,0,0,0,7,16,16,1,0,0,0,0,10,16,16,7,0,0,0,0,8,12,12,4,0,0,8
fit,optdigits.tra,2530,0,0,6,13,14,6,0,0,0,0,16,13,6,16,3,0,0,0,13,10,5,16,2,0,0,0,4,16,16,12,1,0,0,0,12,16,13,0,0,0,0,2,16,7,14,9,0,0,0,3,16,5,9,14,0,0,0,0,8,15,16,8,0,0,8
fit,optdigits.tra,1574,0,0,6,12,15,10,0,0,0,5,15,5,4,11,6,0,0,7,11,4,5,14,6,0,0,2,16,16,16,6,0,0,0,0,15,15,12,14,1,0,0,0,14,3,0,9,6,0,0,0,16,7,6,14,6,0,0,0,7,15,12,9,0,0,8
fit,optdigits.tra,1151,0,0,5,12,8,2,0,0,0,0,12,6,8,13,0,0,0,2,10,0,0,12,2,0,0,0,14,12,12,10,0,0,0,0,1,15,16,7,0,0,0,0,14,8,0,9,1,0,0,0,14,2,1,12,2,0,0,0,8,12,12,6,0,0,8
fit,optdigits.tra,3516,0,0,8,15,16,7,0,0,0,5,16,11,1,12,0,0,0,0,14,4,12,7,0,0,0,0,3,14,12,1,0,0,0,0,2,15,7,0,0,0,0,0,11,10,12,0,0,0,0,0,13,3,16,0,0,0,0,0,7,14,12,0,0,0,8
fit,optdigits.tra,3259,0,0,2,16,15,4,0,0,0,0,10,15,11,11,0,0,0,0,10,12,15,10,0,0,0,0,7,16,14,2,0,0,0,0,12,16,7,0,0,0,0,0,14,7,15,1,0,0,0,0,11,7,13,7,0,0,0,0,2,14,15,7,0,0,8
fit,optdigits.tra,888,0,0,4,13,12,3,0,0,0,0,15,16,16,7,0,0,0,0,16,16,16,16,3,0,0,0,11,16,16,5,0,0,0,0,15,10,12,15,1,0,0,2,16,4,1,16,10,0,0,1,15,12,11,16,5,0,0,0,6,15,9,1,0,0,8
fit,optdigits.tra,2130,0,0,2,14,16,7,0,0,0,0,8,16,8,16,2,0,0,0,4,16,13,16,6,0,0,0,0,15,16,9,0,0,0,0,5,16,16,6,0,0,0,1,15,8,9,12,0,0,0,1,16,11,9,16,2,0,0,0,3,12,13,11,0,0,8
fit,optdigits.tra,3242,0,0,3,15,15,3,0,0,0,0,11,14,7,13,0,0,0,0,11,11,12,16,0,0,0,0,3,16,16,16,0,0,0,0,6,16,14,1,0,0,0,0,16,10,15,1,0,0,0,0,14,6,14,3,0,0,0,0,4,15,16,4,0,0,8
fit,optdigits.tra,3450,0,0,11,12,7,0,0,0,0,6,14,8,15,16,3,0,0,3,15,9,4,16,3,0,0,0,3,14,16,12,0,0,0,0,3,12,15,15,2,0,0,0,15,10,0,13,8,0,0,1,16,5,5,12,11,0,0,0,14,16,16,9,2,0,8
fit,optdigits.tra,3676,0,0,9,12,12,1,0,0,0,6,14,5,9,11,3,0,0,7,12,9,15,9,1,0,0,1,16,14,2,0,0,0,0,0,14,12,14,2,0,0,0,2,12,0,9,13,0,0,0,0,15,1,6,14,0,0,0,0,6,14,15,3,0,0,8
fit,optdigits.tra,2684,0,0,3,10,16,7,0,0,0,0,15,12,8,15,0,0,0,5,14,2,10,16,6,0,0,2,14,16,11,3,0,0,0,0,6,16,6,0,0,0,0,0,12,14,15,2,0,0,0,0,11,8,16,8,0,0,0,0,3,14,14,3,0,0,8
fit,optdigits.tra,2863,0,2,16,15,4,0,0,0,0,4,16,14,9,3,5,0,0,4,15,7,16,16,8,0,0,1,15,16,15,6,0,0,0,0,10,16,4,0,0,0,0,1,14,16,2,0,0,0,0,7,10,16,0,0,0,0,0,2,14,11,0,0,0,0,8
fit,optdigits.tra,2221,0,0,9,15,12,6,0,0,0,3,16,15,13,8,0,0,0,2,16,4,12,5,0,0,0,0,13,16,10,0,0,0,0,0,8,14,11,1,0,0,0,1,12,0,14,6,0,0,0,0,13,5,2,16,2,0,0,0,7,14,16,16,2,0,8
fit,optdigits.tra,2360,0,1,8,12,3,0,0,0,0,1,16,16,14,2,0,0,0,2,16,16,16,16,1,0,0,0,12,16,16,4,0,0,0,0,12,16,16,7,0,0,0,2,16,16,16,14,0,0,0,4,16,16,15,4,0,0,0,1,12,10,5,0,0,0,8
fit,optdigits.tra,3608,0,1,8,15,15,6,0,0,0,10,16,15,15,14,0,0,0,4,13,7,16,7,0,0,0,2,14,16,14,1,0,0,0,0,3,16,7,0,0,0,0,0,11,16,15,0,0,0,0,0,13,16,16,3,0,0,0,0,7,16,15,1,0,0,8
fit,optdigits.tra,3639,0,0,4,12,9,0,0,0,0,4,13,7,15,4,0,0,0,7,11,0,8,10,0,0,0,2,16,16,16,7,0,0,0,0,6,16,16,15,2,0,0,0,8,11,1,6,8,0,0,0,8,12,8,13,6,0,0,0,4,16,13,8,0,0,8
fit,optdigits.tra,3595,0,0,5,13,16,7,0,0,0,0,15,8,11,12,0,0,0,0,12,5,14,5,0,0,0,0,10,16,8,0,0,0,0,0,9,16,2,0,0,0,0,0,15,15,6,0,0,0,0,0,14,13,10,0,0,0,0,0,8,16,4,0,0,0,8
validation,optdigits.tra,1965,0,0,9,14,12,8,0,0,0,8,13,0,2,16,2,0,0,11,14,14,14,6,0,0,0,1,14,16,13,1,0,0,0,3,15,4,6,12,0,0,0,1,15,0,0,8,9,0,0,3,16,1,3,13,6,0,0,0,8,16,13,6,0,0,8
validation,optdigits.tra,981,0,0,1,11,12,4,0,0,0,1,13,11,6,15,0,0,0,7,13,0,3,15,0,0,0,1,12,13,15,6,0,0,0,0,4,15,13,11,0,0,0,2,15,4,1,14,6,0,0,3,14,3,0,12,7,0,0,0,4,13,16,15,1,0,8
validation,optdigits.tra,2344,0,0,1,9,15,15,2,0,0,1,15,9,5,16,2,0,0,8,10,1,12,8,0,0,0,7,15,12,11,1,0,0,0,0,7,16,13,3,0,0,0,0,6,8,8,15,3,0,0,0,2,15,2,12,8,0,0,0,0,10,16,13,4,0,8
validation,optdigits.tra,2914,0,0,2,9,15,16,7,0,0,0,15,9,8,15,9,0,0,2,15,3,4,16,2,0,0,4,15,15,16,2,0,0,0,0,1,16,16,9,0,0,0,0,10,10,10,16,3,0,0,0,10,12,10,16,4,0,0,0,2,13,12,8,1,0,8
validation,optdigits.tra,1664,0,0,7,15,15,5,0,0,0,0,15,13,12,15,5,0,0,0,10,14,12,16,3,0,0,0,5,16,16,9,0,0,0,2,15,16,16,3,0,0,0,7,14,2,12,14,1,0,0,3,15,9,12,16,4,0,0,0,5,12,13,8,1,0,8
validation,optdigits.tra,1946,0,0,8,13,12,2,0,0,0,4,16,3,2,13,0,0,0,10,13,5,12,12,0,0,0,5,14,16,16,3,0,0,0,0,8,15,9,9,0,0,0,0,12,6,0,8,5,0,0,0,11,8,4,12,6,0,0,0,5,12,13,10,0,0,8
validation,optdigits.tra,2754,0,0,6,14,9,0,0,0,0,3,16,9,15,12,3,0,0,1,16,6,16,10,0,0,0,0,6,16,16,6,0,0,0,1,13,10,10,15,1,0,0,3,16,1,0,11,11,0,0,1,15,2,3,14,5,0,0,0,5,15,15,6,0,0,8
validation,optdigits.tra,2714,0,0,2,11,16,13,1,0,0,1,16,11,4,12,8,0,0,0,14,8,3,11,8,0,0,0,13,16,16,14,1,0,0,0,10,16,10,15,3,0,0,0,14,7,0,10,5,0,0,0,11,12,8,14,4,0,0,0,3,14,12,10,1,0,8
validation,optdigits.tra,1763,0,0,7,16,7,0,0,0,0,4,16,9,10,11,2,0,0,11,10,0,11,14,1,0,0,6,14,7,14,7,0,0,0,0,11,16,12,0,0,0,0,0,13,12,15,1,0,0,0,4,16,7,14,2,0,0,0,0,8,16,10,0,0,0,8
validation,optdigits.tra,356,0,0,9,16,7,5,0,0,0,0,9,16,16,16,0,0,0,0,7,16,15,6,0,0,0,0,7,16,7,0,0,0,0,0,14,16,5,0,0,0,0,3,16,16,4,0,0,0,0,1,16,16,5,0,0,0,0,0,7,12,1,0,0,0,8
validation,optdigits.tra,1234,0,0,2,14,11,4,0,0,0,1,14,16,13,16,2,0,0,4,16,10,3,15,3,0,0,0,9,16,14,14,2,0,0,1,12,16,16,4,0,0,0,5,16,9,11,13,0,0,0,1,14,13,10,16,7,0,0,0,4,9,13,11,1,0,8
validation,optdigits.tra,1367,0,0,8,3,11,11,2,0,0,2,16,6,7,12,8,0,0,1,16,1,7,14,1,0,0,0,11,14,12,1,0,0,0,0,11,16,1,0,0,0,0,3,12,11,8,0,0,0,0,5,10,5,12,0,0,0,0,1,10,16,9,0,0,0,8
validation,optdigits.tra,2919,0,0,6,14,12,6,0,0,0,3,16,11,10,15,5,0,0,6,16,4,3,16,4,0,0,0,9,16,16,12,0,0,0,0,2,15,7,15,6,0,0,0,8,6,0,14,8,0,0,0,13,10,13,13,1,0,0,0,5,12,9,1,0,0,8
validation,optdigits.tra,1008,0,0,1,9,15,12,0,0,0,0,13,8,5,14,4,0,0,0,14,1,5,14,1,0,0,0,7,13,16,4,0,0,0,0,11,12,14,12,1,0,0,4,13,0,0,11,7,0,0,1,13,7,2,8,8,0,0,0,1,9,16,13,2,0,8
validation,optdigits.tra,419,0,0,4,14,11,2,0,0,0,0,8,11,5,16,0,0,0,0,8,13,9,15,6,0,0,0,3,16,16,12,1,0,0,0,11,14,12,0,0,0,0,4,11,1,15,3,0,0,0,6,11,4,7,12,0,0,0,1,8,14,16,9,0,0,8
assessment,optdigits.tes,380,0,0,3,12,15,14,3,0,0,1,16,5,0,8,12,0,0,6,16,11,2,13,7,0,0,2,9,15,16,4,0,0,0,0,3,14,16,7,0,0,0,0,9,5,6,15,0,0,0,0,11,10,7,16,2,0,0,0,3,12,16,13,0,0,8
assessment,optdigits.tes,665,0,0,5,12,16,7,0,0,0,5,14,4,9,15,5,0,0,4,13,6,14,6,2,0,0,1,14,16,2,0,0,0,0,3,15,12,9,0,0,0,0,5,12,0,10,7,0,0,0,3,15,4,2,15,0,0,0,0,5,14,14,7,0,0,8
assessment,optdigits.tes,743,0,0,4,14,14,0,0,0,0,5,16,16,16,5,1,0,0,9,13,0,13,16,2,0,0,3,16,13,15,5,0,0,0,0,7,16,13,0,0,0,0,0,10,13,14,7,0,0,0,0,10,11,10,15,0,0,0,0,4,13,11,3,0,0,8
assessment,optdigits.tes,516,0,0,8,11,8,10,0,0,0,3,15,8,12,16,4,0,0,3,12,0,3,16,2,0,0,0,11,10,15,10,0,0,0,0,4,16,16,6,0,0,0,0,7,9,4,16,0,0,0,0,12,11,5,16,0,0,0,0,3,10,9,3,0,0,8
assessment,optdigits.tes,646,0,0,0,4,12,15,4,0,0,0,3,14,4,10,8,0,0,0,4,12,5,14,2,0,0,0,4,16,14,3,0,0,0,1,12,15,13,0,0,0,0,6,13,1,12,6,0,0,0,0,10,13,5,14,1,0,0,0,0,4,10,16,8,0,8
assessment,optdigits.tes,171,0,0,2,13,4,0,0,0,0,0,8,14,11,0,0,0,0,0,10,6,14,5,2,0,0,0,2,14,12,14,0,0,0,0,1,15,13,2,0,0,0,0,11,13,14,1,0,0,0,0,13,8,10,4,0,0,0,0,2,11,16,7,0,0,8
assessment,optdigits.tes,914,0,0,7,15,14,6,0,0,0,5,16,5,10,16,4,0,0,6,15,2,10,14,1,0,0,1,13,16,14,1,0,0,0,0,10,13,15,8,0,0,0,0,15,2,3,15,6,0,0,0,15,3,8,15,6,0,0,0,6,16,11,4,0,0,8
assessment,optdigits.tes,1124,0,0,10,15,8,0,0,0,0,0,16,4,11,3,5,0,0,0,14,5,7,10,7,0,0,0,4,13,12,11,0,0,0,0,2,14,12,0,0,0,0,1,14,7,12,4,0,0,0,7,10,0,3,12,0,0,0,1,10,11,12,10,0,0,8
assessment,optdigits.tes,1280,0,0,11,16,16,14,0,0,0,1,16,15,13,15,1,0,0,0,14,15,16,6,0,0,0,0,8,16,7,0,0,0,0,0,8,16,7,0,0,0,0,0,13,14,13,0,0,0,0,0,16,11,15,0,0,0,0,0,12,16,10,0,0,0,8
assessment,optdigits.tes,944,0,0,7,14,15,4,0,0,0,7,15,4,9,12,0,0,0,6,15,1,4,14,0,0,0,0,9,13,14,7,0,0,0,0,2,16,16,4,0,0,0,0,14,7,3,15,4,0,0,0,16,3,0,13,8,0,0,0,7,16,16,10,1,0,8
assessment,optdigits.tes,1166,0,1,10,9,11,5,0,0,1,14,8,1,2,11,0,0,0,14,3,0,11,5,0,0,0,2,12,12,11,0,0,0,0,0,2,15,14,4,0,0,0,0,11,5,1,12,2,0,0,0,13,0,0,14,2,0,0,0,9,13,16,9,0,0,8
assessment,optdigits.tes,149,0,0,3,13,13,3,0,0,0,2,14,12,12,11,0,0,0,4,16,8,5,15,3,0,0,1,13,14,16,7,0,0,0,0,11,16,13,1,0,0,0,1,16,12,13,14,1,0,0,0,13,13,9,16,7,0,0,0,3,13,16,10,1,0,8
assessment,optdigits.tes,675,0,0,3,13,14,4,0,0,0,0,15,8,7,11,0,0,0,0,16,0,0,11,3,0,0,0,10,6,14,14,1,0,0,0,5,16,14,1,0,0,0,0,12,10,8,12,0,0,0,0,14,3,0,9,8,0,0,0,4,14,15,12,4,0,8
assessment,optdigits.tes,77,0,3,5,14,13,6,0,0,0,9,16,12,10,12,0,0,0,6,16,3,12,11,0,0,0,1,13,10,16,6,0,0,0,0,10,16,10,0,0,0,0,1,15,16,10,0,0,0,0,0,16,12,16,0,0,0,0,0,3,15,16,5,0,0,8
assessment,optdigits.tes,1434,0,0,3,12,15,11,2,0,0,0,11,13,7,13,8,0,0,7,15,1,5,15,3,0,0,1,12,16,16,5,0,0,0,0,0,13,15,15,2,0,0,0,2,13,0,10,5,0,0,0,4,11,4,11,6,0,0,0,2,13,16,12,0,0,8
assessment,optdigits.tes,225,0,0,0,10,12,3,0,0,0,0,8,16,15,14,0,0,0,0,5,16,10,16,1,0,0,0,5,16,16,10,1,0,0,1,16,12,16,8,0,0,0,1,16,3,4,16,4,0,0,0,12,11,4,16,9,0,0,0,2,10,14,13,4,0,8
assessment,optdigits.tes,440,0,0,3,9,14,7,0,0,0,3,15,11,8,15,2,0,0,4,16,5,2,16,7,0,0,0,4,15,13,16,7,0,0,0,0,6,16,16,1,0,0,0,2,15,8,16,7,0,0,0,4,16,4,15,7,0,0,0,0,10,15,10,0,0,8
assessment,optdigits.tes,1721,0,0,6,14,9,5,2,0,0,7,15,6,2,12,8,0,0,5,15,2,8,15,1,0,0,1,12,14,16,4,0,0,0,0,1,16,11,0,0,0,0,0,4,10,16,3,0,0,0,0,9,2,13,8,0,0,0,0,5,14,11,3,0,0,8
assessment,optdigits.tes,776,0,0,4,11,15,7,0,0,0,2,15,14,9,15,1,0,0,8,15,1,6,16,5,0,0,6,14,13,15,6,0,0,0,1,16,16,6,0,0,0,0,4,15,11,15,1,0,0,0,1,12,3,7,9,0,0,0,0,4,14,16,6,0,0,8
assessment,optdigits.tes,1272,0,1,3,15,15,2,0,0,2,16,16,12,16,6,0,0,1,15,7,6,14,0,0,0,0,5,14,14,10,0,0,0,0,0,7,16,7,0,0,0,0,0,6,15,13,8,0,0,0,0,8,12,7,16,0,0,0,0,4,15,16,14,0,0,8
assessment,optdigits.tes,1545,0,0,1,10,11,2,0,0,0,0,12,12,8,15,4,0,0,6,11,0,1,12,7,0,0,4,16,7,15,12,0,0,0,0,5,15,15,3,0,0,0,0,0,14,7,14,0,0,0,0,4,12,7,10,0,0,0,0,1,16,16,3,0,0,8
assessment,optdigits.tes,310,0,0,4,13,16,14,2,0,0,2,15,5,4,14,4,0,0,8,15,6,1,15,1,0,0,4,16,16,13,10,0,0,0,0,1,9,16,10,0,0,0,0,4,14,3,14,6,0,0,0,9,10,3,13,8,0,0,0,3,15,16,11,1,0,8
assessment,optdigits.tes,685,0,0,6,14,13,4,0,0,0,4,16,11,10,15,0,0,0,9,11,0,12,11,0,0,0,7,11,8,16,3,0,0,0,0,13,16,10,0,0,0,0,0,13,13,12,9,0,0,0,0,12,8,0,15,1,0,0,0,5,16,16,11,0,0,8
assessment,optdigits.tes,1444,0,0,1,14,13,4,0,0,0,3,15,12,11,15,0,0,0,8,11,1,7,13,0,0,0,1,13,14,16,1,0,0,0,0,0,14,13,14,2,0,0,0,2,12,0,9,8,0,0,0,3,13,4,12,6,0,0,0,0,9,14,13,1,0,8
assessment,optdigits.tes,243,0,0,2,12,12,0,0,0,0,0,7,16,15,9,1,0,0,0,6,14,13,15,3,0,0,0,1,16,16,4,0,0,0,0,7,16,14,0,0,0,0,1,15,9,16,5,0,0,0,2,13,13,16,10,0,0,0,0,1,11,12,5,0,0,8
assessment,optdigits.tes,795,0,0,0,2,15,5,0,0,0,0,2,4,10,12,0,0,0,3,15,14,10,8,0,0,0,8,15,1,11,4,0,0,0,1,8,15,16,0,0,0,0,0,0,6,16,12,1,0,0,0,0,4,14,15,4,0,0,0,0,2,14,11,0,0,8
assessment,optdigits.tes,1287,0,0,13,16,9,4,0,0,0,0,15,9,9,15,1,0,0,0,11,9,13,11,0,0,0,0,5,16,14,1,0,0,0,0,7,16,10,0,0,0,0,0,14,10,16,2,0,0,0,0,16,4,15,7,0,0,0,0,11,16,16,3,0,0,8
assessment,optdigits.tes,815,0,0,2,12,14,8,0,0,0,0,13,13,15,12,0,0,0,5,15,2,10,6,0,0,0,2,14,13,14,1,0,0,0,0,0,11,15,13,1,0,0,0,1,15,3,14,7,0,0,0,6,13,1,16,4,0,0,0,1,12,16,11,0,0,8
assessment,optdigits.tes,891,0,0,1,8,14,14,2,0,0,1,13,16,16,16,5,0,0,7,16,10,10,16,4,0,0,3,16,14,15,12,0,0,0,0,3,12,16,10,0,0,0,0,0,9,16,16,3,0,0,0,0,15,16,16,4,0,0,0,0,11,16,12,2,0,8
assessment,optdigits.tes,295,0,0,4,15,14,10,1,0,0,0,7,9,0,9,8,0,0,0,11,9,2,13,7,0,0,0,4,15,14,4,0,0,0,0,6,15,15,1,0,0,0,4,14,1,13,7,0,0,0,7,13,1,5,13,0,0,0,0,7,14,16,16,1,0,8
fit,optdigits.tra,1552,0,0,4,15,15,5,0,0,0,1,16,12,11,15,3,0,0,7,16,2,4,16,4,0,0,5,16,16,16,16,5,0,0,0,0,1,0,16,8,0,0,0,0,0,0,14,8,0,0,0,10,13,8,16,5,0,0,0,7,13,14,9,1,0,9
fit,optdigits.tra,3601,0,0,0,6,14,16,10,0,0,0,12,16,9,14,11,0,0,7,15,3,8,13,3,0,0,6,16,14,16,8,0,0,0,0,3,4,11,13,0,0,0,0,0,0,14,10,0,0,0,0,0,4,16,5,0,0,0,0,0,7,16,0,0,0,9
fit,optdigits.tra,2100,0,0,5,12,13,1,0,0,0,0,7,16,16,10,0,0,0,0,1,13,16,13,0,0,0,0,0,0,10,15,0,0,0,0,0,0,9,15,0,0,0,0,2,5,15,12,0,0,0,0,11,16,16,7,0,0,0,0,4,13,9,0,0,0,9
fit,optdigits.tra,2690,0,0,13,16,10,0,0,0,0,3,16,11,16,5,0,0,0,0,15,13,15,13,0,0,0,0,5,12,11,16,2,0,0,0,0,0,0,14,10,0,0,0,0,0,0,5,16,0,0,0,7,8,11,13,16,2,0,0,15,16,16,16,11,0,9
fit,optdigits.tra,202,0,0,0,0,6,15,12,0,0,0,1,11,14,13,15,0,0,1,12,10,0,11,7,0,0,5,15,1,3,16,3,0,0,5,16,13,15,14,0,0,0,0,4,4,11,13,0,0,0,0,0,0,8,13,0,0,0,0,0,0,8,8,0,0,9
fit,optdigits.tra,676,0,0,9,13,7,0,0,0,0,2,15,10,14,6,0,0,0,12,13,0,9,16,2,0,0,8,16,12,14,16,6,0,0,1,8,8,10,16,2,0,0,0,0,0,1,16,5,0,0,0,8,4,7,16,2,0,0,0,10,15,16,13,0,0,9
fit,optdigits.tra,94,0,0,1,10,16,7,0,0,0,1,14,14,12,16,4,0,0,6,16,2,1,16,4,0,0,6,16,11,13,16,2,0,0,0,11,12,16,11,0,0,0,0,0,3,16,5,0,0,0,0,0,11,14,0,0,0,0,0,0,13,11,0,0,0,9
fit,optdigits.tra,513,0,0,8,16,9,0,0,0,0,2,15,9,15,3,0,0,0,6,14,0,11,11,0,0,0,7,15,10,16,14,0,0,0,2,13,11,5,16,3,0,0,0,0,0,0,13,6,0,0,0,0,1,4,14,4,0,0,0,10,16,13,5,0,0,9
fit,optdigits.tra,2102,0,0,6,15,15,4,0,0,0,4,15,16,16,14,0,0,0,12,16,13,16,16,1,0,0,9,16,15,14,16,2,0,0,0,4,2,7,16,1,0,0,0,0,2,15,14,0,0,0,0,1,14,16,6,0,0,0,0,5,15,6,0,0,0,9
fit,optdigits.tra,1715,0,0,9,16,11,0,0,0,0,5,16,16,16,7,0,0,0,3,16,16,16,15,0,0,0,0,2,6,3,11,5,0,0,0,0,0,0,11,7,0,0,0,0,0,0,13,11,0,0,0,4,5,11,16,5,0,0,0,5,12,12,6,0,0,9
fit,optdigits.tra,3730,0,0,4,11,12,7,0,0,0,1,16,13,14,12,0,0,0,2,16,5,8,14,0,0,0,1,15,16,16,14,0,0,0,0,6,12,12,16,6,0,0,0,1,3,2,15,5,0,0,0,7,16,16,16,2,0,0,0,1,13,12,5,0,0,9
fit,optdigits.tra,2967,0,0,3,12,14,2,0,0,0,0,13,9,11,12,0,0,0,1,16,12,13,16,0,0,0,0,7,8,9,13,0,0,0,0,0,0,0,13,3,0,0,0,0,0,0,10,4,0,0,0,1,3,4,12,3,0,0,0,4,16,15,8,0,0,9
fit,optdigits.tra,2527,0,1,13,12,4,0,0,0,0,1,16,12,16,6,0,0,0,0,16,7,14,10,0,0,0,0,9,14,16,13,0,0,0,0,0,7,9,15,1,0,0,0,0,0,0,10,8,0,0,0,4,5,4,10,15,0,0,0,6,13,16,14,6,0,9
fit,optdigits.tra,3355,0,0,0,6,15,15,4,0,0,0,12,15,8,12,7,0,0,0,14,13,12,16,3,0,0,0,11,16,16,16,4,0,0,0,1,4,4,16,5,0,0,0,0,0,2,16,2,0,0,0,0,3,12,11,0,0,0,0,0,10,13,2,0,0,9
fit,optdigits.tra,2998,0,0,1,6,14,16,12,0,0,1,15,16,8,16,11,0,0,10,15,4,5,16,10,0,0,3,12,16,16,16,8,0,0,0,0,0,11,16,0,0,0,0,0,0,13,11,0,0,0,0,0,5,16,5,0,0,0,0,0,9,16,3,0,0,9
fit,optdigits.tra,3499,0,1,10,16,13,4,0,0,0,7,16,6,12,12,1,0,0,10,13,0,9,16,4,0,0,4,16,9,14,16,5,0,0,0,5,8,11,16,4,0,0,0,0,0,0,16,9,0,0,0,9,8,1,14,9,0,0,0,12,16,16,15,7,0,9
fit,optdigits.tra,560,0,0,5,12,12,3,0,0,0,1,16,8,13,14,3,0,0,2,16,1,3,16,9,0,0,2,14,11,14,16,6,0,0,0,2,7,5,16,8,0,0,2,3,0,1,15,5,0,0,5,16,5,8,15,2,0,0,0,10,16,13,4,0,0,9
fit,optdigits.tra,2867,0,3,14,16,7,1,0,0,0,12,16,9,16,11,0,0,0,12,16,11,16,12,0,0,0,1,10,12,15,16,0,0,0,0,0,0,4,16,4,0,0,0,0,0,0,13,11,0,0,1,6,4,8,16,11,0,0,2,9,16,16,10,1,0,9
fit,optdigits.tra,3818,0,0,6,16,11,0,0,0,0,1,16,2,12,9,0,0,0,4,15,5,13,10,0,0,0,0,9,10,9,15,0,0,0,0,0,0,0,11,5,0,0,0,0,0,0,7,7,0,0,3,9,1,0,8,4,0,0,1,7,14,16,12,1,0,9
fit,optdigits.tra,2296,0,0,4,15,13,1,0,0,0,1,15,11,9,7,0,0,0,3,16,3,5,16,3,0,0,0,8,16,16,16,3,0,0,0,0,2,4,14,6,0,0,0,0,0,0,9,11,0,0,0,0,0,0,7,15,0,0,0,5,12,12,16,8,0,9
fit,optdigits.tra,1261,0,0,9,15,7,1,0,0,0,5,16,7,12,14,0,0,0,10,10,0,8,16,0,0,0,6,12,0,5,16,4,0,0,0,12,13,15,16,3,0,0,0,0,0,1,13,10,0,0,0,2,4,5,13,11,0,0,0,8,16,12,8,1,0,9
fit,optdigits.tra,1944,0,0,0,4,13,12,1,0,0,0,3,16,9,15,14,2,0,0,14,8,2,10,14,0,0,3,16,12,13,16,7,0,0,0,8,3,2,16,2,0,0,0,0,0,8,12,0,0,0,0,0,0,14,6,0,0,0,0,0,3,14,2,0,0,9
fit,optdigits.tra,3077,0,1,10,15,9,0,0,0,0,5,16,8,16,7,0,0,0,5,14,0,12,9,0,0,0,1,12,13,16,16,2,0,0,0,1,9,12,14,7,0,0,0,0,0,0,4,13,0,0,0,14,12,8,11,16,0,0,0,7,16,16,16,9,0,9
fit,optdigits.tra,2499,0,0,11,10,7,4,0,0,0,2,15,8,16,16,2,0,0,9,11,0,8,16,1,0,0,5,16,9,15,16,6,0,0,0,5,10,4,12,8,0,0,0,0,0,0,10,9,0,0,0,6,7,10,15,5,0,0,1,12,15,12,3,0,0,9
fit,optdigits.tra,455,0,0,2,12,13,7,0,0,0,2,14,5,0,13,2,0,0,10,6,0,2,16,4,0,0,6,13,7,9,16,4,0,0,0,8,12,8,13,4,0,0,0,0,0,0,7,7,0,0,0,0,0,0,4,11,0,0,0,1,14,11,13,12,0,9
fit,optdigits.tra,2396,0,0,0,5,9,13,14,6,0,0,4,16,8,4,10,9,0,0,6,16,16,16,15,4,0,0,1,11,12,16,6,0,0,0,0,0,2,16,2,0,0,0,0,0,10,6,0,0,0,0,0,2,15,0,0,0,0,0,0,5,14,0,0,0,9
fit,optdigits.tra,1023,0,0,0,5,12,15,7,0,0,0,3,14,4,13,6,0,0,0,4,13,0,14,7,0,0,0,0,13,14,16,8,0,0,0,0,0,3,8,8,0,0,1,3,0,0,10,8,0,0,5,16,7,0,12,4,0,0,0,2,6,13,15,1,0,9
fit,optdigits.tra,2891,0,0,3,15,11,4,0,0,0,0,11,7,6,13,0,0,0,0,12,2,0,15,1,0,0,0,11,1,4,16,5,0,0,0,3,15,13,12,6,0,0,0,0,0,0,8,8,0,0,0,6,2,3,13,5,0,0,0,4,13,16,11,0,0,9
fit,optdigits.tra,3071,0,0,0,9,12,5,0,0,0,0,0,16,9,15,2,0,0,0,0,16,6,16,4,0,0,0,0,4,16,16,8,0,0,0,0,0,2,15,4,0,0,0,0,0,0,10,7,0,0,0,16,11,3,13,4,0,0,0,3,6,13,15,2,0,9
fit,optdigits.tra,1070,0,2,10,15,8,0,0,0,0,6,16,15,16,8,0,0,0,8,16,5,13,16,0,0,0,4,16,12,16,16,5,0,0,0,5,11,13,16,7,0,0,0,0,0,1,16,8,0,0,0,2,4,10,16,8,0,0,0,12,16,14,11,0,0,9
fit,optdigits.tra,1984,0,0,1,9,16,13,1,0,0,0,13,9,5,14,8,0,0,3,14,0,0,13,12,0,0,2,15,12,16,16,3,0,0,0,3,8,11,12,0,0,0,0,0,3,14,2,0,0,0,0,0,12,9,0,0,0,0,0,1,15,3,0,0,0,9
fit,optdigits.tra,906,0,1,9,12,14,6,0,0,0,6,16,10,16,12,0,0,0,1,14,13,12,16,0,0,0,0,0,0,2,16,4,0,0,0,0,0,0,15,9,0,0,0,0,0,0,10,9,0,0,0,0,0,5,14,11,0,0,0,10,16,16,7,0,0,9
fit,optdigits.tra,2164,0,0,0,8,15,16,7,0,0,1,14,9,1,0,8,0,0,6,12,0,0,10,8,0,0,4,14,12,13,14,8,0,0,0,0,0,1,4,8,0,0,0,0,0,0,4,8,0,0,0,0,0,0,7,8,0,0,0,0,8,12,15,6,0,9
fit,optdigits.tra,3519,0,0,3,14,16,13,6,0,0,0,13,7,1,13,16,1,0,0,12,5,0,10,12,0,0,0,8,14,12,14,2,0,0,0,0,4,14,6,0,0,0,0,0,5,13,0,0,0,0,0,0,13,6,0,0,0,0,0,2,11,0,0,0,0,9
fit,optdigits.tra,601,0,0,3,12,11,1,0,0,0,0,9,13,10,10,0,0,0,0,5,13,11,13,0,0,0,0,0,7,12,14,5,0,0,0,0,0,0,6,10,0,0,0,0,0,0,1,15,0,0,0,8,8,4,4,13,5,0,0,3,10,16,16,16,5,9
fit,optdigits.tra,911,0,0,3,12,16,10,0,0,0,0,16,10,5,16,1,0,0,4,16,11,10,14,0,0,0,0,14,16,16,13,1,0,0,0,2,8,8,16,7,0,0,0,0,0,1,16,3,0,0,0,0,10,16,7,0,0,0,0,2,10,3,0,0,0,9
fit,optdigits.tra,41,0,0,8,14,9,2,0,0,0,2,14,5,11,13,0,0,0,0,15,0,6,16,4,0,0,0,13,9,15,15,6,0,0,0,0,5,1,7,9,0,0,0,0,0,0,5,12,0,0,0,12,3,0,9,8,0,0,0,7,14,15,13,0,0,9
fit,optdigits.tra,3332,0,0,6,15,16,16,11,0,0,2,16,11,7,15,16,3,0,2,15,16,16,16,13,0,0,0,5,11,16,12,1,0,0,0,0,8,16,4,0,0,0,0,0,12,11,0,0,0,0,0,5,16,4,0,0,0,0,0,10,14,0,0,0,0,9
fit,optdigits.tra,1470,0,0,3,11,15,15,4,0,0,2,14,8,4,15,5,0,0,7,11,1,13,15,1,0,0,1,11,12,13,16,5,0,0,0,0,0,8,12,0,0,0,0,0,3,15,2,0,0,0,0,0,11,7,0,0,0,0,0,0,13,4,0,0,0,9
fit,optdigits.tra,2488,0,0,9,13,7,0,0,0,0,2,16,12,15,12,2,0,0,8,11,0,4,16,4,0,0,8,13,1,8,16,7,0,0,1,15,16,13,15,8,0,0,0,0,2,0,9,12,0,0,0,6,9,9,15,9,0,0,0,6,16,14,8,1,0,9
fit,optdigits.tra,1307,0,0,11,16,9,0,0,0,0,9,12,6,14,10,0,0,0,11,5,0,13,13,0,0,0,1,11,14,12,15,6,0,0,0,0,0,0,12,8,0,0,0,0,0,0,10,10,0,0,0,1,0,4,13,6,0,0,0,9,14,16,10,0,0,9
fit,optdigits.tra,2343,0,1,9,15,12,2,0,0,0,8,10,0,7,14,0,0,0,8,4,0,0,16,4,0,0,2,12,9,9,16,7,0,0,0,1,5,5,9,8,0,0,0,0,0,0,4,11,0,0,0,6,1,0,10,8,0,0,0,9,13,14,11,2,0,9
fit,optdigits.tra,2605,0,0,0,8,16,13,1,0,0,0,4,16,11,13,9,0,0,6,15,10,0,11,11,0,0,8,16,13,14,16,9,0,0,1,9,8,11,16,4,0,0,0,0,0,12,12,0,0,0,0,0,6,16,2,0,0,0,0,0,11,10,0,0,0,9
fit,optdigits.tra,543,0,0,6,12,13,4,0,0,0,1,16,5,8,15,3,0,0,4,13,0,0,16,5,0,0,2,15,9,11,16,7,0,0,0,1,8,8,14,8,0,0,3,5,0,0,11,8,0,0,2,16,9,6,15,7,0,0,0,3,14,15,6,0,0,9
fit,optdigits.tra,450,0,0,6,13,15,8,0,0,0,4,16,12,12,16,5,0,0,6,16,2,5,16,5,0,0,1,15,13,13,16,1,0,0,0,0,7,13,16,1,0,0,0,0,0,4,16,0,0,0,4,16,11,7,16,0,0,0,1,10,13,16,13,0,0,9
fit,optdigits.tra,1072,0,0,13,14,4,0,0,0,0,4,16,13,14,2,0,0,0,0,16,4,16,14,2,0,0,0,11,14,16,14,0,0,0,0,0,8,11,15,0,0,0,0,0,0,4,16,2,0,0,0,6,6,7,16,2,0,0,0,12,16,16,10,0,0,9
fit,optdigits.tra,2340,0,0,3,11,15,5,0,0,0,1,11,9,10,15,1,0,0,4,14,7,6,16,3,0,0,1,14,8,11,16,2,0,0,0,1,4,3,9,8,0,0,0,0,0,0,8,8,0,0,0,0,2,1,13,2,0,0,0,2,14,13,11,0,0,9
fit,optdigits.tra,3333,0,0,3,11,16,16,14,1,0,0,12,10,4,7,15,0,0,0,7,14,15,16,4,0,0,0,0,0,7,12,0,0,0,0,0,1,14,4,0,0,0,0,0,5,13,0,0,0,0,0,0,12,7,0,0,0,0,0,2,14,0,0,0,0,9
fit,optdigits.tra,3503,0,0,15,16,16,7,0,0,0,7,16,10,15,16,3,0,0,10,16,2,14,14,0,0,0,1,13,16,16,16,3,0,0,0,0,0,5,16,4,0,0,0,0,0,1,16,10,0,0,0,7,8,8,16,10,0,0,0,9,12,13,9,1,0,9
fit,optdigits.tra,2444,0,0,9,16,9,1,0,0,0,2,16,13,16,11,0,0,0,9,13,0,10,16,4,0,0,4,15,12,13,16,6,0,0,0,5,12,13,16,7,0,0,0,0,0,0,15,8,0,0,0,9,6,11,16,2,0,0,0,9,13,11,3,0,0,9
validation,optdigits.tra,1029,0,0,7,13,12,9,1,0,0,3,15,5,5,16,4,0,0,3,15,2,7,16,1,0,0,0,5,15,16,15,4,0,0,0,0,0,0,11,7,0,0,1,4,0,0,9,7,0,0,3,13,1,0,10,8,0,0,0,9,15,16,16,1,0,9
validation,optdigits.tra,3667,0,0,6,14,13,2,0,0,0,10,16,9,16,12,0,0,0,5,16,16,16,16,3,0,0,0,5,9,5,8,8,0,0,0,0,0,0,8,8,0,0,0,0,0,1,12,8,0,0,0,5,16,16,15,3,0,0,0,4,15,9,2,0,0,9
validation,optdigits.tra,138,0,0,1,7,16,2,0,0,0,0,14,13,12,10,1,0,0,3,14,0,3,16,4,0,0,1,15,16,15,16,0,0,0,0,2,7,2,10,3,0,0,0,0,0,0,11,2,0,0,0,0,9,2,10,4,0,0,0,0,9,16,12,1,0,9
validation,optdigits.tra,3088,0,0,4,15,10,5,0,0,0,0,15,10,13,16,2,0,0,4,15,1,9,16,4,0,0,0,14,14,16,16,4,0,0,0,1,4,2,15,5,0,0,0,1,0,0,13,6,0,0,7,16,8,9,15,5,0,0,0,6,12,13,11,1,0,9
validation,optdigits.tra,1836,0,0,0,3,11,15,1,0,0,0,6,16,16,16,9,0,0,2,16,16,16,13,14,0,0,0,11,8,1,9,9,0,0,0,0,0,1,15,0,0,0,0,0,0,6,10,0,0,0,0,0,0,12,3,0,0,0,0,0,0,13,0,0,0,9
validation,optdigits.tra,2314,0,0,7,16,15,3,0,0,0,0,14,13,13,13,1,0,0,0,12,11,8,16,6,0,0,0,2,14,16,16,8,0,0,0,0,2,4,13,9,0,0,0,0,0,0,12,10,0,0,1,13,4,4,14,10,0,0,0,5,15,16,16,8,0,9
validation,optdigits.tra,859,0,0,4,12,12,1,0,0,0,1,15,16,16,8,0,0,0,6,16,16,16,16,1,0,0,1,4,5,7,16,4,0,0,0,0,0,1,16,8,0,0,0,0,0,2,16,7,0,0,0,10,8,13,14,1,0,0,0,7,16,9,1,0,0,9
validation,optdigits.tra,115,0,0,4,12,14,9,1,0,0,1,16,13,9,16,7,0,0,7,16,1,4,16,4,0,0,8,13,4,12,16,4,0,0,2,14,14,16,9,0,0,0,0,0,7,16,2,0,0,0,0,1,14,11,0,0,0,0,0,4,16,5,0,0,0,9
validation,optdigits.tra,3248,0,0,4,13,13,2,0,0,0,2,15,7,4,7,0,0,0,6,12,0,5,9,0,0,0,3,11,3,7,14,1,0,0,0,6,15,16,14,4,0,0,0,0,0,0,4,11,0,0,0,0,0,0,4,15,0,0,0,3,13,16,16,8,0,9
validation,optdigits.tra,2199,0,0,7,16,15,1,0,0,0,1,16,5,12,16,6,0,0,2,15,1,4,16,6,0,0,1,13,16,16,16,5,0,0,0,0,1,0,11,8,0,0,0,0,0,0,11,7,0,0,7,14,9,10,16,3,0,0,1,9,14,15,9,0,0,9
validation,optdigits.tra,3459,0,0,11,11,2,0,0,0,0,0,12,14,15,2,0,0,0,0,10,8,6,16,0,0,0,0,7,13,7,16,2,0,0,0,0,11,12,14,5,0,0,0,0,0,0,8,10,0,0,0,7,10,10,14,15,0,0,0,7,12,16,16,12,1,9
validation,optdigits.tra,1209,0,0,12,10,2,0,0,0,0,2,16,8,10,2,0,0,0,0,16,0,10,10,0,0,0,0,5,10,12,15,0,0,0,0,0,6,8,14,3,0,0,0,0,0,0,5,12,0,0,0,0,1,4,9,13,0,0,0,10,15,16,15,5,0,9
validation,optdigits.tra,1979,0,0,2,14,16,15,9,0,0,1,14,11,5,9,14,0,0,4,14,0,3,12,11,0,0,6,13,9,15,15,1,0,0,2,13,15,15,11,0,0,0,0,0,4,15,0,0,0,0,0,1,13,11,0,0,0,0,0,3,16,5,0,0,0,9
validation,optdigits.tra,1325,0,0,6,15,13,3,0,0,0,5,15,6,13,15,3,0,0,10,11,0,13,16,5,0,0,4,15,14,16,15,1,0,0,0,0,1,12,9,0,0,0,0,0,8,15,1,0,0,0,0,1,14,8,0,0,0,0,0,6,15,0,0,0,0,9
validation,optdigits.tra,1534,0,0,6,13,15,9,0,0,0,4,15,8,4,16,4,0,0,8,9,0,0,15,8,0,0,7,15,9,10,16,8,0,0,0,5,8,5,12,8,0,0,0,0,0,0,12,8,0,0,0,11,9,3,14,3,0,0,0,4,15,16,7,0,0,9
assessment,optdigits.tes,1544,0,0,9,13,15,10,1,0,0,1,15,5,7,16,5,0,0,0,15,7,10,16,6,0,0,0,2,7,7,10,8,0,0,0,0,0,0,8,8,0,0,0,0,0,0,11,5,0,0,0,14,6,10,12,0,0,0,0,9,16,12,1,0,0,9
assessment,optdigits.tes,1263,0,2,14,16,16,7,0,0,0,6,15,5,6,13,0,0,0,4,15,0,9,16,6,0,0,2,13,16,16,15,9,0,0,0,1,4,2,15,8,0,0,0,0,0,1,16,6,0,0,0,0,1,12,15,2,0,0,1,14,16,16,6,0,0,9
assessment,optdigits.tes,1613,0,0,0,2,9,13,6,0,0,0,11,15,8,9,10,0,0,3,16,10,4,13,5,0,0,1,15,16,15,15,7,0,0,0,0,0,1,14,1,0,0,0,0,0,11,6,0,0,0,0,0,1,13,0,0,0,0,0,0,5,4,0,0,0,9
assessment,optdigits.tes,492,0,0,6,12,11,0,0,0,0,2,16,14,14,11,0,0,0,8,15,1,8,16,0,0,0,3,15,5,11,16,5,0,0,0,11,16,15,14,8,0,0,0,4,2,3,6,12,0,0,2,16,13,10,14,12,0,0,0,8,12,13,13,5,0,9
assessment,optdigits.tes,106,0,0,9,15,5,0,0,0,0,0,13,14,13,7,0,0,0,0,6,14,10,13,1,0,0,0,0,9,12,15,5,0,0,0,0,0,0,10,10,0,0,0,0,0,0,7,14,0,0,0,3,8,9,15,15,0,0,0,5,12,12,9,1,0,9
assessment,optdigits.tes,1787,0,0,4,14,15,6,0,0,0,5,16,16,16,16,0,0,0,5,16,16,16,16,3,0,0,0,2,8,13,16,5,0,0,0,0,0,8,16,6,0,0,0,0,0,4,16,8,0,0,0,1,6,13,16,6,0,0,0,4,13,15,9,0,0,9
assessment,optdigits.tes,925,0,0,7,14,10,0,0,0,0,7,15,4,9,11,0,0,0,9,13,0,7,16,0,0,0,3,15,16,16,16,3,0,0,0,0,4,4,12,8,0,0,0,0,0,0,4,12,0,0,0,11,5,0,7,13,0,0,0,5,13,16,14,6,0,9
assessment,optdigits.tes,1793,0,0,4,10,13,6,0,0,0,1,16,14,12,16,3,0,0,4,16,6,3,16,4,0,0,0,12,16,16,16,5,0,0,0,0,4,4,16,8,0,0,0,0,0,0,15,5,0,0,0,5,7,7,16,4,0,0,0,2,14,15,9,0,0,9
assessment,optdigits.tes,676,0,0,0,1,7,14,14,0,0,0,3,15,7,1,14,0,0,2,16,10,5,14,8,0,0,4,15,16,12,16,5,0,0,0,5,3,1,15,0,0,0,0,0,0,4,12,0,0,0,0,0,0,7,10,0,0,0,0,0,0,7,12,0,0,9
assessment,optdigits.tes,1563,0,0,0,7,16,16,11,0,0,0,6,16,16,16,16,0,0,0,11,16,16,16,9,0,0,0,2,9,11,14,10,0,0,0,0,0,0,10,6,0,0,0,0,0,4,11,1,0,0,0,0,2,14,2,0,0,0,0,0,11,3,0,0,0,9
assessment,optdigits.tes,684,0,0,0,1,12,16,14,0,0,0,3,14,13,15,13,0,0,4,16,15,13,16,4,0,0,3,16,16,16,16,3,0,0,0,7,7,14,14,0,0,0,0,0,0,12,11,0,0,0,0,0,0,13,10,0,0,0,0,0,0,13,12,0,0,9
assessment,optdigits.tes,1555,0,0,0,1,9,14,7,0,0,0,5,14,9,8,10,0,0,2,14,16,11,13,3,0,0,3,16,16,16,16,5,0,0,0,6,7,1,11,7,0,0,0,0,0,1,13,3,0,0,0,0,0,6,8,0,0,0,0,0,0,10,0,0,0,9
assessment,optdigits.tes,846,0,0,1,7,13,10,0,0,0,2,13,14,14,16,4,0,0,4,16,5,12,16,2,0,0,0,6,11,12,16,5,0,0,0,0,0,0,15,8,0,0,1,1,0,0,13,11,0,0,0,12,8,4,13,8,0,0,0,0,7,15,16,10,0,9
assessment,optdigits.tes,1283,0,0,9,16,16,10,0,0,0,2,16,9,11,11,0,0,0,0,15,7,12,16,3,0,0,0,7,16,15,15,7,0,0,0,0,0,0,10,10,0,0,0,0,0,0,11,10,0,0,0,11,2,6,16,6,0,0,0,9,16,16,11,1,0,9
assessment,optdigits.tes,1663,0,0,7,15,16,12,0,0,0,12,16,11,16,13,0,0,0,15,16,16,14,5,0,0,0,8,16,12,0,0,0,0,0,0,2,12,9,0,0,0,0,0,0,9,13,0,0,0,0,0,2,16,8,0,0,0,0,0,10,12,1,0,0,0,9
assessment,optdigits.tes,1445,0,0,8,13,14,5,0,0,0,5,13,4,11,9,0,0,0,4,13,1,12,14,0,0,0,0,8,14,11,12,4,0,0,0,0,0,0,7,8,0,0,0,0,0,0,4,8,0,0,0,2,2,0,11,7,0,0,0,8,16,16,13,2,0,9
assessment,optdigits.tes,120,0,0,0,12,14,1,0,0,0,0,9,16,10,5,0,0,0,0,8,13,5,14,0,0,0,0,2,14,16,16,4,0,0,0,0,0,4,10,10,0,0,0,0,0,0,4,16,0,0,0,2,6,4,9,16,0,0,0,1,11,16,15,7,0,9
assessment,optdigits.tes,1286,0,0,9,15,13,3,0,0,0,2,14,2,6,5,0,0,0,4,9,0,0,15,4,0,0,1,13,5,7,16,6,0,0,0,2,7,7,14,3,0,0,0,0,0,1,14,1,0,0,0,3,1,10,9,0,0,0,0,11,15,9,1,0,0,9
assessment,optdigits.tes,666,0,0,0,1,7,15,11,0,0,0,0,11,8,3,13,0,0,0,10,6,2,12,11,0,0,1,16,12,16,16,7,0,0,2,16,14,7,12,2,0,0,0,0,0,3,11,0,0,0,0,0,0,7,9,0,0,0,0,0,0,9,6,0,0,9
assessment,optdigits.tes,1741,0,0,8,16,11,0,0,0,0,2,15,8,16,7,0,0,0,3,13,1,14,13,0,0,0,0,10,16,16,16,3,0,0,0,0,2,5,15,4,0,0,0,0,0,0,12,6,0,0,0,5,6,5,15,4,0,0,0,6,15,16,12,1,0,9
assessment,optdigits.tes,1231,0,0,9,16,16,7,0,0,0,2,16,11,4,15,2,0,0,4,16,2,2,16,6,0,0,0,13,11,13,16,10,0,0,0,1,10,13,16,6,0,0,0,0,0,3,16,7,0,0,0,0,2,13,14,1,0,0,0,11,15,15,6,0,0,9
assessment,optdigits.tes,806,0,0,2,10,16,6,0,0,0,0,10,16,16,14,0,0,0,0,15,10,16,16,2,0,0,0,12,16,12,13,8,0,0,0,1,7,1,10,11,0,0,5,5,0,0,8,12,0,0,3,15,10,2,11,12,0,0,0,3,10,16,16,10,0,9
assessment,optdigits.tes,416,0,0,3,14,10,3,0,0,0,0,10,14,13,15,1,0,0,0,12,4,4,16,4,0,0,0,6,15,15,16,8,0,0,0,1,8,8,14,8,0,0,0,2,0,0,9,11,0,0,0,16,10,8,12,12,0,0,0,7,12,14,14,6,0,9
assessment,optdigits.tes,1133,0,0,12,16,15,6,0,0,0,0,15,12,7,15,1,0,0,1,15,15,7,16,4,0,0,1,12,16,16,14,1,0,0,0,0,4,10,13,0,0,0,0,0,0,1,15,3,0,0,0,3,0,2,16,6,0,0,0,13,16,16,15,1,0,9
assessment,optdigits.tes,286,0,0,9,16,12,2,0,0,0,0,16,3,5,10,0,0,0,0,13,4,14,16,4,0,0,0,4,16,16,16,7,0,0,0,0,3,4,10,4,0,0,0,0,0,0,8,6,0,0,0,12,1,1,13,3,0,0,0,8,15,16,9,0,0,9
assessment,optdigits.tes,1156,0,0,15,15,10,2,0,0,0,0,16,5,8,11,0,0,0,0,9,12,1,14,4,0,0,0,6,16,16,15,2,0,0,0,0,4,11,1,0,0,0,0,0,0,7,7,0,0,0,0,0,0,2,11,0,0,0,0,10,12,13,11,0,0,9
assessment,optdigits.tes,1021,0,0,6,12,13,2,0,0,0,3,16,6,1,15,0,0,0,5,16,13,12,16,2,0,0,2,13,16,12,15,4,0,0,0,0,0,0,8,8,0,0,0,1,0,0,8,8,0,0,3,16,2,0,10,7,0,0,0,5,11,16,13,1,0,9
assessment,optdigits.tes,1177,0,0,8,16,10,2,0,0,0,0,12,13,14,11,0,0,0,0,10,13,8,16,2,0,0,0,4,15,15,16,8,0,0,0,0,3,8,11,13,0,0,0,0,0,0,5,16,4,0,0,1,2,2,7,16,5,0,0,3,14,16,16,11,1,9
assessment,optdigits.tes,1007,0,1,12,16,10,1,0,0,0,8,12,3,11,8,0,0,0,12,13,6,12,8,0,0,0,3,15,16,16,16,1,0,0,0,0,0,0,13,6,0,0,0,0,0,0,6,11,0,0,0,13,0,0,5,12,0,0,0,12,16,16,16,8,0,9
assessment,optdigits.tes,1250,0,1,7,13,14,3,0,0,0,10,13,2,5,10,0,0,0,12,4,0,7,16,0,0,0,6,10,9,13,15,1,0,0,0,2,4,0,14,4,0,0,0,0,0,0,13,2,0,0,0,6,0,5,14,0,0,0,0,5,14,14,5,0,0,9
